video_id,subject,action,camera,repetition,setup
S006C001P001R001A005_rgb.avi,001,005,001,001,006
S006C001P001R001A006_rgb.avi,001,006,001,001,006
S006C001P001R001A007_rgb.avi,001,007,001,001,006
S006C001P001R001A008_rgb.avi,001,008,001,001,006
S006C001P001R001A009_rgb.avi,001,009,001,001,006
S006C001P001R001A014_rgb.avi,001,014,001,001,006
S006C001P001R001A015_rgb.avi,001,015,001,001,006
S006C001P001R002A005_rgb.avi,001,005,001,002,006
S006C001P001R002A006_rgb.avi,001,006,001,002,006
S006C001P001R002A007_rgb.avi,001,007,001,002,006
S006C001P001R002A008_rgb.avi,001,008,001,002,006
S006C001P001R002A009_rgb.avi,001,009,001,002,006
S006C001P001R002A014_rgb.avi,001,014,001,002,006
S006C001P001R002A015_rgb.avi,001,015,001,002,006
S006C001P007R001A005_rgb.avi,007,005,001,001,006
S006C001P007R001A006_rgb.avi,007,006,001,001,006
S006C001P007R001A007_rgb.avi,007,007,001,001,006
S006C001P007R001A008_rgb.avi,007,008,001,001,006
S006C001P007R001A009_rgb.avi,007,009,001,001,006
S006C001P007R001A014_rgb.avi,007,014,001,001,006
S006C001P007R001A015_rgb.avi,007,015,001,001,006
S006C001P007R002A005_rgb.avi,007,005,001,002,006
S006C001P007R002A006_rgb.avi,007,006,001,002,006
S006C001P007R002A007_rgb.avi,007,007,001,002,006
S006C001P007R002A008_rgb.avi,007,008,001,002,006
S006C001P007R002A009_rgb.avi,007,009,001,002,006
S006C001P007R002A014_rgb.avi,007,014,001,002,006
S006C001P007R002A015_rgb.avi,007,015,001,002,006
S006C001P008R001A005_rgb.avi,008,005,001,001,006
S006C001P008R001A006_rgb.avi,008,006,001,001,006
S006C001P008R001A007_rgb.avi,008,007,001,001,006
S006C001P008R001A008_rgb.avi,008,008,001,001,006
S006C001P008R001A009_rgb.avi,008,009,001,001,006
S006C001P008R001A014_rgb.avi,008,014,001,001,006
S006C001P008R001A015_rgb.avi,008,015,001,001,006
S006C001P008R002A005_rgb.avi,008,005,001,002,006
S006C001P008R002A006_rgb.avi,008,006,001,002,006
S006C001P008R002A007_rgb.avi,008,007,001,002,006
S006C001P008R002A008_rgb.avi,008,008,001,002,006
S006C001P008R002A009_rgb.avi,008,009,001,002,006
S006C001P008R002A014_rgb.avi,008,014,001,002,006
S006C001P008R002A015_rgb.avi,008,015,001,002,006
S006C001P015R001A005_rgb.avi,015,005,001,001,006
S006C001P015R001A006_rgb.avi,015,006,001,001,006
S006C001P015R001A007_rgb.avi,015,007,001,001,006
S006C001P015R001A008_rgb.avi,015,008,001,001,006
S006C001P015R001A009_rgb.avi,015,009,001,001,006
S006C001P015R001A014_rgb.avi,015,014,001,001,006
S006C001P015R001A015_rgb.avi,015,015,001,001,006
S006C001P015R002A005_rgb.avi,015,005,001,002,006
S006C001P015R002A006_rgb.avi,015,006,001,002,006
S006C001P015R002A007_rgb.avi,015,007,001,002,006
S006C001P015R002A008_rgb.avi,015,008,001,002,006
S006C001P015R002A009_rgb.avi,015,009,001,002,006
S006C001P015R002A014_rgb.avi,015,014,001,002,006
S006C001P015R002A015_rgb.avi,015,015,001,002,006
S006C001P016R001A005_rgb.avi,016,005,001,001,006
S006C001P016R001A006_rgb.avi,016,006,001,001,006
S006C001P016R001A007_rgb.avi,016,007,001,001,006
S006C001P016R001A008_rgb.avi,016,008,001,001,006
S006C001P016R001A009_rgb.avi,016,009,001,001,006
S006C001P016R001A014_rgb.avi,016,014,001,001,006
S006C001P016R001A015_rgb.avi,016,015,001,001,006
S006C001P016R002A005_rgb.avi,016,005,001,002,006
S006C001P016R002A006_rgb.avi,016,006,001,002,006
S006C001P016R002A007_rgb.avi,016,007,001,002,006
S006C001P016R002A008_rgb.avi,016,008,001,002,006
S006C001P016R002A009_rgb.avi,016,009,001,002,006
S006C001P016R002A014_rgb.avi,016,014,001,002,006
S006C001P016R002A015_rgb.avi,016,015,001,002,006
S006C001P017R001A005_rgb.avi,017,005,001,001,006
S006C001P017R001A006_rgb.avi,017,006,001,001,006
S006C001P017R001A007_rgb.avi,017,007,001,001,006
S006C001P017R001A008_rgb.avi,017,008,001,001,006
S006C001P017R001A009_rgb.avi,017,009,001,001,006
S006C001P017R001A014_rgb.avi,017,014,001,001,006
S006C001P017R001A015_rgb.avi,017,015,001,001,006
S006C001P017R002A005_rgb.avi,017,005,001,002,006
S006C001P017R002A006_rgb.avi,017,006,001,002,006
S006C001P017R002A007_rgb.avi,017,007,001,002,006
S006C001P017R002A008_rgb.avi,017,008,001,002,006
S006C001P017R002A009_rgb.avi,017,009,001,002,006
S006C001P017R002A014_rgb.avi,017,014,001,002,006
S006C001P017R002A015_rgb.avi,017,015,001,002,006
S006C001P019R001A005_rgb.avi,019,005,001,001,006
S006C001P019R001A006_rgb.avi,019,006,001,001,006
S006C001P019R001A007_rgb.avi,019,007,001,001,006
S006C001P019R001A008_rgb.avi,019,008,001,001,006
S006C001P019R001A009_rgb.avi,019,009,001,001,006
S006C001P019R001A014_rgb.avi,019,014,001,001,006
S006C001P019R001A015_rgb.avi,019,015,001,001,006
S006C001P019R002A005_rgb.avi,019,005,001,002,006
S006C001P019R002A006_rgb.avi,019,006,001,002,006
S006C001P019R002A007_rgb.avi,019,007,001,002,006
S006C001P019R002A008_rgb.avi,019,008,001,002,006
S006C001P019R002A009_rgb.avi,019,009,001,002,006
S006C001P019R002A014_rgb.avi,019,014,001,002,006
S006C001P019R002A015_rgb.avi,019,015,001,002,006
S006C001P022R001A005_rgb.avi,022,005,001,001,006
S006C001P022R001A006_rgb.avi,022,006,001,001,006
S006C001P022R001A007_rgb.avi,022,007,001,001,006
S006C001P022R001A008_rgb.avi,022,008,001,001,006
S006C001P022R001A009_rgb.avi,022,009,001,001,006
S006C001P022R001A014_rgb.avi,022,014,001,001,006
S006C001P022R001A015_rgb.avi,022,015,001,001,006
S006C001P022R002A005_rgb.avi,022,005,001,002,006
S006C001P022R002A006_rgb.avi,022,006,001,002,006
S006C001P022R002A007_rgb.avi,022,007,001,002,006
S006C001P022R002A008_rgb.avi,022,008,001,002,006
S006C001P022R002A009_rgb.avi,022,009,001,002,006
S006C001P022R002A014_rgb.avi,022,014,001,002,006
S006C001P022R002A015_rgb.avi,022,015,001,002,006
S006C001P023R001A005_rgb.avi,023,005,001,001,006
S006C001P023R001A006_rgb.avi,023,006,001,001,006
S006C001P023R001A007_rgb.avi,023,007,001,001,006
S006C001P023R001A008_rgb.avi,023,008,001,001,006
S006C001P023R001A009_rgb.avi,023,009,001,001,006
S006C001P023R001A014_rgb.avi,023,014,001,001,006
S006C001P023R001A015_rgb.avi,023,015,001,001,006
S006C001P023R002A005_rgb.avi,023,005,001,002,006
S006C001P023R002A006_rgb.avi,023,006,001,002,006
S006C001P023R002A007_rgb.avi,023,007,001,002,006
S006C001P023R002A008_rgb.avi,023,008,001,002,006
S006C001P023R002A009_rgb.avi,023,009,001,002,006
S006C001P023R002A014_rgb.avi,023,014,001,002,006
S006C001P023R002A015_rgb.avi,023,015,001,002,006
S006C001P024R001A005_rgb.avi,024,005,001,001,006
S006C001P024R001A006_rgb.avi,024,006,001,001,006
S006C001P024R001A007_rgb.avi,024,007,001,001,006
S006C001P024R001A008_rgb.avi,024,008,001,001,006
S006C001P024R001A009_rgb.avi,024,009,001,001,006
S006C001P024R001A014_rgb.avi,024,014,001,001,006
S006C001P024R001A015_rgb.avi,024,015,001,001,006
S006C001P024R002A005_rgb.avi,024,005,001,002,006
S006C001P024R002A006_rgb.avi,024,006,001,002,006
S006C001P024R002A007_rgb.avi,024,007,001,002,006
S006C001P024R002A008_rgb.avi,024,008,001,002,006
S006C001P024R002A009_rgb.avi,024,009,001,002,006
S006C001P024R002A014_rgb.avi,024,014,001,002,006
S006C001P024R002A015_rgb.avi,024,015,001,002,006
S006C002P001R001A005_rgb.avi,001,005,002,001,006
S006C002P001R001A006_rgb.avi,001,006,002,001,006
S006C002P001R001A007_rgb.avi,001,007,002,001,006
S006C002P001R001A008_rgb.avi,001,008,002,001,006
S006C002P001R001A009_rgb.avi,001,009,002,001,006
S006C002P001R001A014_rgb.avi,001,014,002,001,006
S006C002P001R001A015_rgb.avi,001,015,002,001,006
S006C002P001R002A005_rgb.avi,001,005,002,002,006
S006C002P001R002A006_rgb.avi,001,006,002,002,006
S006C002P001R002A007_rgb.avi,001,007,002,002,006
S006C002P001R002A008_rgb.avi,001,008,002,002,006
S006C002P001R002A009_rgb.avi,001,009,002,002,006
S006C002P001R002A014_rgb.avi,001,014,002,002,006
S006C002P001R002A015_rgb.avi,001,015,002,002,006
S006C002P007R001A005_rgb.avi,007,005,002,001,006
S006C002P007R001A006_rgb.avi,007,006,002,001,006
S006C002P007R001A007_rgb.avi,007,007,002,001,006
S006C002P007R001A008_rgb.avi,007,008,002,001,006
S006C002P007R001A009_rgb.avi,007,009,002,001,006
S006C002P007R001A014_rgb.avi,007,014,002,001,006
S006C002P007R001A015_rgb.avi,007,015,002,001,006
S006C002P007R002A005_rgb.avi,007,005,002,002,006
S006C002P007R002A006_rgb.avi,007,006,002,002,006
S006C002P007R002A007_rgb.avi,007,007,002,002,006
S006C002P007R002A008_rgb.avi,007,008,002,002,006
S006C002P007R002A009_rgb.avi,007,009,002,002,006
S006C002P007R002A014_rgb.avi,007,014,002,002,006
S006C002P007R002A015_rgb.avi,007,015,002,002,006
S006C002P008R001A005_rgb.avi,008,005,002,001,006
S006C002P008R001A006_rgb.avi,008,006,002,001,006
S006C002P008R001A007_rgb.avi,008,007,002,001,006
S006C002P008R001A008_rgb.avi,008,008,002,001,006
S006C002P008R001A009_rgb.avi,008,009,002,001,006
S006C002P008R001A014_rgb.avi,008,014,002,001,006
S006C002P008R001A015_rgb.avi,008,015,002,001,006
S006C002P008R002A005_rgb.avi,008,005,002,002,006
S006C002P008R002A006_rgb.avi,008,006,002,002,006
S006C002P008R002A007_rgb.avi,008,007,002,002,006
S006C002P008R002A008_rgb.avi,008,008,002,002,006
S006C002P008R002A009_rgb.avi,008,009,002,002,006
S006C002P008R002A014_rgb.avi,008,014,002,002,006
S006C002P008R002A015_rgb.avi,008,015,002,002,006
S006C002P015R001A005_rgb.avi,015,005,002,001,006
S006C002P015R001A006_rgb.avi,015,006,002,001,006
S006C002P015R001A007_rgb.avi,015,007,002,001,006
S006C002P015R001A008_rgb.avi,015,008,002,001,006
S006C002P015R001A009_rgb.avi,015,009,002,001,006
S006C002P015R001A014_rgb.avi,015,014,002,001,006
S006C002P015R001A015_rgb.avi,015,015,002,001,006
S006C002P015R002A005_rgb.avi,015,005,002,002,006
S006C002P015R002A006_rgb.avi,015,006,002,002,006
S006C002P015R002A007_rgb.avi,015,007,002,002,006
S006C002P015R002A008_rgb.avi,015,008,002,002,006
S006C002P015R002A009_rgb.avi,015,009,002,002,006
S006C002P015R002A014_rgb.avi,015,014,002,002,006
S006C002P015R002A015_rgb.avi,015,015,002,002,006
S006C002P016R001A005_rgb.avi,016,005,002,001,006
S006C002P016R001A006_rgb.avi,016,006,002,001,006
S006C002P016R001A007_rgb.avi,016,007,002,001,006
S006C002P016R001A008_rgb.avi,016,008,002,001,006
S006C002P016R001A009_rgb.avi,016,009,002,001,006
S006C002P016R001A014_rgb.avi,016,014,002,001,006
S006C002P016R001A015_rgb.avi,016,015,002,001,006
S006C002P016R002A005_rgb.avi,016,005,002,002,006
S006C002P016R002A006_rgb.avi,016,006,002,002,006
S006C002P016R002A007_rgb.avi,016,007,002,002,006
S006C002P016R002A008_rgb.avi,016,008,002,002,006
S006C002P016R002A009_rgb.avi,016,009,002,002,006
S006C002P016R002A014_rgb.avi,016,014,002,002,006
S006C002P016R002A015_rgb.avi,016,015,002,002,006
S006C002P017R001A005_rgb.avi,017,005,002,001,006
S006C002P017R001A006_rgb.avi,017,006,002,001,006
S006C002P017R001A007_rgb.avi,017,007,002,001,006
S006C002P017R001A008_rgb.avi,017,008,002,001,006
S006C002P017R001A009_rgb.avi,017,009,002,001,006
S006C002P017R001A014_rgb.avi,017,014,002,001,006
S006C002P017R001A015_rgb.avi,017,015,002,001,006
S006C002P017R002A005_rgb.avi,017,005,002,002,006
S006C002P017R002A006_rgb.avi,017,006,002,002,006
S006C002P017R002A007_rgb.avi,017,007,002,002,006
S006C002P017R002A008_rgb.avi,017,008,002,002,006
S006C002P017R002A009_rgb.avi,017,009,002,002,006
S006C002P017R002A014_rgb.avi,017,014,002,002,006
S006C002P017R002A015_rgb.avi,017,015,002,002,006
S006C002P019R001A005_rgb.avi,019,005,002,001,006
S006C002P019R001A006_rgb.avi,019,006,002,001,006
S006C002P019R001A007_rgb.avi,019,007,002,001,006
S006C002P019R001A008_rgb.avi,019,008,002,001,006
S006C002P019R001A009_rgb.avi,019,009,002,001,006
S006C002P019R001A014_rgb.avi,019,014,002,001,006
S006C002P019R001A015_rgb.avi,019,015,002,001,006
S006C002P019R002A005_rgb.avi,019,005,002,002,006
S006C002P019R002A006_rgb.avi,019,006,002,002,006
S006C002P019R002A007_rgb.avi,019,007,002,002,006
S006C002P019R002A008_rgb.avi,019,008,002,002,006
S006C002P019R002A009_rgb.avi,019,009,002,002,006
S006C002P019R002A014_rgb.avi,019,014,002,002,006
S006C002P019R002A015_rgb.avi,019,015,002,002,006
S006C002P022R001A005_rgb.avi,022,005,002,001,006
S006C002P022R001A006_rgb.avi,022,006,002,001,006
S006C002P022R001A007_rgb.avi,022,007,002,001,006
S006C002P022R001A008_rgb.avi,022,008,002,001,006
S006C002P022R001A009_rgb.avi,022,009,002,001,006
S006C002P022R001A014_rgb.avi,022,014,002,001,006
S006C002P022R001A015_rgb.avi,022,015,002,001,006
S006C002P022R002A005_rgb.avi,022,005,002,002,006
S006C002P022R002A006_rgb.avi,022,006,002,002,006
S006C002P022R002A007_rgb.avi,022,007,002,002,006
S006C002P022R002A008_rgb.avi,022,008,002,002,006
S006C002P022R002A009_rgb.avi,022,009,002,002,006
S006C002P022R002A014_rgb.avi,022,014,002,002,006
S006C002P022R002A015_rgb.avi,022,015,002,002,006
S006C002P023R001A005_rgb.avi,023,005,002,001,006
S006C002P023R001A006_rgb.avi,023,006,002,001,006
S006C002P023R001A007_rgb.avi,023,007,002,001,006
S006C002P023R001A008_rgb.avi,023,008,002,001,006
S006C002P023R001A009_rgb.avi,023,009,002,001,006
S006C002P023R001A014_rgb.avi,023,014,002,001,006
S006C002P023R001A015_rgb.avi,023,015,002,001,006
S006C002P023R002A005_rgb.avi,023,005,002,002,006
S006C002P023R002A006_rgb.avi,023,006,002,002,006
S006C002P023R002A007_rgb.avi,023,007,002,002,006
S006C002P023R002A008_rgb.avi,023,008,002,002,006
S006C002P023R002A009_rgb.avi,023,009,002,002,006
S006C002P023R002A014_rgb.avi,023,014,002,002,006
S006C002P023R002A015_rgb.avi,023,015,002,002,006
S006C002P024R001A005_rgb.avi,024,005,002,001,006
S006C002P024R001A006_rgb.avi,024,006,002,001,006
S006C002P024R001A007_rgb.avi,024,007,002,001,006
S006C002P024R001A008_rgb.avi,024,008,002,001,006
S006C002P024R001A009_rgb.avi,024,009,002,001,006
S006C002P024R001A014_rgb.avi,024,014,002,001,006
S006C002P024R001A015_rgb.avi,024,015,002,001,006
S006C002P024R002A005_rgb.avi,024,005,002,002,006
S006C002P024R002A006_rgb.avi,024,006,002,002,006
S006C002P024R002A007_rgb.avi,024,007,002,002,006
S006C002P024R002A008_rgb.avi,024,008,002,002,006
S006C002P024R002A009_rgb.avi,024,009,002,002,006
S006C002P024R002A014_rgb.avi,024,014,002,002,006
S006C002P024R002A015_rgb.avi,024,015,002,002,006
S006C003P001R001A005_rgb.avi,001,005,003,001,006
S006C003P001R001A006_rgb.avi,001,006,003,001,006
S006C003P001R001A007_rgb.avi,001,007,003,001,006
S006C003P001R001A008_rgb.avi,001,008,003,001,006
S006C003P001R001A009_rgb.avi,001,009,003,001,006
S006C003P001R001A014_rgb.avi,001,014,003,001,006
S006C003P001R001A015_rgb.avi,001,015,003,001,006
S006C003P001R002A005_rgb.avi,001,005,003,002,006
S006C003P001R002A006_rgb.avi,001,006,003,002,006
S006C003P001R002A007_rgb.avi,001,007,003,002,006
S006C003P001R002A008_rgb.avi,001,008,003,002,006
S006C003P001R002A009_rgb.avi,001,009,003,002,006
S006C003P001R002A014_rgb.avi,001,014,003,002,006
S006C003P001R002A015_rgb.avi,001,015,003,002,006
S006C003P007R001A005_rgb.avi,007,005,003,001,006
S006C003P007R001A006_rgb.avi,007,006,003,001,006
S006C003P007R001A007_rgb.avi,007,007,003,001,006
S006C003P007R001A008_rgb.avi,007,008,003,001,006
S006C003P007R001A009_rgb.avi,007,009,003,001,006
S006C003P007R001A014_rgb.avi,007,014,003,001,006
S006C003P007R001A015_rgb.avi,007,015,003,001,006
S006C003P007R002A005_rgb.avi,007,005,003,002,006
S006C003P007R002A006_rgb.avi,007,006,003,002,006
S006C003P007R002A007_rgb.avi,007,007,003,002,006
S006C003P007R002A008_rgb.avi,007,008,003,002,006
S006C003P007R002A009_rgb.avi,007,009,003,002,006
S006C003P007R002A014_rgb.avi,007,014,003,002,006
S006C003P007R002A015_rgb.avi,007,015,003,002,006
S006C003P008R001A005_rgb.avi,008,005,003,001,006
S006C003P008R001A006_rgb.avi,008,006,003,001,006
S006C003P008R001A007_rgb.avi,008,007,003,001,006
S006C003P008R001A008_rgb.avi,008,008,003,001,006
S006C003P008R001A009_rgb.avi,008,009,003,001,006
S006C003P008R001A014_rgb.avi,008,014,003,001,006
S006C003P008R001A015_rgb.avi,008,015,003,001,006
S006C003P008R002A005_rgb.avi,008,005,003,002,006
S006C003P008R002A006_rgb.avi,008,006,003,002,006
S006C003P008R002A007_rgb.avi,008,007,003,002,006
S006C003P008R002A008_rgb.avi,008,008,003,002,006
S006C003P008R002A009_rgb.avi,008,009,003,002,006
S006C003P008R002A014_rgb.avi,008,014,003,002,006
S006C003P008R002A015_rgb.avi,008,015,003,002,006
S006C003P015R001A005_rgb.avi,015,005,003,001,006
S006C003P015R001A006_rgb.avi,015,006,003,001,006
S006C003P015R001A007_rgb.avi,015,007,003,001,006
S006C003P015R001A008_rgb.avi,015,008,003,001,006
S006C003P015R001A009_rgb.avi,015,009,003,001,006
S006C003P015R001A014_rgb.avi,015,014,003,001,006
S006C003P015R001A015_rgb.avi,015,015,003,001,006
S006C003P015R002A005_rgb.avi,015,005,003,002,006
S006C003P015R002A006_rgb.avi,015,006,003,002,006
S006C003P015R002A007_rgb.avi,015,007,003,002,006
S006C003P015R002A008_rgb.avi,015,008,003,002,006
S006C003P015R002A009_rgb.avi,015,009,003,002,006
S006C003P015R002A014_rgb.avi,015,014,003,002,006
S006C003P015R002A015_rgb.avi,015,015,003,002,006
S006C003P016R001A005_rgb.avi,016,005,003,001,006
S006C003P016R001A006_rgb.avi,016,006,003,001,006
S006C003P016R001A007_rgb.avi,016,007,003,001,006
S006C003P016R001A008_rgb.avi,016,008,003,001,006
S006C003P016R001A009_rgb.avi,016,009,003,001,006
S006C003P016R001A014_rgb.avi,016,014,003,001,006
S006C003P016R001A015_rgb.avi,016,015,003,001,006
S006C003P016R002A005_rgb.avi,016,005,003,002,006
S006C003P016R002A006_rgb.avi,016,006,003,002,006
S006C003P016R002A007_rgb.avi,016,007,003,002,006
S006C003P016R002A008_rgb.avi,016,008,003,002,006
S006C003P016R002A009_rgb.avi,016,009,003,002,006
S006C003P016R002A014_rgb.avi,016,014,003,002,006
S006C003P016R002A015_rgb.avi,016,015,003,002,006
S006C003P017R001A005_rgb.avi,017,005,003,001,006
S006C003P017R001A006_rgb.avi,017,006,003,001,006
S006C003P017R001A007_rgb.avi,017,007,003,001,006
S006C003P017R001A008_rgb.avi,017,008,003,001,006
S006C003P017R001A009_rgb.avi,017,009,003,001,006
S006C003P017R001A014_rgb.avi,017,014,003,001,006
S006C003P017R001A015_rgb.avi,017,015,003,001,006
S006C003P017R002A005_rgb.avi,017,005,003,002,006
S006C003P017R002A006_rgb.avi,017,006,003,002,006
S006C003P017R002A007_rgb.avi,017,007,003,002,006
S006C003P017R002A008_rgb.avi,017,008,003,002,006
S006C003P017R002A009_rgb.avi,017,009,003,002,006
S006C003P017R002A014_rgb.avi,017,014,003,002,006
S006C003P017R002A015_rgb.avi,017,015,003,002,006
S006C003P019R001A005_rgb.avi,019,005,003,001,006
S006C003P019R001A006_rgb.avi,019,006,003,001,006
S006C003P019R001A007_rgb.avi,019,007,003,001,006
S006C003P019R001A008_rgb.avi,019,008,003,001,006
S006C003P019R001A009_rgb.avi,019,009,003,001,006
S006C003P019R001A014_rgb.avi,019,014,003,001,006
S006C003P019R001A015_rgb.avi,019,015,003,001,006
S006C003P019R002A005_rgb.avi,019,005,003,002,006
S006C003P019R002A006_rgb.avi,019,006,003,002,006
S006C003P019R002A007_rgb.avi,019,007,003,002,006
S006C003P019R002A008_rgb.avi,019,008,003,002,006
S006C003P019R002A009_rgb.avi,019,009,003,002,006
S006C003P019R002A014_rgb.avi,019,014,003,002,006
S006C003P019R002A015_rgb.avi,019,015,003,002,006
S006C003P022R001A005_rgb.avi,022,005,003,001,006
S006C003P022R001A006_rgb.avi,022,006,003,001,006
S006C003P022R001A007_rgb.avi,022,007,003,001,006
S006C003P022R001A008_rgb.avi,022,008,003,001,006
S006C003P022R001A009_rgb.avi,022,009,003,001,006
S006C003P022R001A014_rgb.avi,022,014,003,001,006
S006C003P022R001A015_rgb.avi,022,015,003,001,006
S006C003P022R002A005_rgb.avi,022,005,003,002,006
S006C003P022R002A006_rgb.avi,022,006,003,002,006
S006C003P022R002A007_rgb.avi,022,007,003,002,006
S006C003P022R002A008_rgb.avi,022,008,003,002,006
S006C003P022R002A009_rgb.avi,022,009,003,002,006
S006C003P022R002A014_rgb.avi,022,014,003,002,006
S006C003P022R002A015_rgb.avi,022,015,003,002,006
S006C003P023R001A005_rgb.avi,023,005,003,001,006
S006C003P023R001A006_rgb.avi,023,006,003,001,006
S006C003P023R001A007_rgb.avi,023,007,003,001,006
S006C003P023R001A008_rgb.avi,023,008,003,001,006
S006C003P023R001A009_rgb.avi,023,009,003,001,006
S006C003P023R001A014_rgb.avi,023,014,003,001,006
S006C003P023R001A015_rgb.avi,023,015,003,001,006
S006C003P023R002A005_rgb.avi,023,005,003,002,006
S006C003P023R002A006_rgb.avi,023,006,003,002,006
S006C003P023R002A007_rgb.avi,023,007,003,002,006
S006C003P023R002A008_rgb.avi,023,008,003,002,006
S006C003P023R002A009_rgb.avi,023,009,003,002,006
S006C003P023R002A014_rgb.avi,023,014,003,002,006
S006C003P023R002A015_rgb.avi,023,015,003,002,006
S006C003P024R001A005_rgb.avi,024,005,003,001,006
S006C003P024R001A006_rgb.avi,024,006,003,001,006
S006C003P024R001A007_rgb.avi,024,007,003,001,006
S006C003P024R001A008_rgb.avi,024,008,003,001,006
S006C003P024R001A009_rgb.avi,024,009,003,001,006
S006C003P024R001A014_rgb.avi,024,014,003,001,006
S006C003P024R001A015_rgb.avi,024,015,003,001,006
S006C003P024R002A005_rgb.avi,024,005,003,002,006
S006C003P024R002A006_rgb.avi,024,006,003,002,006
S006C003P024R002A007_rgb.avi,024,007,003,002,006
S006C003P024R002A008_rgb.avi,024,008,003,002,006
S006C003P024R002A009_rgb.avi,024,009,003,002,006
S006C003P024R002A014_rgb.avi,024,014,003,002,006
S006C003P024R002A015_rgb.avi,024,015,003,002,006
S007C001P001R001A005_rgb.avi,001,005,001,001,007
S007C001P001R001A006_rgb.avi,001,006,001,001,007
S007C001P001R001A007_rgb.avi,001,007,001,001,007
S007C001P001R001A008_rgb.avi,001,008,001,001,007
S007C001P001R001A009_rgb.avi,001,009,001,001,007
S007C001P001R001A014_rgb.avi,001,014,001,001,007
S007C001P001R001A015_rgb.avi,001,015,001,001,007
S007C001P001R002A005_rgb.avi,001,005,001,002,007
S007C001P001R002A006_rgb.avi,001,006,001,002,007
S007C001P001R002A007_rgb.avi,001,007,001,002,007
S007C001P001R002A008_rgb.avi,001,008,001,002,007
S007C001P001R002A009_rgb.avi,001,009,001,002,007
S007C001P001R002A014_rgb.avi,001,014,001,002,007
S007C001P001R002A015_rgb.avi,001,015,001,002,007
S007C001P007R001A005_rgb.avi,007,005,001,001,007
S007C001P007R001A006_rgb.avi,007,006,001,001,007
S007C001P007R001A007_rgb.avi,007,007,001,001,007
S007C001P007R001A008_rgb.avi,007,008,001,001,007
S007C001P007R001A009_rgb.avi,007,009,001,001,007
S007C001P007R001A014_rgb.avi,007,014,001,001,007
S007C001P007R001A015_rgb.avi,007,015,001,001,007
S007C001P007R002A005_rgb.avi,007,005,001,002,007
S007C001P007R002A006_rgb.avi,007,006,001,002,007
S007C001P007R002A007_rgb.avi,007,007,001,002,007
S007C001P007R002A008_rgb.avi,007,008,001,002,007
S007C001P007R002A009_rgb.avi,007,009,001,002,007
S007C001P007R002A014_rgb.avi,007,014,001,002,007
S007C001P007R002A015_rgb.avi,007,015,001,002,007
S007C001P008R001A005_rgb.avi,008,005,001,001,007
S007C001P008R001A006_rgb.avi,008,006,001,001,007
S007C001P008R001A007_rgb.avi,008,007,001,001,007
S007C001P008R001A008_rgb.avi,008,008,001,001,007
S007C001P008R001A009_rgb.avi,008,009,001,001,007
S007C001P008R001A014_rgb.avi,008,014,001,001,007
S007C001P008R001A015_rgb.avi,008,015,001,001,007
S007C001P008R002A005_rgb.avi,008,005,001,002,007
S007C001P008R002A006_rgb.avi,008,006,001,002,007
S007C001P008R002A007_rgb.avi,008,007,001,002,007
S007C001P008R002A008_rgb.avi,008,008,001,002,007
S007C001P008R002A009_rgb.avi,008,009,001,002,007
S007C001P008R002A014_rgb.avi,008,014,001,002,007
S007C001P008R002A015_rgb.avi,008,015,001,002,007
S007C001P015R001A005_rgb.avi,015,005,001,001,007
S007C001P015R001A006_rgb.avi,015,006,001,001,007
S007C001P015R001A007_rgb.avi,015,007,001,001,007
S007C001P015R001A008_rgb.avi,015,008,001,001,007
S007C001P015R001A009_rgb.avi,015,009,001,001,007
S007C001P015R001A014_rgb.avi,015,014,001,001,007
S007C001P015R001A015_rgb.avi,015,015,001,001,007
S007C001P015R002A005_rgb.avi,015,005,001,002,007
S007C001P015R002A006_rgb.avi,015,006,001,002,007
S007C001P015R002A007_rgb.avi,015,007,001,002,007
S007C001P015R002A008_rgb.avi,015,008,001,002,007
S007C001P015R002A009_rgb.avi,015,009,001,002,007
S007C001P015R002A014_rgb.avi,015,014,001,002,007
S007C001P015R002A015_rgb.avi,015,015,001,002,007
S007C001P016R001A005_rgb.avi,016,005,001,001,007
S007C001P016R001A006_rgb.avi,016,006,001,001,007
S007C001P016R001A007_rgb.avi,016,007,001,001,007
S007C001P016R001A008_rgb.avi,016,008,001,001,007
S007C001P016R001A009_rgb.avi,016,009,001,001,007
S007C001P016R001A014_rgb.avi,016,014,001,001,007
S007C001P016R001A015_rgb.avi,016,015,001,001,007
S007C001P016R002A005_rgb.avi,016,005,001,002,007
S007C001P016R002A006_rgb.avi,016,006,001,002,007
S007C001P016R002A007_rgb.avi,016,007,001,002,007
S007C001P016R002A008_rgb.avi,016,008,001,002,007
S007C001P016R002A009_rgb.avi,016,009,001,002,007
S007C001P016R002A014_rgb.avi,016,014,001,002,007
S007C001P016R002A015_rgb.avi,016,015,001,002,007
S007C001P017R001A005_rgb.avi,017,005,001,001,007
S007C001P017R001A006_rgb.avi,017,006,001,001,007
S007C001P017R001A007_rgb.avi,017,007,001,001,007
S007C001P017R001A008_rgb.avi,017,008,001,001,007
S007C001P017R001A009_rgb.avi,017,009,001,001,007
S007C001P017R001A014_rgb.avi,017,014,001,001,007
S007C001P017R001A015_rgb.avi,017,015,001,001,007
S007C001P017R002A005_rgb.avi,017,005,001,002,007
S007C001P017R002A006_rgb.avi,017,006,001,002,007
S007C001P017R002A007_rgb.avi,017,007,001,002,007
S007C001P017R002A008_rgb.avi,017,008,001,002,007
S007C001P017R002A009_rgb.avi,017,009,001,002,007
S007C001P017R002A014_rgb.avi,017,014,001,002,007
S007C001P017R002A015_rgb.avi,017,015,001,002,007
S007C001P018R001A005_rgb.avi,018,005,001,001,007
S007C001P018R001A006_rgb.avi,018,006,001,001,007
S007C001P018R001A007_rgb.avi,018,007,001,001,007
S007C001P018R001A008_rgb.avi,018,008,001,001,007
S007C001P018R001A009_rgb.avi,018,009,001,001,007
S007C001P018R001A014_rgb.avi,018,014,001,001,007
S007C001P018R001A015_rgb.avi,018,015,001,001,007
S007C001P018R002A005_rgb.avi,018,005,001,002,007
S007C001P018R002A006_rgb.avi,018,006,001,002,007
S007C001P018R002A007_rgb.avi,018,007,001,002,007
S007C001P018R002A008_rgb.avi,018,008,001,002,007
S007C001P018R002A009_rgb.avi,018,009,001,002,007
S007C001P018R002A014_rgb.avi,018,014,001,002,007
S007C001P018R002A015_rgb.avi,018,015,001,002,007
S007C001P019R001A005_rgb.avi,019,005,001,001,007
S007C001P019R001A006_rgb.avi,019,006,001,001,007
S007C001P019R001A007_rgb.avi,019,007,001,001,007
S007C001P019R001A008_rgb.avi,019,008,001,001,007
S007C001P019R001A009_rgb.avi,019,009,001,001,007
S007C001P019R001A014_rgb.avi,019,014,001,001,007
S007C001P019R001A015_rgb.avi,019,015,001,001,007
S007C001P019R002A005_rgb.avi,019,005,001,002,007
S007C001P019R002A006_rgb.avi,019,006,001,002,007
S007C001P019R002A007_rgb.avi,019,007,001,002,007
S007C001P019R002A008_rgb.avi,019,008,001,002,007
S007C001P019R002A009_rgb.avi,019,009,001,002,007
S007C001P019R002A014_rgb.avi,019,014,001,002,007
S007C001P019R002A015_rgb.avi,019,015,001,002,007
S007C001P025R001A005_rgb.avi,025,005,001,001,007
S007C001P025R001A006_rgb.avi,025,006,001,001,007
S007C001P025R001A007_rgb.avi,025,007,001,001,007
S007C001P025R001A008_rgb.avi,025,008,001,001,007
S007C001P025R001A009_rgb.avi,025,009,001,001,007
S007C001P025R001A014_rgb.avi,025,014,001,001,007
S007C001P025R001A015_rgb.avi,025,015,001,001,007
S007C001P025R002A005_rgb.avi,025,005,001,002,007
S007C001P025R002A006_rgb.avi,025,006,001,002,007
S007C001P025R002A007_rgb.avi,025,007,001,002,007
S007C001P025R002A008_rgb.avi,025,008,001,002,007
S007C001P025R002A009_rgb.avi,025,009,001,002,007
S007C001P025R002A014_rgb.avi,025,014,001,002,007
S007C001P025R002A015_rgb.avi,025,015,001,002,007
S007C001P026R001A005_rgb.avi,026,005,001,001,007
S007C001P026R001A006_rgb.avi,026,006,001,001,007
S007C001P026R001A007_rgb.avi,026,007,001,001,007
S007C001P026R001A008_rgb.avi,026,008,001,001,007
S007C001P026R001A009_rgb.avi,026,009,001,001,007
S007C001P026R001A014_rgb.avi,026,014,001,001,007
S007C001P026R001A015_rgb.avi,026,015,001,001,007
S007C001P026R002A005_rgb.avi,026,005,001,002,007
S007C001P026R002A006_rgb.avi,026,006,001,002,007
S007C001P026R002A007_rgb.avi,026,007,001,002,007
S007C001P026R002A008_rgb.avi,026,008,001,002,007
S007C001P026R002A009_rgb.avi,026,009,001,002,007
S007C001P026R002A014_rgb.avi,026,014,001,002,007
S007C001P026R002A015_rgb.avi,026,015,001,002,007
S007C001P027R001A005_rgb.avi,027,005,001,001,007
S007C001P027R001A006_rgb.avi,027,006,001,001,007
S007C001P027R001A007_rgb.avi,027,007,001,001,007
S007C001P027R001A008_rgb.avi,027,008,001,001,007
S007C001P027R001A009_rgb.avi,027,009,001,001,007
S007C001P027R001A014_rgb.avi,027,014,001,001,007
S007C001P027R001A015_rgb.avi,027,015,001,001,007
S007C001P027R002A005_rgb.avi,027,005,001,002,007
S007C001P027R002A006_rgb.avi,027,006,001,002,007
S007C001P027R002A007_rgb.avi,027,007,001,002,007
S007C001P027R002A008_rgb.avi,027,008,001,002,007
S007C001P027R002A009_rgb.avi,027,009,001,002,007
S007C001P027R002A014_rgb.avi,027,014,001,002,007
S007C001P027R002A015_rgb.avi,027,015,001,002,007
S007C001P028R001A005_rgb.avi,028,005,001,001,007
S007C001P028R001A006_rgb.avi,028,006,001,001,007
S007C001P028R001A007_rgb.avi,028,007,001,001,007
S007C001P028R001A008_rgb.avi,028,008,001,001,007
S007C001P028R001A009_rgb.avi,028,009,001,001,007
S007C001P028R001A014_rgb.avi,028,014,001,001,007
S007C001P028R001A015_rgb.avi,028,015,001,001,007
S007C001P028R002A005_rgb.avi,028,005,001,002,007
S007C001P028R002A006_rgb.avi,028,006,001,002,007
S007C001P028R002A007_rgb.avi,028,007,001,002,007
S007C001P028R002A008_rgb.avi,028,008,001,002,007
S007C001P028R002A009_rgb.avi,028,009,001,002,007
S007C001P028R002A014_rgb.avi,028,014,001,002,007
S007C001P028R002A015_rgb.avi,028,015,001,002,007
S007C002P001R001A005_rgb.avi,001,005,002,001,007
S007C002P001R001A006_rgb.avi,001,006,002,001,007
S007C002P001R001A007_rgb.avi,001,007,002,001,007
S007C002P001R001A008_rgb.avi,001,008,002,001,007
S007C002P001R001A009_rgb.avi,001,009,002,001,007
S007C002P001R001A014_rgb.avi,001,014,002,001,007
S007C002P001R001A015_rgb.avi,001,015,002,001,007
S007C002P001R002A005_rgb.avi,001,005,002,002,007
S007C002P001R002A006_rgb.avi,001,006,002,002,007
S007C002P001R002A007_rgb.avi,001,007,002,002,007
S007C002P001R002A008_rgb.avi,001,008,002,002,007
S007C002P001R002A009_rgb.avi,001,009,002,002,007
S007C002P001R002A014_rgb.avi,001,014,002,002,007
S007C002P001R002A015_rgb.avi,001,015,002,002,007
S007C002P007R001A005_rgb.avi,007,005,002,001,007
S007C002P007R001A006_rgb.avi,007,006,002,001,007
S007C002P007R001A007_rgb.avi,007,007,002,001,007
S007C002P007R001A008_rgb.avi,007,008,002,001,007
S007C002P007R001A009_rgb.avi,007,009,002,001,007
S007C002P007R001A014_rgb.avi,007,014,002,001,007
S007C002P007R001A015_rgb.avi,007,015,002,001,007
S007C002P007R002A005_rgb.avi,007,005,002,002,007
S007C002P007R002A006_rgb.avi,007,006,002,002,007
S007C002P007R002A007_rgb.avi,007,007,002,002,007
S007C002P007R002A008_rgb.avi,007,008,002,002,007
S007C002P007R002A009_rgb.avi,007,009,002,002,007
S007C002P007R002A014_rgb.avi,007,014,002,002,007
S007C002P007R002A015_rgb.avi,007,015,002,002,007
S007C002P008R001A005_rgb.avi,008,005,002,001,007
S007C002P008R001A006_rgb.avi,008,006,002,001,007
S007C002P008R001A007_rgb.avi,008,007,002,001,007
S007C002P008R001A008_rgb.avi,008,008,002,001,007
S007C002P008R001A009_rgb.avi,008,009,002,001,007
S007C002P008R001A014_rgb.avi,008,014,002,001,007
S007C002P008R001A015_rgb.avi,008,015,002,001,007
S007C002P008R002A005_rgb.avi,008,005,002,002,007
S007C002P008R002A006_rgb.avi,008,006,002,002,007
S007C002P008R002A007_rgb.avi,008,007,002,002,007
S007C002P008R002A008_rgb.avi,008,008,002,002,007
S007C002P008R002A009_rgb.avi,008,009,002,002,007
S007C002P008R002A014_rgb.avi,008,014,002,002,007
S007C002P008R002A015_rgb.avi,008,015,002,002,007
S007C002P015R001A005_rgb.avi,015,005,002,001,007
S007C002P015R001A006_rgb.avi,015,006,002,001,007
S007C002P015R001A007_rgb.avi,015,007,002,001,007
S007C002P015R001A008_rgb.avi,015,008,002,001,007
S007C002P015R001A009_rgb.avi,015,009,002,001,007
S007C002P015R001A014_rgb.avi,015,014,002,001,007
S007C002P015R001A015_rgb.avi,015,015,002,001,007
S007C002P015R002A005_rgb.avi,015,005,002,002,007
S007C002P015R002A006_rgb.avi,015,006,002,002,007
S007C002P015R002A007_rgb.avi,015,007,002,002,007
S007C002P015R002A008_rgb.avi,015,008,002,002,007
S007C002P015R002A009_rgb.avi,015,009,002,002,007
S007C002P015R002A014_rgb.avi,015,014,002,002,007
S007C002P015R002A015_rgb.avi,015,015,002,002,007
S007C002P016R001A005_rgb.avi,016,005,002,001,007
S007C002P016R001A006_rgb.avi,016,006,002,001,007
S007C002P016R001A007_rgb.avi,016,007,002,001,007
S007C002P016R001A008_rgb.avi,016,008,002,001,007
S007C002P016R001A009_rgb.avi,016,009,002,001,007
S007C002P016R001A014_rgb.avi,016,014,002,001,007
S007C002P016R001A015_rgb.avi,016,015,002,001,007
S007C002P016R002A005_rgb.avi,016,005,002,002,007
S007C002P016R002A006_rgb.avi,016,006,002,002,007
S007C002P016R002A007_rgb.avi,016,007,002,002,007
S007C002P016R002A008_rgb.avi,016,008,002,002,007
S007C002P016R002A009_rgb.avi,016,009,002,002,007
S007C002P016R002A014_rgb.avi,016,014,002,002,007
S007C002P016R002A015_rgb.avi,016,015,002,002,007
S007C002P017R001A005_rgb.avi,017,005,002,001,007
S007C002P017R001A006_rgb.avi,017,006,002,001,007
S007C002P017R001A007_rgb.avi,017,007,002,001,007
S007C002P017R001A008_rgb.avi,017,008,002,001,007
S007C002P017R001A009_rgb.avi,017,009,002,001,007
S007C002P017R001A014_rgb.avi,017,014,002,001,007
S007C002P017R001A015_rgb.avi,017,015,002,001,007
S007C002P017R002A005_rgb.avi,017,005,002,002,007
S007C002P017R002A006_rgb.avi,017,006,002,002,007
S007C002P017R002A007_rgb.avi,017,007,002,002,007
S007C002P017R002A008_rgb.avi,017,008,002,002,007
S007C002P017R002A009_rgb.avi,017,009,002,002,007
S007C002P017R002A014_rgb.avi,017,014,002,002,007
S007C002P017R002A015_rgb.avi,017,015,002,002,007
S007C002P018R001A005_rgb.avi,018,005,002,001,007
S007C002P018R001A006_rgb.avi,018,006,002,001,007
S007C002P018R001A007_rgb.avi,018,007,002,001,007
S007C002P018R001A008_rgb.avi,018,008,002,001,007
S007C002P018R001A009_rgb.avi,018,009,002,001,007
S007C002P018R001A014_rgb.avi,018,014,002,001,007
S007C002P018R001A015_rgb.avi,018,015,002,001,007
S007C002P018R002A005_rgb.avi,018,005,002,002,007
S007C002P018R002A006_rgb.avi,018,006,002,002,007
S007C002P018R002A007_rgb.avi,018,007,002,002,007
S007C002P018R002A008_rgb.avi,018,008,002,002,007
S007C002P018R002A009_rgb.avi,018,009,002,002,007
S007C002P018R002A014_rgb.avi,018,014,002,002,007
S007C002P018R002A015_rgb.avi,018,015,002,002,007
S007C002P019R001A005_rgb.avi,019,005,002,001,007
S007C002P019R001A006_rgb.avi,019,006,002,001,007
S007C002P019R001A007_rgb.avi,019,007,002,001,007
S007C002P019R001A008_rgb.avi,019,008,002,001,007
S007C002P019R001A009_rgb.avi,019,009,002,001,007
S007C002P019R001A014_rgb.avi,019,014,002,001,007
S007C002P019R001A015_rgb.avi,019,015,002,001,007
S007C002P019R002A005_rgb.avi,019,005,002,002,007
S007C002P019R002A006_rgb.avi,019,006,002,002,007
S007C002P019R002A007_rgb.avi,019,007,002,002,007
S007C002P019R002A008_rgb.avi,019,008,002,002,007
S007C002P019R002A009_rgb.avi,019,009,002,002,007
S007C002P019R002A014_rgb.avi,019,014,002,002,007
S007C002P019R002A015_rgb.avi,019,015,002,002,007
S007C002P025R001A005_rgb.avi,025,005,002,001,007
S007C002P025R001A006_rgb.avi,025,006,002,001,007
S007C002P025R001A007_rgb.avi,025,007,002,001,007
S007C002P025R001A008_rgb.avi,025,008,002,001,007
S007C002P025R001A009_rgb.avi,025,009,002,001,007
S007C002P025R001A014_rgb.avi,025,014,002,001,007
S007C002P025R001A015_rgb.avi,025,015,002,001,007
S007C002P025R002A005_rgb.avi,025,005,002,002,007
S007C002P025R002A006_rgb.avi,025,006,002,002,007
S007C002P025R002A007_rgb.avi,025,007,002,002,007
S007C002P025R002A008_rgb.avi,025,008,002,002,007
S007C002P025R002A009_rgb.avi,025,009,002,002,007
S007C002P025R002A014_rgb.avi,025,014,002,002,007
S007C002P025R002A015_rgb.avi,025,015,002,002,007
S007C002P026R001A005_rgb.avi,026,005,002,001,007
S007C002P026R001A006_rgb.avi,026,006,002,001,007
S007C002P026R001A007_rgb.avi,026,007,002,001,007
S007C002P026R001A008_rgb.avi,026,008,002,001,007
S007C002P026R001A009_rgb.avi,026,009,002,001,007
S007C002P026R001A014_rgb.avi,026,014,002,001,007
S007C002P026R001A015_rgb.avi,026,015,002,001,007
S007C002P026R002A005_rgb.avi,026,005,002,002,007
S007C002P026R002A006_rgb.avi,026,006,002,002,007
S007C002P026R002A007_rgb.avi,026,007,002,002,007
S007C002P026R002A008_rgb.avi,026,008,002,002,007
S007C002P026R002A009_rgb.avi,026,009,002,002,007
S007C002P026R002A014_rgb.avi,026,014,002,002,007
S007C002P026R002A015_rgb.avi,026,015,002,002,007
S007C002P027R001A005_rgb.avi,027,005,002,001,007
S007C002P027R001A006_rgb.avi,027,006,002,001,007
S007C002P027R001A007_rgb.avi,027,007,002,001,007
S007C002P027R001A008_rgb.avi,027,008,002,001,007
S007C002P027R001A009_rgb.avi,027,009,002,001,007
S007C002P027R001A014_rgb.avi,027,014,002,001,007
S007C002P027R001A015_rgb.avi,027,015,002,001,007
S007C002P027R002A005_rgb.avi,027,005,002,002,007
S007C002P027R002A006_rgb.avi,027,006,002,002,007
S007C002P027R002A007_rgb.avi,027,007,002,002,007
S007C002P027R002A008_rgb.avi,027,008,002,002,007
S007C002P027R002A009_rgb.avi,027,009,002,002,007
S007C002P027R002A014_rgb.avi,027,014,002,002,007
S007C002P027R002A015_rgb.avi,027,015,002,002,007
S007C002P028R001A005_rgb.avi,028,005,002,001,007
S007C002P028R001A006_rgb.avi,028,006,002,001,007
S007C002P028R001A007_rgb.avi,028,007,002,001,007
S007C002P028R001A008_rgb.avi,028,008,002,001,007
S007C002P028R001A009_rgb.avi,028,009,002,001,007
S007C002P028R001A014_rgb.avi,028,014,002,001,007
S007C002P028R001A015_rgb.avi,028,015,002,001,007
S007C002P028R002A005_rgb.avi,028,005,002,002,007
S007C002P028R002A006_rgb.avi,028,006,002,002,007
S007C002P028R002A007_rgb.avi,028,007,002,002,007
S007C002P028R002A008_rgb.avi,028,008,002,002,007
S007C002P028R002A009_rgb.avi,028,009,002,002,007
S007C002P028R002A014_rgb.avi,028,014,002,002,007
S007C002P028R002A015_rgb.avi,028,015,002,002,007
S007C003P001R001A005_rgb.avi,001,005,003,001,007
S007C003P001R001A006_rgb.avi,001,006,003,001,007
S007C003P001R001A007_rgb.avi,001,007,003,001,007
S007C003P001R001A008_rgb.avi,001,008,003,001,007
S007C003P001R001A009_rgb.avi,001,009,003,001,007
S007C003P001R001A014_rgb.avi,001,014,003,001,007
S007C003P001R001A015_rgb.avi,001,015,003,001,007
S007C003P001R002A005_rgb.avi,001,005,003,002,007
S007C003P001R002A006_rgb.avi,001,006,003,002,007
S007C003P001R002A007_rgb.avi,001,007,003,002,007
S007C003P001R002A008_rgb.avi,001,008,003,002,007
S007C003P001R002A009_rgb.avi,001,009,003,002,007
S007C003P001R002A014_rgb.avi,001,014,003,002,007
S007C003P001R002A015_rgb.avi,001,015,003,002,007
S007C003P007R001A005_rgb.avi,007,005,003,001,007
S007C003P007R001A006_rgb.avi,007,006,003,001,007
S007C003P007R001A007_rgb.avi,007,007,003,001,007
S007C003P007R001A008_rgb.avi,007,008,003,001,007
S007C003P007R001A009_rgb.avi,007,009,003,001,007
S007C003P007R001A014_rgb.avi,007,014,003,001,007
S007C003P007R001A015_rgb.avi,007,015,003,001,007
S007C003P007R002A005_rgb.avi,007,005,003,002,007
S007C003P007R002A006_rgb.avi,007,006,003,002,007
S007C003P007R002A007_rgb.avi,007,007,003,002,007
S007C003P007R002A008_rgb.avi,007,008,003,002,007
S007C003P007R002A009_rgb.avi,007,009,003,002,007
S007C003P007R002A014_rgb.avi,007,014,003,002,007
S007C003P007R002A015_rgb.avi,007,015,003,002,007
S007C003P008R001A005_rgb.avi,008,005,003,001,007
S007C003P008R001A006_rgb.avi,008,006,003,001,007
S007C003P008R001A007_rgb.avi,008,007,003,001,007
S007C003P008R001A008_rgb.avi,008,008,003,001,007
S007C003P008R001A009_rgb.avi,008,009,003,001,007
S007C003P008R001A014_rgb.avi,008,014,003,001,007
S007C003P008R001A015_rgb.avi,008,015,003,001,007
S007C003P008R002A005_rgb.avi,008,005,003,002,007
S007C003P008R002A006_rgb.avi,008,006,003,002,007
S007C003P008R002A007_rgb.avi,008,007,003,002,007
S007C003P008R002A008_rgb.avi,008,008,003,002,007
S007C003P008R002A009_rgb.avi,008,009,003,002,007
S007C003P008R002A014_rgb.avi,008,014,003,002,007
S007C003P008R002A015_rgb.avi,008,015,003,002,007
S007C003P015R001A005_rgb.avi,015,005,003,001,007
S007C003P015R001A006_rgb.avi,015,006,003,001,007
S007C003P015R001A007_rgb.avi,015,007,003,001,007
S007C003P015R001A008_rgb.avi,015,008,003,001,007
S007C003P015R001A009_rgb.avi,015,009,003,001,007
S007C003P015R001A014_rgb.avi,015,014,003,001,007
S007C003P015R001A015_rgb.avi,015,015,003,001,007
S007C003P015R002A005_rgb.avi,015,005,003,002,007
S007C003P015R002A006_rgb.avi,015,006,003,002,007
S007C003P015R002A007_rgb.avi,015,007,003,002,007
S007C003P015R002A008_rgb.avi,015,008,003,002,007
S007C003P015R002A009_rgb.avi,015,009,003,002,007
S007C003P015R002A014_rgb.avi,015,014,003,002,007
S007C003P015R002A015_rgb.avi,015,015,003,002,007
S007C003P016R001A005_rgb.avi,016,005,003,001,007
S007C003P016R001A006_rgb.avi,016,006,003,001,007
S007C003P016R001A007_rgb.avi,016,007,003,001,007
S007C003P016R001A008_rgb.avi,016,008,003,001,007
S007C003P016R001A009_rgb.avi,016,009,003,001,007
S007C003P016R001A014_rgb.avi,016,014,003,001,007
S007C003P016R001A015_rgb.avi,016,015,003,001,007
S007C003P016R002A005_rgb.avi,016,005,003,002,007
S007C003P016R002A006_rgb.avi,016,006,003,002,007
S007C003P016R002A007_rgb.avi,016,007,003,002,007
S007C003P016R002A008_rgb.avi,016,008,003,002,007
S007C003P016R002A009_rgb.avi,016,009,003,002,007
S007C003P016R002A014_rgb.avi,016,014,003,002,007
S007C003P016R002A015_rgb.avi,016,015,003,002,007
S007C003P017R001A005_rgb.avi,017,005,003,001,007
S007C003P017R001A006_rgb.avi,017,006,003,001,007
S007C003P017R001A007_rgb.avi,017,007,003,001,007
S007C003P017R001A008_rgb.avi,017,008,003,001,007
S007C003P017R001A009_rgb.avi,017,009,003,001,007
S007C003P017R001A014_rgb.avi,017,014,003,001,007
S007C003P017R001A015_rgb.avi,017,015,003,001,007
S007C003P017R002A005_rgb.avi,017,005,003,002,007
S007C003P017R002A006_rgb.avi,017,006,003,002,007
S007C003P017R002A007_rgb.avi,017,007,003,002,007
S007C003P017R002A008_rgb.avi,017,008,003,002,007
S007C003P017R002A009_rgb.avi,017,009,003,002,007
S007C003P017R002A014_rgb.avi,017,014,003,002,007
S007C003P017R002A015_rgb.avi,017,015,003,002,007
S007C003P018R001A005_rgb.avi,018,005,003,001,007
S007C003P018R001A006_rgb.avi,018,006,003,001,007
S007C003P018R001A007_rgb.avi,018,007,003,001,007
S007C003P018R001A008_rgb.avi,018,008,003,001,007
S007C003P018R001A009_rgb.avi,018,009,003,001,007
S007C003P018R001A014_rgb.avi,018,014,003,001,007
S007C003P018R001A015_rgb.avi,018,015,003,001,007
S007C003P018R002A005_rgb.avi,018,005,003,002,007
S007C003P018R002A006_rgb.avi,018,006,003,002,007
S007C003P018R002A007_rgb.avi,018,007,003,002,007
S007C003P018R002A008_rgb.avi,018,008,003,002,007
S007C003P018R002A009_rgb.avi,018,009,003,002,007
S007C003P018R002A014_rgb.avi,018,014,003,002,007
S007C003P018R002A015_rgb.avi,018,015,003,002,007
S007C003P019R001A005_rgb.avi,019,005,003,001,007
S007C003P019R001A006_rgb.avi,019,006,003,001,007
S007C003P019R001A007_rgb.avi,019,007,003,001,007
S007C003P019R001A008_rgb.avi,019,008,003,001,007
S007C003P019R001A009_rgb.avi,019,009,003,001,007
S007C003P019R001A014_rgb.avi,019,014,003,001,007
S007C003P019R001A015_rgb.avi,019,015,003,001,007
S007C003P019R002A005_rgb.avi,019,005,003,002,007
S007C003P019R002A006_rgb.avi,019,006,003,002,007
S007C003P019R002A007_rgb.avi,019,007,003,002,007
S007C003P019R002A008_rgb.avi,019,008,003,002,007
S007C003P019R002A009_rgb.avi,019,009,003,002,007
S007C003P019R002A014_rgb.avi,019,014,003,002,007
S007C003P019R002A015_rgb.avi,019,015,003,002,007
S007C003P025R001A005_rgb.avi,025,005,003,001,007
S007C003P025R001A006_rgb.avi,025,006,003,001,007
S007C003P025R001A007_rgb.avi,025,007,003,001,007
S007C003P025R001A008_rgb.avi,025,008,003,001,007
S007C003P025R001A009_rgb.avi,025,009,003,001,007
S007C003P025R001A014_rgb.avi,025,014,003,001,007
S007C003P025R001A015_rgb.avi,025,015,003,001,007
S007C003P025R002A005_rgb.avi,025,005,003,002,007
S007C003P025R002A006_rgb.avi,025,006,003,002,007
S007C003P025R002A007_rgb.avi,025,007,003,002,007
S007C003P025R002A008_rgb.avi,025,008,003,002,007
S007C003P025R002A009_rgb.avi,025,009,003,002,007
S007C003P025R002A014_rgb.avi,025,014,003,002,007
S007C003P025R002A015_rgb.avi,025,015,003,002,007
S007C003P026R001A005_rgb.avi,026,005,003,001,007
S007C003P026R001A006_rgb.avi,026,006,003,001,007
S007C003P026R001A007_rgb.avi,026,007,003,001,007
S007C003P026R001A008_rgb.avi,026,008,003,001,007
S007C003P026R001A009_rgb.avi,026,009,003,001,007
S007C003P026R001A014_rgb.avi,026,014,003,001,007
S007C003P026R001A015_rgb.avi,026,015,003,001,007
S007C003P026R002A005_rgb.avi,026,005,003,002,007
S007C003P026R002A006_rgb.avi,026,006,003,002,007
S007C003P026R002A007_rgb.avi,026,007,003,002,007
S007C003P026R002A008_rgb.avi,026,008,003,002,007
S007C003P026R002A009_rgb.avi,026,009,003,002,007
S007C003P026R002A014_rgb.avi,026,014,003,002,007
S007C003P026R002A015_rgb.avi,026,015,003,002,007
S007C003P027R001A005_rgb.avi,027,005,003,001,007
S007C003P027R001A006_rgb.avi,027,006,003,001,007
S007C003P027R001A007_rgb.avi,027,007,003,001,007
S007C003P027R001A008_rgb.avi,027,008,003,001,007
S007C003P027R001A009_rgb.avi,027,009,003,001,007
S007C003P027R001A014_rgb.avi,027,014,003,001,007
S007C003P027R001A015_rgb.avi,027,015,003,001,007
S007C003P027R002A005_rgb.avi,027,005,003,002,007
S007C003P027R002A006_rgb.avi,027,006,003,002,007
S007C003P027R002A007_rgb.avi,027,007,003,002,007
S007C003P027R002A008_rgb.avi,027,008,003,002,007
S007C003P027R002A009_rgb.avi,027,009,003,002,007
S007C003P027R002A014_rgb.avi,027,014,003,002,007
S007C003P027R002A015_rgb.avi,027,015,003,002,007
S007C003P028R001A005_rgb.avi,028,005,003,001,007
S007C003P028R001A006_rgb.avi,028,006,003,001,007
S007C003P028R001A007_rgb.avi,028,007,003,001,007
S007C003P028R001A008_rgb.avi,028,008,003,001,007
S007C003P028R001A009_rgb.avi,028,009,003,001,007
S007C003P028R001A014_rgb.avi,028,014,003,001,007
S007C003P028R001A015_rgb.avi,028,015,003,001,007
S007C003P028R002A005_rgb.avi,028,005,003,002,007
S007C003P028R002A006_rgb.avi,028,006,003,002,007
S007C003P028R002A007_rgb.avi,028,007,003,002,007
S007C003P028R002A008_rgb.avi,028,008,003,002,007
S007C003P028R002A009_rgb.avi,028,009,003,002,007
S007C003P028R002A014_rgb.avi,028,014,003,002,007
S007C003P028R002A015_rgb.avi,028,015,003,002,007
S008C001P001R001A005_rgb.avi,001,005,001,001,008
S008C001P001R001A006_rgb.avi,001,006,001,001,008
S008C001P001R001A007_rgb.avi,001,007,001,001,008
S008C001P001R001A008_rgb.avi,001,008,001,001,008
S008C001P001R001A009_rgb.avi,001,009,001,001,008
S008C001P001R001A014_rgb.avi,001,014,001,001,008
S008C001P001R001A015_rgb.avi,001,015,001,001,008
S008C001P001R002A005_rgb.avi,001,005,001,002,008
S008C001P001R002A006_rgb.avi,001,006,001,002,008
S008C001P001R002A007_rgb.avi,001,007,001,002,008
S008C001P001R002A008_rgb.avi,001,008,001,002,008
S008C001P001R002A009_rgb.avi,001,009,001,002,008
S008C001P001R002A014_rgb.avi,001,014,001,002,008
S008C001P001R002A015_rgb.avi,001,015,001,002,008
S008C001P007R001A005_rgb.avi,007,005,001,001,008
S008C001P007R001A006_rgb.avi,007,006,001,001,008
S008C001P007R001A007_rgb.avi,007,007,001,001,008
S008C001P007R001A008_rgb.avi,007,008,001,001,008
S008C001P007R001A009_rgb.avi,007,009,001,001,008
S008C001P007R001A014_rgb.avi,007,014,001,001,008
S008C001P007R001A015_rgb.avi,007,015,001,001,008
S008C001P007R002A005_rgb.avi,007,005,001,002,008
S008C001P007R002A006_rgb.avi,007,006,001,002,008
S008C001P007R002A007_rgb.avi,007,007,001,002,008
S008C001P007R002A008_rgb.avi,007,008,001,002,008
S008C001P007R002A009_rgb.avi,007,009,001,002,008
S008C001P007R002A014_rgb.avi,007,014,001,002,008
S008C001P007R002A015_rgb.avi,007,015,001,002,008
S008C001P008R001A005_rgb.avi,008,005,001,001,008
S008C001P008R001A006_rgb.avi,008,006,001,001,008
S008C001P008R001A007_rgb.avi,008,007,001,001,008
S008C001P008R001A008_rgb.avi,008,008,001,001,008
S008C001P008R001A009_rgb.avi,008,009,001,001,008
S008C001P008R001A014_rgb.avi,008,014,001,001,008
S008C001P008R001A015_rgb.avi,008,015,001,001,008
S008C001P008R002A005_rgb.avi,008,005,001,002,008
S008C001P008R002A006_rgb.avi,008,006,001,002,008
S008C001P008R002A007_rgb.avi,008,007,001,002,008
S008C001P008R002A008_rgb.avi,008,008,001,002,008
S008C001P008R002A009_rgb.avi,008,009,001,002,008
S008C001P008R002A014_rgb.avi,008,014,001,002,008
S008C001P008R002A015_rgb.avi,008,015,001,002,008
S008C001P015R001A005_rgb.avi,015,005,001,001,008
S008C001P015R001A006_rgb.avi,015,006,001,001,008
S008C001P015R001A007_rgb.avi,015,007,001,001,008
S008C001P015R001A008_rgb.avi,015,008,001,001,008
S008C001P015R001A009_rgb.avi,015,009,001,001,008
S008C001P015R001A014_rgb.avi,015,014,001,001,008
S008C001P015R001A015_rgb.avi,015,015,001,001,008
S008C001P015R002A005_rgb.avi,015,005,001,002,008
S008C001P015R002A006_rgb.avi,015,006,001,002,008
S008C001P015R002A007_rgb.avi,015,007,001,002,008
S008C001P015R002A008_rgb.avi,015,008,001,002,008
S008C001P015R002A009_rgb.avi,015,009,001,002,008
S008C001P015R002A014_rgb.avi,015,014,001,002,008
S008C001P015R002A015_rgb.avi,015,015,001,002,008
S008C001P019R001A005_rgb.avi,019,005,001,001,008
S008C001P019R001A006_rgb.avi,019,006,001,001,008
S008C001P019R001A007_rgb.avi,019,007,001,001,008
S008C001P019R001A008_rgb.avi,019,008,001,001,008
S008C001P019R001A009_rgb.avi,019,009,001,001,008
S008C001P019R001A014_rgb.avi,019,014,001,001,008
S008C001P019R001A015_rgb.avi,019,015,001,001,008
S008C001P019R002A005_rgb.avi,019,005,001,002,008
S008C001P019R002A006_rgb.avi,019,006,001,002,008
S008C001P019R002A007_rgb.avi,019,007,001,002,008
S008C001P019R002A008_rgb.avi,019,008,001,002,008
S008C001P019R002A009_rgb.avi,019,009,001,002,008
S008C001P019R002A014_rgb.avi,019,014,001,002,008
S008C001P019R002A015_rgb.avi,019,015,001,002,008
S008C001P025R001A005_rgb.avi,025,005,001,001,008
S008C001P025R001A006_rgb.avi,025,006,001,001,008
S008C001P025R001A007_rgb.avi,025,007,001,001,008
S008C001P025R001A008_rgb.avi,025,008,001,001,008
S008C001P025R001A009_rgb.avi,025,009,001,001,008
S008C001P025R001A014_rgb.avi,025,014,001,001,008
S008C001P025R001A015_rgb.avi,025,015,001,001,008
S008C001P025R002A005_rgb.avi,025,005,001,002,008
S008C001P025R002A006_rgb.avi,025,006,001,002,008
S008C001P025R002A007_rgb.avi,025,007,001,002,008
S008C001P025R002A008_rgb.avi,025,008,001,002,008
S008C001P025R002A009_rgb.avi,025,009,001,002,008
S008C001P025R002A014_rgb.avi,025,014,001,002,008
S008C001P025R002A015_rgb.avi,025,015,001,002,008
S008C001P029R001A005_rgb.avi,029,005,001,001,008
S008C001P029R001A006_rgb.avi,029,006,001,001,008
S008C001P029R001A007_rgb.avi,029,007,001,001,008
S008C001P029R001A008_rgb.avi,029,008,001,001,008
S008C001P029R001A009_rgb.avi,029,009,001,001,008
S008C001P029R001A014_rgb.avi,029,014,001,001,008
S008C001P029R001A015_rgb.avi,029,015,001,001,008
S008C001P029R002A005_rgb.avi,029,005,001,002,008
S008C001P029R002A006_rgb.avi,029,006,001,002,008
S008C001P029R002A007_rgb.avi,029,007,001,002,008
S008C001P029R002A008_rgb.avi,029,008,001,002,008
S008C001P029R002A009_rgb.avi,029,009,001,002,008
S008C001P029R002A014_rgb.avi,029,014,001,002,008
S008C001P029R002A015_rgb.avi,029,015,001,002,008
S008C001P030R001A005_rgb.avi,030,005,001,001,008
S008C001P030R001A006_rgb.avi,030,006,001,001,008
S008C001P030R001A007_rgb.avi,030,007,001,001,008
S008C001P030R001A008_rgb.avi,030,008,001,001,008
S008C001P030R001A009_rgb.avi,030,009,001,001,008
S008C001P030R001A014_rgb.avi,030,014,001,001,008
S008C001P030R001A015_rgb.avi,030,015,001,001,008
S008C001P030R002A005_rgb.avi,030,005,001,002,008
S008C001P030R002A006_rgb.avi,030,006,001,002,008
S008C001P030R002A007_rgb.avi,030,007,001,002,008
S008C001P030R002A008_rgb.avi,030,008,001,002,008
S008C001P030R002A009_rgb.avi,030,009,001,002,008
S008C001P030R002A014_rgb.avi,030,014,001,002,008
S008C001P030R002A015_rgb.avi,030,015,001,002,008
S008C001P031R001A005_rgb.avi,031,005,001,001,008
S008C001P031R001A006_rgb.avi,031,006,001,001,008
S008C001P031R001A007_rgb.avi,031,007,001,001,008
S008C001P031R001A008_rgb.avi,031,008,001,001,008
S008C001P031R001A009_rgb.avi,031,009,001,001,008
S008C001P031R001A014_rgb.avi,031,014,001,001,008
S008C001P031R001A015_rgb.avi,031,015,001,001,008
S008C001P031R002A005_rgb.avi,031,005,001,002,008
S008C001P031R002A006_rgb.avi,031,006,001,002,008
S008C001P031R002A007_rgb.avi,031,007,001,002,008
S008C001P031R002A008_rgb.avi,031,008,001,002,008
S008C001P031R002A009_rgb.avi,031,009,001,002,008
S008C001P031R002A014_rgb.avi,031,014,001,002,008
S008C001P031R002A015_rgb.avi,031,015,001,002,008
S008C001P032R001A005_rgb.avi,032,005,001,001,008
S008C001P032R001A006_rgb.avi,032,006,001,001,008
S008C001P032R001A007_rgb.avi,032,007,001,001,008
S008C001P032R001A008_rgb.avi,032,008,001,001,008
S008C001P032R001A009_rgb.avi,032,009,001,001,008
S008C001P032R001A014_rgb.avi,032,014,001,001,008
S008C001P032R001A015_rgb.avi,032,015,001,001,008
S008C001P032R002A005_rgb.avi,032,005,001,002,008
S008C001P032R002A006_rgb.avi,032,006,001,002,008
S008C001P032R002A007_rgb.avi,032,007,001,002,008
S008C001P032R002A008_rgb.avi,032,008,001,002,008
S008C001P032R002A009_rgb.avi,032,009,001,002,008
S008C001P032R002A014_rgb.avi,032,014,001,002,008
S008C001P032R002A015_rgb.avi,032,015,001,002,008
S008C001P033R001A005_rgb.avi,033,005,001,001,008
S008C001P033R001A006_rgb.avi,033,006,001,001,008
S008C001P033R001A007_rgb.avi,033,007,001,001,008
S008C001P033R001A008_rgb.avi,033,008,001,001,008
S008C001P033R001A009_rgb.avi,033,009,001,001,008
S008C001P033R001A014_rgb.avi,033,014,001,001,008
S008C001P033R001A015_rgb.avi,033,015,001,001,008
S008C001P033R002A005_rgb.avi,033,005,001,002,008
S008C001P033R002A006_rgb.avi,033,006,001,002,008
S008C001P033R002A007_rgb.avi,033,007,001,002,008
S008C001P033R002A008_rgb.avi,033,008,001,002,008
S008C001P033R002A009_rgb.avi,033,009,001,002,008
S008C001P033R002A014_rgb.avi,033,014,001,002,008
S008C001P033R002A015_rgb.avi,033,015,001,002,008
S008C001P034R001A005_rgb.avi,034,005,001,001,008
S008C001P034R001A006_rgb.avi,034,006,001,001,008
S008C001P034R001A007_rgb.avi,034,007,001,001,008
S008C001P034R001A008_rgb.avi,034,008,001,001,008
S008C001P034R001A009_rgb.avi,034,009,001,001,008
S008C001P034R001A014_rgb.avi,034,014,001,001,008
S008C001P034R001A015_rgb.avi,034,015,001,001,008
S008C001P034R002A005_rgb.avi,034,005,001,002,008
S008C001P034R002A006_rgb.avi,034,006,001,002,008
S008C001P034R002A007_rgb.avi,034,007,001,002,008
S008C001P034R002A008_rgb.avi,034,008,001,002,008
S008C001P034R002A009_rgb.avi,034,009,001,002,008
S008C001P034R002A014_rgb.avi,034,014,001,002,008
S008C001P034R002A015_rgb.avi,034,015,001,002,008
S008C001P035R001A005_rgb.avi,035,005,001,001,008
S008C001P035R001A006_rgb.avi,035,006,001,001,008
S008C001P035R001A007_rgb.avi,035,007,001,001,008
S008C001P035R001A008_rgb.avi,035,008,001,001,008
S008C001P035R001A009_rgb.avi,035,009,001,001,008
S008C001P035R001A014_rgb.avi,035,014,001,001,008
S008C001P035R001A015_rgb.avi,035,015,001,001,008
S008C001P035R002A005_rgb.avi,035,005,001,002,008
S008C001P035R002A006_rgb.avi,035,006,001,002,008
S008C001P035R002A007_rgb.avi,035,007,001,002,008
S008C001P035R002A008_rgb.avi,035,008,001,002,008
S008C001P035R002A009_rgb.avi,035,009,001,002,008
S008C001P035R002A014_rgb.avi,035,014,001,002,008
S008C001P035R002A015_rgb.avi,035,015,001,002,008
S008C001P036R001A005_rgb.avi,036,005,001,001,008
S008C001P036R001A006_rgb.avi,036,006,001,001,008
S008C001P036R001A007_rgb.avi,036,007,001,001,008
S008C001P036R001A008_rgb.avi,036,008,001,001,008
S008C001P036R001A009_rgb.avi,036,009,001,001,008
S008C001P036R001A014_rgb.avi,036,014,001,001,008
S008C001P036R001A015_rgb.avi,036,015,001,001,008
S008C001P036R002A005_rgb.avi,036,005,001,002,008
S008C001P036R002A006_rgb.avi,036,006,001,002,008
S008C001P036R002A007_rgb.avi,036,007,001,002,008
S008C001P036R002A008_rgb.avi,036,008,001,002,008
S008C001P036R002A009_rgb.avi,036,009,001,002,008
S008C001P036R002A014_rgb.avi,036,014,001,002,008
S008C001P036R002A015_rgb.avi,036,015,001,002,008
S008C002P001R001A005_rgb.avi,001,005,002,001,008
S008C002P001R001A006_rgb.avi,001,006,002,001,008
S008C002P001R001A007_rgb.avi,001,007,002,001,008
S008C002P001R001A008_rgb.avi,001,008,002,001,008
S008C002P001R001A009_rgb.avi,001,009,002,001,008
S008C002P001R001A014_rgb.avi,001,014,002,001,008
S008C002P001R001A015_rgb.avi,001,015,002,001,008
S008C002P001R002A005_rgb.avi,001,005,002,002,008
S008C002P001R002A006_rgb.avi,001,006,002,002,008
S008C002P001R002A007_rgb.avi,001,007,002,002,008
S008C002P001R002A008_rgb.avi,001,008,002,002,008
S008C002P001R002A009_rgb.avi,001,009,002,002,008
S008C002P001R002A014_rgb.avi,001,014,002,002,008
S008C002P001R002A015_rgb.avi,001,015,002,002,008
S008C002P007R001A005_rgb.avi,007,005,002,001,008
S008C002P007R001A006_rgb.avi,007,006,002,001,008
S008C002P007R001A007_rgb.avi,007,007,002,001,008
S008C002P007R001A008_rgb.avi,007,008,002,001,008
S008C002P007R001A009_rgb.avi,007,009,002,001,008
S008C002P007R001A014_rgb.avi,007,014,002,001,008
S008C002P007R001A015_rgb.avi,007,015,002,001,008
S008C002P007R002A005_rgb.avi,007,005,002,002,008
S008C002P007R002A006_rgb.avi,007,006,002,002,008
S008C002P007R002A007_rgb.avi,007,007,002,002,008
S008C002P007R002A008_rgb.avi,007,008,002,002,008
S008C002P007R002A009_rgb.avi,007,009,002,002,008
S008C002P007R002A014_rgb.avi,007,014,002,002,008
S008C002P007R002A015_rgb.avi,007,015,002,002,008
S008C002P008R001A005_rgb.avi,008,005,002,001,008
S008C002P008R001A006_rgb.avi,008,006,002,001,008
S008C002P008R001A007_rgb.avi,008,007,002,001,008
S008C002P008R001A008_rgb.avi,008,008,002,001,008
S008C002P008R001A009_rgb.avi,008,009,002,001,008
S008C002P008R001A014_rgb.avi,008,014,002,001,008
S008C002P008R001A015_rgb.avi,008,015,002,001,008
S008C002P008R002A005_rgb.avi,008,005,002,002,008
S008C002P008R002A006_rgb.avi,008,006,002,002,008
S008C002P008R002A007_rgb.avi,008,007,002,002,008
S008C002P008R002A008_rgb.avi,008,008,002,002,008
S008C002P008R002A009_rgb.avi,008,009,002,002,008
S008C002P008R002A014_rgb.avi,008,014,002,002,008
S008C002P008R002A015_rgb.avi,008,015,002,002,008
S008C002P015R001A005_rgb.avi,015,005,002,001,008
S008C002P015R001A006_rgb.avi,015,006,002,001,008
S008C002P015R001A007_rgb.avi,015,007,002,001,008
S008C002P015R001A008_rgb.avi,015,008,002,001,008
S008C002P015R001A009_rgb.avi,015,009,002,001,008
S008C002P015R001A014_rgb.avi,015,014,002,001,008
S008C002P015R001A015_rgb.avi,015,015,002,001,008
S008C002P015R002A005_rgb.avi,015,005,002,002,008
S008C002P015R002A006_rgb.avi,015,006,002,002,008
S008C002P015R002A007_rgb.avi,015,007,002,002,008
S008C002P015R002A008_rgb.avi,015,008,002,002,008
S008C002P015R002A009_rgb.avi,015,009,002,002,008
S008C002P015R002A014_rgb.avi,015,014,002,002,008
S008C002P015R002A015_rgb.avi,015,015,002,002,008
S008C002P019R001A005_rgb.avi,019,005,002,001,008
S008C002P019R001A006_rgb.avi,019,006,002,001,008
S008C002P019R001A007_rgb.avi,019,007,002,001,008
S008C002P019R001A008_rgb.avi,019,008,002,001,008
S008C002P019R001A009_rgb.avi,019,009,002,001,008
S008C002P019R001A014_rgb.avi,019,014,002,001,008
S008C002P019R001A015_rgb.avi,019,015,002,001,008
S008C002P019R002A005_rgb.avi,019,005,002,002,008
S008C002P019R002A006_rgb.avi,019,006,002,002,008
S008C002P019R002A007_rgb.avi,019,007,002,002,008
S008C002P019R002A008_rgb.avi,019,008,002,002,008
S008C002P019R002A009_rgb.avi,019,009,002,002,008
S008C002P019R002A014_rgb.avi,019,014,002,002,008
S008C002P019R002A015_rgb.avi,019,015,002,002,008
S008C002P025R001A005_rgb.avi,025,005,002,001,008
S008C002P025R001A006_rgb.avi,025,006,002,001,008
S008C002P025R001A007_rgb.avi,025,007,002,001,008
S008C002P025R001A008_rgb.avi,025,008,002,001,008
S008C002P025R001A009_rgb.avi,025,009,002,001,008
S008C002P025R001A014_rgb.avi,025,014,002,001,008
S008C002P025R001A015_rgb.avi,025,015,002,001,008
S008C002P025R002A005_rgb.avi,025,005,002,002,008
S008C002P025R002A006_rgb.avi,025,006,002,002,008
S008C002P025R002A007_rgb.avi,025,007,002,002,008
S008C002P025R002A008_rgb.avi,025,008,002,002,008
S008C002P025R002A009_rgb.avi,025,009,002,002,008
S008C002P025R002A014_rgb.avi,025,014,002,002,008
S008C002P025R002A015_rgb.avi,025,015,002,002,008
S008C002P029R001A005_rgb.avi,029,005,002,001,008
S008C002P029R001A006_rgb.avi,029,006,002,001,008
S008C002P029R001A007_rgb.avi,029,007,002,001,008
S008C002P029R001A008_rgb.avi,029,008,002,001,008
S008C002P029R001A009_rgb.avi,029,009,002,001,008
S008C002P029R001A014_rgb.avi,029,014,002,001,008
S008C002P029R001A015_rgb.avi,029,015,002,001,008
S008C002P029R002A005_rgb.avi,029,005,002,002,008
S008C002P029R002A006_rgb.avi,029,006,002,002,008
S008C002P029R002A007_rgb.avi,029,007,002,002,008
S008C002P029R002A008_rgb.avi,029,008,002,002,008
S008C002P029R002A009_rgb.avi,029,009,002,002,008
S008C002P029R002A014_rgb.avi,029,014,002,002,008
S008C002P029R002A015_rgb.avi,029,015,002,002,008
S008C002P030R001A005_rgb.avi,030,005,002,001,008
S008C002P030R001A006_rgb.avi,030,006,002,001,008
S008C002P030R001A007_rgb.avi,030,007,002,001,008
S008C002P030R001A008_rgb.avi,030,008,002,001,008
S008C002P030R001A009_rgb.avi,030,009,002,001,008
S008C002P030R001A014_rgb.avi,030,014,002,001,008
S008C002P030R001A015_rgb.avi,030,015,002,001,008
S008C002P030R002A005_rgb.avi,030,005,002,002,008
S008C002P030R002A006_rgb.avi,030,006,002,002,008
S008C002P030R002A007_rgb.avi,030,007,002,002,008
S008C002P030R002A008_rgb.avi,030,008,002,002,008
S008C002P030R002A009_rgb.avi,030,009,002,002,008
S008C002P030R002A014_rgb.avi,030,014,002,002,008
S008C002P030R002A015_rgb.avi,030,015,002,002,008
S008C002P031R001A005_rgb.avi,031,005,002,001,008
S008C002P031R001A006_rgb.avi,031,006,002,001,008
S008C002P031R001A007_rgb.avi,031,007,002,001,008
S008C002P031R001A008_rgb.avi,031,008,002,001,008
S008C002P031R001A009_rgb.avi,031,009,002,001,008
S008C002P031R001A014_rgb.avi,031,014,002,001,008
S008C002P031R001A015_rgb.avi,031,015,002,001,008
S008C002P031R002A005_rgb.avi,031,005,002,002,008
S008C002P031R002A006_rgb.avi,031,006,002,002,008
S008C002P031R002A007_rgb.avi,031,007,002,002,008
S008C002P031R002A008_rgb.avi,031,008,002,002,008
S008C002P031R002A009_rgb.avi,031,009,002,002,008
S008C002P031R002A014_rgb.avi,031,014,002,002,008
S008C002P031R002A015_rgb.avi,031,015,002,002,008
S008C002P032R001A005_rgb.avi,032,005,002,001,008
S008C002P032R001A006_rgb.avi,032,006,002,001,008
S008C002P032R001A007_rgb.avi,032,007,002,001,008
S008C002P032R001A008_rgb.avi,032,008,002,001,008
S008C002P032R001A009_rgb.avi,032,009,002,001,008
S008C002P032R001A014_rgb.avi,032,014,002,001,008
S008C002P032R001A015_rgb.avi,032,015,002,001,008
S008C002P032R002A005_rgb.avi,032,005,002,002,008
S008C002P032R002A006_rgb.avi,032,006,002,002,008
S008C002P032R002A007_rgb.avi,032,007,002,002,008
S008C002P032R002A008_rgb.avi,032,008,002,002,008
S008C002P032R002A009_rgb.avi,032,009,002,002,008
S008C002P032R002A014_rgb.avi,032,014,002,002,008
S008C002P032R002A015_rgb.avi,032,015,002,002,008
S008C002P033R001A005_rgb.avi,033,005,002,001,008
S008C002P033R001A006_rgb.avi,033,006,002,001,008
S008C002P033R001A007_rgb.avi,033,007,002,001,008
S008C002P033R001A008_rgb.avi,033,008,002,001,008
S008C002P033R001A009_rgb.avi,033,009,002,001,008
S008C002P033R001A014_rgb.avi,033,014,002,001,008
S008C002P033R001A015_rgb.avi,033,015,002,001,008
S008C002P033R002A005_rgb.avi,033,005,002,002,008
S008C002P033R002A006_rgb.avi,033,006,002,002,008
S008C002P033R002A007_rgb.avi,033,007,002,002,008
S008C002P033R002A008_rgb.avi,033,008,002,002,008
S008C002P033R002A009_rgb.avi,033,009,002,002,008
S008C002P033R002A014_rgb.avi,033,014,002,002,008
S008C002P033R002A015_rgb.avi,033,015,002,002,008
S008C002P034R001A005_rgb.avi,034,005,002,001,008
S008C002P034R001A006_rgb.avi,034,006,002,001,008
S008C002P034R001A007_rgb.avi,034,007,002,001,008
S008C002P034R001A008_rgb.avi,034,008,002,001,008
S008C002P034R001A009_rgb.avi,034,009,002,001,008
S008C002P034R001A014_rgb.avi,034,014,002,001,008
S008C002P034R001A015_rgb.avi,034,015,002,001,008
S008C002P034R002A005_rgb.avi,034,005,002,002,008
S008C002P034R002A006_rgb.avi,034,006,002,002,008
S008C002P034R002A007_rgb.avi,034,007,002,002,008
S008C002P034R002A008_rgb.avi,034,008,002,002,008
S008C002P034R002A009_rgb.avi,034,009,002,002,008
S008C002P034R002A014_rgb.avi,034,014,002,002,008
S008C002P034R002A015_rgb.avi,034,015,002,002,008
S008C002P035R001A005_rgb.avi,035,005,002,001,008
S008C002P035R001A006_rgb.avi,035,006,002,001,008
S008C002P035R001A007_rgb.avi,035,007,002,001,008
S008C002P035R001A008_rgb.avi,035,008,002,001,008
S008C002P035R001A009_rgb.avi,035,009,002,001,008
S008C002P035R001A014_rgb.avi,035,014,002,001,008
S008C002P035R001A015_rgb.avi,035,015,002,001,008
S008C002P035R002A005_rgb.avi,035,005,002,002,008
S008C002P035R002A006_rgb.avi,035,006,002,002,008
S008C002P035R002A007_rgb.avi,035,007,002,002,008
S008C002P035R002A008_rgb.avi,035,008,002,002,008
S008C002P035R002A009_rgb.avi,035,009,002,002,008
S008C002P035R002A014_rgb.avi,035,014,002,002,008
S008C002P035R002A015_rgb.avi,035,015,002,002,008
S008C002P036R001A005_rgb.avi,036,005,002,001,008
S008C002P036R001A006_rgb.avi,036,006,002,001,008
S008C002P036R001A007_rgb.avi,036,007,002,001,008
S008C002P036R001A008_rgb.avi,036,008,002,001,008
S008C002P036R001A009_rgb.avi,036,009,002,001,008
S008C002P036R001A014_rgb.avi,036,014,002,001,008
S008C002P036R001A015_rgb.avi,036,015,002,001,008
S008C002P036R002A005_rgb.avi,036,005,002,002,008
S008C002P036R002A006_rgb.avi,036,006,002,002,008
S008C002P036R002A007_rgb.avi,036,007,002,002,008
S008C002P036R002A008_rgb.avi,036,008,002,002,008
S008C002P036R002A009_rgb.avi,036,009,002,002,008
S008C002P036R002A014_rgb.avi,036,014,002,002,008
S008C002P036R002A015_rgb.avi,036,015,002,002,008
S008C003P001R001A005_rgb.avi,001,005,003,001,008
S008C003P001R001A006_rgb.avi,001,006,003,001,008
S008C003P001R001A007_rgb.avi,001,007,003,001,008
S008C003P001R001A008_rgb.avi,001,008,003,001,008
S008C003P001R001A009_rgb.avi,001,009,003,001,008
S008C003P001R001A014_rgb.avi,001,014,003,001,008
S008C003P001R001A015_rgb.avi,001,015,003,001,008
S008C003P001R002A005_rgb.avi,001,005,003,002,008
S008C003P001R002A006_rgb.avi,001,006,003,002,008
S008C003P001R002A007_rgb.avi,001,007,003,002,008
S008C003P001R002A008_rgb.avi,001,008,003,002,008
S008C003P001R002A009_rgb.avi,001,009,003,002,008
S008C003P001R002A014_rgb.avi,001,014,003,002,008
S008C003P001R002A015_rgb.avi,001,015,003,002,008
S008C003P007R001A005_rgb.avi,007,005,003,001,008
S008C003P007R001A006_rgb.avi,007,006,003,001,008
S008C003P007R001A007_rgb.avi,007,007,003,001,008
S008C003P007R001A008_rgb.avi,007,008,003,001,008
S008C003P007R001A009_rgb.avi,007,009,003,001,008
S008C003P007R001A014_rgb.avi,007,014,003,001,008
S008C003P007R001A015_rgb.avi,007,015,003,001,008
S008C003P007R002A005_rgb.avi,007,005,003,002,008
S008C003P007R002A006_rgb.avi,007,006,003,002,008
S008C003P007R002A007_rgb.avi,007,007,003,002,008
S008C003P007R002A008_rgb.avi,007,008,003,002,008
S008C003P007R002A009_rgb.avi,007,009,003,002,008
S008C003P007R002A014_rgb.avi,007,014,003,002,008
S008C003P007R002A015_rgb.avi,007,015,003,002,008
S008C003P008R001A005_rgb.avi,008,005,003,001,008
S008C003P008R001A006_rgb.avi,008,006,003,001,008
S008C003P008R001A007_rgb.avi,008,007,003,001,008
S008C003P008R001A008_rgb.avi,008,008,003,001,008
S008C003P008R001A009_rgb.avi,008,009,003,001,008
S008C003P008R001A014_rgb.avi,008,014,003,001,008
S008C003P008R001A015_rgb.avi,008,015,003,001,008
S008C003P008R002A005_rgb.avi,008,005,003,002,008
S008C003P008R002A006_rgb.avi,008,006,003,002,008
S008C003P008R002A007_rgb.avi,008,007,003,002,008
S008C003P008R002A008_rgb.avi,008,008,003,002,008
S008C003P008R002A009_rgb.avi,008,009,003,002,008
S008C003P008R002A014_rgb.avi,008,014,003,002,008
S008C003P008R002A015_rgb.avi,008,015,003,002,008
S008C003P015R001A005_rgb.avi,015,005,003,001,008
S008C003P015R001A006_rgb.avi,015,006,003,001,008
S008C003P015R001A007_rgb.avi,015,007,003,001,008
S008C003P015R001A008_rgb.avi,015,008,003,001,008
S008C003P015R001A009_rgb.avi,015,009,003,001,008
S008C003P015R001A014_rgb.avi,015,014,003,001,008
S008C003P015R001A015_rgb.avi,015,015,003,001,008
S008C003P015R002A005_rgb.avi,015,005,003,002,008
S008C003P015R002A006_rgb.avi,015,006,003,002,008
S008C003P015R002A007_rgb.avi,015,007,003,002,008
S008C003P015R002A008_rgb.avi,015,008,003,002,008
S008C003P015R002A009_rgb.avi,015,009,003,002,008
S008C003P015R002A014_rgb.avi,015,014,003,002,008
S008C003P015R002A015_rgb.avi,015,015,003,002,008
S008C003P019R001A005_rgb.avi,019,005,003,001,008
S008C003P019R001A006_rgb.avi,019,006,003,001,008
S008C003P019R001A007_rgb.avi,019,007,003,001,008
S008C003P019R001A008_rgb.avi,019,008,003,001,008
S008C003P019R001A009_rgb.avi,019,009,003,001,008
S008C003P019R001A014_rgb.avi,019,014,003,001,008
S008C003P019R001A015_rgb.avi,019,015,003,001,008
S008C003P019R002A005_rgb.avi,019,005,003,002,008
S008C003P019R002A006_rgb.avi,019,006,003,002,008
S008C003P019R002A007_rgb.avi,019,007,003,002,008
S008C003P019R002A008_rgb.avi,019,008,003,002,008
S008C003P019R002A009_rgb.avi,019,009,003,002,008
S008C003P019R002A014_rgb.avi,019,014,003,002,008
S008C003P019R002A015_rgb.avi,019,015,003,002,008
S008C003P025R001A005_rgb.avi,025,005,003,001,008
S008C003P025R001A006_rgb.avi,025,006,003,001,008
S008C003P025R001A007_rgb.avi,025,007,003,001,008
S008C003P025R001A008_rgb.avi,025,008,003,001,008
S008C003P025R001A009_rgb.avi,025,009,003,001,008
S008C003P025R001A014_rgb.avi,025,014,003,001,008
S008C003P025R001A015_rgb.avi,025,015,003,001,008
S008C003P025R002A005_rgb.avi,025,005,003,002,008
S008C003P025R002A006_rgb.avi,025,006,003,002,008
S008C003P025R002A007_rgb.avi,025,007,003,002,008
S008C003P025R002A008_rgb.avi,025,008,003,002,008
S008C003P025R002A009_rgb.avi,025,009,003,002,008
S008C003P025R002A014_rgb.avi,025,014,003,002,008
S008C003P025R002A015_rgb.avi,025,015,003,002,008
S008C003P029R001A005_rgb.avi,029,005,003,001,008
S008C003P029R001A006_rgb.avi,029,006,003,001,008
S008C003P029R001A007_rgb.avi,029,007,003,001,008
S008C003P029R001A008_rgb.avi,029,008,003,001,008
S008C003P029R001A009_rgb.avi,029,009,003,001,008
S008C003P029R001A014_rgb.avi,029,014,003,001,008
S008C003P029R001A015_rgb.avi,029,015,003,001,008
S008C003P029R002A005_rgb.avi,029,005,003,002,008
S008C003P029R002A006_rgb.avi,029,006,003,002,008
S008C003P029R002A007_rgb.avi,029,007,003,002,008
S008C003P029R002A008_rgb.avi,029,008,003,002,008
S008C003P029R002A009_rgb.avi,029,009,003,002,008
S008C003P029R002A014_rgb.avi,029,014,003,002,008
S008C003P029R002A015_rgb.avi,029,015,003,002,008
S008C003P030R001A005_rgb.avi,030,005,003,001,008
S008C003P030R001A006_rgb.avi,030,006,003,001,008
S008C003P030R001A007_rgb.avi,030,007,003,001,008
S008C003P030R001A008_rgb.avi,030,008,003,001,008
S008C003P030R001A009_rgb.avi,030,009,003,001,008
S008C003P030R001A014_rgb.avi,030,014,003,001,008
S008C003P030R001A015_rgb.avi,030,015,003,001,008
S008C003P030R002A005_rgb.avi,030,005,003,002,008
S008C003P030R002A006_rgb.avi,030,006,003,002,008
S008C003P030R002A007_rgb.avi,030,007,003,002,008
S008C003P030R002A008_rgb.avi,030,008,003,002,008
S008C003P030R002A009_rgb.avi,030,009,003,002,008
S008C003P030R002A014_rgb.avi,030,014,003,002,008
S008C003P030R002A015_rgb.avi,030,015,003,002,008
S008C003P031R001A005_rgb.avi,031,005,003,001,008
S008C003P031R001A006_rgb.avi,031,006,003,001,008
S008C003P031R001A007_rgb.avi,031,007,003,001,008
S008C003P031R001A008_rgb.avi,031,008,003,001,008
S008C003P031R001A009_rgb.avi,031,009,003,001,008
S008C003P031R001A014_rgb.avi,031,014,003,001,008
S008C003P031R001A015_rgb.avi,031,015,003,001,008
S008C003P031R002A005_rgb.avi,031,005,003,002,008
S008C003P031R002A006_rgb.avi,031,006,003,002,008
S008C003P031R002A007_rgb.avi,031,007,003,002,008
S008C003P031R002A008_rgb.avi,031,008,003,002,008
S008C003P031R002A009_rgb.avi,031,009,003,002,008
S008C003P031R002A014_rgb.avi,031,014,003,002,008
S008C003P031R002A015_rgb.avi,031,015,003,002,008
S008C003P032R001A005_rgb.avi,032,005,003,001,008
S008C003P032R001A006_rgb.avi,032,006,003,001,008
S008C003P032R001A007_rgb.avi,032,007,003,001,008
S008C003P032R001A008_rgb.avi,032,008,003,001,008
S008C003P032R001A009_rgb.avi,032,009,003,001,008
S008C003P032R001A014_rgb.avi,032,014,003,001,008
S008C003P032R001A015_rgb.avi,032,015,003,001,008
S008C003P032R002A005_rgb.avi,032,005,003,002,008
S008C003P032R002A006_rgb.avi,032,006,003,002,008
S008C003P032R002A007_rgb.avi,032,007,003,002,008
S008C003P032R002A008_rgb.avi,032,008,003,002,008
S008C003P032R002A009_rgb.avi,032,009,003,002,008
S008C003P032R002A014_rgb.avi,032,014,003,002,008
S008C003P032R002A015_rgb.avi,032,015,003,002,008
S008C003P033R001A005_rgb.avi,033,005,003,001,008
S008C003P033R001A006_rgb.avi,033,006,003,001,008
S008C003P033R001A007_rgb.avi,033,007,003,001,008
S008C003P033R001A008_rgb.avi,033,008,003,001,008
S008C003P033R001A009_rgb.avi,033,009,003,001,008
S008C003P033R001A014_rgb.avi,033,014,003,001,008
S008C003P033R001A015_rgb.avi,033,015,003,001,008
S008C003P033R002A005_rgb.avi,033,005,003,002,008
S008C003P033R002A006_rgb.avi,033,006,003,002,008
S008C003P033R002A007_rgb.avi,033,007,003,002,008
S008C003P033R002A008_rgb.avi,033,008,003,002,008
S008C003P033R002A009_rgb.avi,033,009,003,002,008
S008C003P033R002A014_rgb.avi,033,014,003,002,008
S008C003P033R002A015_rgb.avi,033,015,003,002,008
S008C003P034R001A005_rgb.avi,034,005,003,001,008
S008C003P034R001A006_rgb.avi,034,006,003,001,008
S008C003P034R001A007_rgb.avi,034,007,003,001,008
S008C003P034R001A008_rgb.avi,034,008,003,001,008
S008C003P034R001A009_rgb.avi,034,009,003,001,008
S008C003P034R001A014_rgb.avi,034,014,003,001,008
S008C003P034R001A015_rgb.avi,034,015,003,001,008
S008C003P034R002A005_rgb.avi,034,005,003,002,008
S008C003P034R002A006_rgb.avi,034,006,003,002,008
S008C003P034R002A007_rgb.avi,034,007,003,002,008
S008C003P034R002A008_rgb.avi,034,008,003,002,008
S008C003P034R002A009_rgb.avi,034,009,003,002,008
S008C003P034R002A014_rgb.avi,034,014,003,002,008
S008C003P034R002A015_rgb.avi,034,015,003,002,008
S008C003P035R001A005_rgb.avi,035,005,003,001,008
S008C003P035R001A006_rgb.avi,035,006,003,001,008
S008C003P035R001A007_rgb.avi,035,007,003,001,008
S008C003P035R001A008_rgb.avi,035,008,003,001,008
S008C003P035R001A009_rgb.avi,035,009,003,001,008
S008C003P035R001A014_rgb.avi,035,014,003,001,008
S008C003P035R001A015_rgb.avi,035,015,003,001,008
S008C003P035R002A005_rgb.avi,035,005,003,002,008
S008C003P035R002A006_rgb.avi,035,006,003,002,008
S008C003P035R002A007_rgb.avi,035,007,003,002,008
S008C003P035R002A008_rgb.avi,035,008,003,002,008
S008C003P035R002A009_rgb.avi,035,009,003,002,008
S008C003P035R002A014_rgb.avi,035,014,003,002,008
S008C003P035R002A015_rgb.avi,035,015,003,002,008
S008C003P036R001A005_rgb.avi,036,005,003,001,008
S008C003P036R001A006_rgb.avi,036,006,003,001,008
S008C003P036R001A007_rgb.avi,036,007,003,001,008
S008C003P036R001A008_rgb.avi,036,008,003,001,008
S008C003P036R001A009_rgb.avi,036,009,003,001,008
S008C003P036R001A014_rgb.avi,036,014,003,001,008
S008C003P036R001A015_rgb.avi,036,015,003,001,008
S008C003P036R002A005_rgb.avi,036,005,003,002,008
S008C003P036R002A006_rgb.avi,036,006,003,002,008
S008C003P036R002A007_rgb.avi,036,007,003,002,008
S008C003P036R002A008_rgb.avi,036,008,003,002,008
S008C003P036R002A009_rgb.avi,036,009,003,002,008
S008C003P036R002A014_rgb.avi,036,014,003,002,008
S008C003P036R002A015_rgb.avi,036,015,003,002,008
S009C001P007R001A005_rgb.avi,007,005,001,001,009
S009C001P007R001A006_rgb.avi,007,006,001,001,009
S009C001P007R001A007_rgb.avi,007,007,001,001,009
S009C001P007R001A008_rgb.avi,007,008,001,001,009
S009C001P007R001A009_rgb.avi,007,009,001,001,009
S009C001P007R001A014_rgb.avi,007,014,001,001,009
S009C001P007R001A015_rgb.avi,007,015,001,001,009
S009C001P007R002A005_rgb.avi,007,005,001,002,009
S009C001P007R002A006_rgb.avi,007,006,001,002,009
S009C001P007R002A007_rgb.avi,007,007,001,002,009
S009C001P007R002A008_rgb.avi,007,008,001,002,009
S009C001P007R002A009_rgb.avi,007,009,001,002,009
S009C001P007R002A014_rgb.avi,007,014,001,002,009
S009C001P007R002A015_rgb.avi,007,015,001,002,009
S009C001P008R001A005_rgb.avi,008,005,001,001,009
S009C001P008R001A006_rgb.avi,008,006,001,001,009
S009C001P008R001A007_rgb.avi,008,007,001,001,009
S009C001P008R001A008_rgb.avi,008,008,001,001,009
S009C001P008R001A009_rgb.avi,008,009,001,001,009
S009C001P008R001A014_rgb.avi,008,014,001,001,009
S009C001P008R001A015_rgb.avi,008,015,001,001,009
S009C001P008R002A005_rgb.avi,008,005,001,002,009
S009C001P008R002A006_rgb.avi,008,006,001,002,009
S009C001P008R002A007_rgb.avi,008,007,001,002,009
S009C001P008R002A008_rgb.avi,008,008,001,002,009
S009C001P008R002A009_rgb.avi,008,009,001,002,009
S009C001P008R002A014_rgb.avi,008,014,001,002,009
S009C001P008R002A015_rgb.avi,008,015,001,002,009
S009C001P015R001A005_rgb.avi,015,005,001,001,009
S009C001P015R001A006_rgb.avi,015,006,001,001,009
S009C001P015R001A007_rgb.avi,015,007,001,001,009
S009C001P015R001A008_rgb.avi,015,008,001,001,009
S009C001P015R001A009_rgb.avi,015,009,001,001,009
S009C001P015R001A014_rgb.avi,015,014,001,001,009
S009C001P015R001A015_rgb.avi,015,015,001,001,009
S009C001P015R002A005_rgb.avi,015,005,001,002,009
S009C001P015R002A006_rgb.avi,015,006,001,002,009
S009C001P015R002A007_rgb.avi,015,007,001,002,009
S009C001P015R002A008_rgb.avi,015,008,001,002,009
S009C001P015R002A009_rgb.avi,015,009,001,002,009
S009C001P015R002A014_rgb.avi,015,014,001,002,009
S009C001P015R002A015_rgb.avi,015,015,001,002,009
S009C001P016R001A005_rgb.avi,016,005,001,001,009
S009C001P016R001A006_rgb.avi,016,006,001,001,009
S009C001P016R001A007_rgb.avi,016,007,001,001,009
S009C001P016R001A008_rgb.avi,016,008,001,001,009
S009C001P016R001A009_rgb.avi,016,009,001,001,009
S009C001P016R001A014_rgb.avi,016,014,001,001,009
S009C001P016R001A015_rgb.avi,016,015,001,001,009
S009C001P016R002A005_rgb.avi,016,005,001,002,009
S009C001P016R002A006_rgb.avi,016,006,001,002,009
S009C001P016R002A007_rgb.avi,016,007,001,002,009
S009C001P016R002A008_rgb.avi,016,008,001,002,009
S009C001P016R002A009_rgb.avi,016,009,001,002,009
S009C001P016R002A014_rgb.avi,016,014,001,002,009
S009C001P016R002A015_rgb.avi,016,015,001,002,009
S009C001P017R001A005_rgb.avi,017,005,001,001,009
S009C001P017R001A006_rgb.avi,017,006,001,001,009
S009C001P017R001A007_rgb.avi,017,007,001,001,009
S009C001P017R001A008_rgb.avi,017,008,001,001,009
S009C001P017R001A009_rgb.avi,017,009,001,001,009
S009C001P017R001A014_rgb.avi,017,014,001,001,009
S009C001P017R001A015_rgb.avi,017,015,001,001,009
S009C001P017R002A005_rgb.avi,017,005,001,002,009
S009C001P017R002A006_rgb.avi,017,006,001,002,009
S009C001P017R002A007_rgb.avi,017,007,001,002,009
S009C001P017R002A008_rgb.avi,017,008,001,002,009
S009C001P017R002A009_rgb.avi,017,009,001,002,009
S009C001P017R002A014_rgb.avi,017,014,001,002,009
S009C001P017R002A015_rgb.avi,017,015,001,002,009
S009C001P019R001A005_rgb.avi,019,005,001,001,009
S009C001P019R001A006_rgb.avi,019,006,001,001,009
S009C001P019R001A007_rgb.avi,019,007,001,001,009
S009C001P019R001A008_rgb.avi,019,008,001,001,009
S009C001P019R001A009_rgb.avi,019,009,001,001,009
S009C001P019R001A014_rgb.avi,019,014,001,001,009
S009C001P019R001A015_rgb.avi,019,015,001,001,009
S009C001P019R002A005_rgb.avi,019,005,001,002,009
S009C001P019R002A006_rgb.avi,019,006,001,002,009
S009C001P019R002A007_rgb.avi,019,007,001,002,009
S009C001P019R002A008_rgb.avi,019,008,001,002,009
S009C001P019R002A009_rgb.avi,019,009,001,002,009
S009C001P019R002A014_rgb.avi,019,014,001,002,009
S009C001P019R002A015_rgb.avi,019,015,001,002,009
S009C001P025R001A005_rgb.avi,025,005,001,001,009
S009C001P025R001A006_rgb.avi,025,006,001,001,009
S009C001P025R001A007_rgb.avi,025,007,001,001,009
S009C001P025R001A008_rgb.avi,025,008,001,001,009
S009C001P025R001A009_rgb.avi,025,009,001,001,009
S009C001P025R001A014_rgb.avi,025,014,001,001,009
S009C001P025R001A015_rgb.avi,025,015,001,001,009
S009C001P025R002A005_rgb.avi,025,005,001,002,009
S009C001P025R002A006_rgb.avi,025,006,001,002,009
S009C001P025R002A007_rgb.avi,025,007,001,002,009
S009C001P025R002A008_rgb.avi,025,008,001,002,009
S009C001P025R002A009_rgb.avi,025,009,001,002,009
S009C001P025R002A014_rgb.avi,025,014,001,002,009
S009C001P025R002A015_rgb.avi,025,015,001,002,009
S009C002P007R001A005_rgb.avi,007,005,002,001,009
S009C002P007R001A006_rgb.avi,007,006,002,001,009
S009C002P007R001A007_rgb.avi,007,007,002,001,009
S009C002P007R001A008_rgb.avi,007,008,002,001,009
S009C002P007R001A009_rgb.avi,007,009,002,001,009
S009C002P007R001A014_rgb.avi,007,014,002,001,009
S009C002P007R001A015_rgb.avi,007,015,002,001,009
S009C002P007R002A005_rgb.avi,007,005,002,002,009
S009C002P007R002A006_rgb.avi,007,006,002,002,009
S009C002P007R002A007_rgb.avi,007,007,002,002,009
S009C002P007R002A008_rgb.avi,007,008,002,002,009
S009C002P007R002A009_rgb.avi,007,009,002,002,009
S009C002P007R002A014_rgb.avi,007,014,002,002,009
S009C002P007R002A015_rgb.avi,007,015,002,002,009
S009C002P008R001A005_rgb.avi,008,005,002,001,009
S009C002P008R001A006_rgb.avi,008,006,002,001,009
S009C002P008R001A007_rgb.avi,008,007,002,001,009
S009C002P008R001A008_rgb.avi,008,008,002,001,009
S009C002P008R001A009_rgb.avi,008,009,002,001,009
S009C002P008R001A014_rgb.avi,008,014,002,001,009
S009C002P008R001A015_rgb.avi,008,015,002,001,009
S009C002P008R002A005_rgb.avi,008,005,002,002,009
S009C002P008R002A006_rgb.avi,008,006,002,002,009
S009C002P008R002A007_rgb.avi,008,007,002,002,009
S009C002P008R002A008_rgb.avi,008,008,002,002,009
S009C002P008R002A009_rgb.avi,008,009,002,002,009
S009C002P008R002A014_rgb.avi,008,014,002,002,009
S009C002P008R002A015_rgb.avi,008,015,002,002,009
S009C002P015R001A005_rgb.avi,015,005,002,001,009
S009C002P015R001A006_rgb.avi,015,006,002,001,009
S009C002P015R001A007_rgb.avi,015,007,002,001,009
S009C002P015R001A008_rgb.avi,015,008,002,001,009
S009C002P015R001A009_rgb.avi,015,009,002,001,009
S009C002P015R001A014_rgb.avi,015,014,002,001,009
S009C002P015R001A015_rgb.avi,015,015,002,001,009
S009C002P015R002A005_rgb.avi,015,005,002,002,009
S009C002P015R002A006_rgb.avi,015,006,002,002,009
S009C002P015R002A007_rgb.avi,015,007,002,002,009
S009C002P015R002A008_rgb.avi,015,008,002,002,009
S009C002P015R002A009_rgb.avi,015,009,002,002,009
S009C002P015R002A014_rgb.avi,015,014,002,002,009
S009C002P015R002A015_rgb.avi,015,015,002,002,009
S009C002P016R001A005_rgb.avi,016,005,002,001,009
S009C002P016R001A006_rgb.avi,016,006,002,001,009
S009C002P016R001A007_rgb.avi,016,007,002,001,009
S009C002P016R001A008_rgb.avi,016,008,002,001,009
S009C002P016R001A009_rgb.avi,016,009,002,001,009
S009C002P016R001A014_rgb.avi,016,014,002,001,009
S009C002P016R001A015_rgb.avi,016,015,002,001,009
S009C002P016R002A005_rgb.avi,016,005,002,002,009
S009C002P016R002A006_rgb.avi,016,006,002,002,009
S009C002P016R002A007_rgb.avi,016,007,002,002,009
S009C002P016R002A008_rgb.avi,016,008,002,002,009
S009C002P016R002A009_rgb.avi,016,009,002,002,009
S009C002P016R002A014_rgb.avi,016,014,002,002,009
S009C002P016R002A015_rgb.avi,016,015,002,002,009
S009C002P017R001A005_rgb.avi,017,005,002,001,009
S009C002P017R001A006_rgb.avi,017,006,002,001,009
S009C002P017R001A007_rgb.avi,017,007,002,001,009
S009C002P017R001A008_rgb.avi,017,008,002,001,009
S009C002P017R001A009_rgb.avi,017,009,002,001,009
S009C002P017R001A014_rgb.avi,017,014,002,001,009
S009C002P017R001A015_rgb.avi,017,015,002,001,009
S009C002P017R002A005_rgb.avi,017,005,002,002,009
S009C002P017R002A006_rgb.avi,017,006,002,002,009
S009C002P017R002A007_rgb.avi,017,007,002,002,009
S009C002P017R002A008_rgb.avi,017,008,002,002,009
S009C002P017R002A009_rgb.avi,017,009,002,002,009
S009C002P017R002A014_rgb.avi,017,014,002,002,009
S009C002P017R002A015_rgb.avi,017,015,002,002,009
S009C002P019R001A005_rgb.avi,019,005,002,001,009
S009C002P019R001A006_rgb.avi,019,006,002,001,009
S009C002P019R001A007_rgb.avi,019,007,002,001,009
S009C002P019R001A008_rgb.avi,019,008,002,001,009
S009C002P019R001A009_rgb.avi,019,009,002,001,009
S009C002P019R001A014_rgb.avi,019,014,002,001,009
S009C002P019R001A015_rgb.avi,019,015,002,001,009
S009C002P019R002A005_rgb.avi,019,005,002,002,009
S009C002P019R002A006_rgb.avi,019,006,002,002,009
S009C002P019R002A007_rgb.avi,019,007,002,002,009
S009C002P019R002A008_rgb.avi,019,008,002,002,009
S009C002P019R002A009_rgb.avi,019,009,002,002,009
S009C002P019R002A014_rgb.avi,019,014,002,002,009
S009C002P019R002A015_rgb.avi,019,015,002,002,009
S009C002P025R001A005_rgb.avi,025,005,002,001,009
S009C002P025R001A006_rgb.avi,025,006,002,001,009
S009C002P025R001A007_rgb.avi,025,007,002,001,009
S009C002P025R001A008_rgb.avi,025,008,002,001,009
S009C002P025R001A009_rgb.avi,025,009,002,001,009
S009C002P025R001A014_rgb.avi,025,014,002,001,009
S009C002P025R001A015_rgb.avi,025,015,002,001,009
S009C002P025R002A005_rgb.avi,025,005,002,002,009
S009C002P025R002A006_rgb.avi,025,006,002,002,009
S009C002P025R002A007_rgb.avi,025,007,002,002,009
S009C002P025R002A008_rgb.avi,025,008,002,002,009
S009C002P025R002A009_rgb.avi,025,009,002,002,009
S009C002P025R002A014_rgb.avi,025,014,002,002,009
S009C002P025R002A015_rgb.avi,025,015,002,002,009
S009C003P007R001A005_rgb.avi,007,005,003,001,009
S009C003P007R001A006_rgb.avi,007,006,003,001,009
S009C003P007R001A007_rgb.avi,007,007,003,001,009
S009C003P007R001A008_rgb.avi,007,008,003,001,009
S009C003P007R001A009_rgb.avi,007,009,003,001,009
S009C003P007R001A014_rgb.avi,007,014,003,001,009
S009C003P007R001A015_rgb.avi,007,015,003,001,009
S009C003P007R002A005_rgb.avi,007,005,003,002,009
S009C003P007R002A006_rgb.avi,007,006,003,002,009
S009C003P007R002A007_rgb.avi,007,007,003,002,009
S009C003P007R002A008_rgb.avi,007,008,003,002,009
S009C003P007R002A009_rgb.avi,007,009,003,002,009
S009C003P007R002A014_rgb.avi,007,014,003,002,009
S009C003P007R002A015_rgb.avi,007,015,003,002,009
S009C003P008R001A005_rgb.avi,008,005,003,001,009
S009C003P008R001A006_rgb.avi,008,006,003,001,009
S009C003P008R001A007_rgb.avi,008,007,003,001,009
S009C003P008R001A008_rgb.avi,008,008,003,001,009
S009C003P008R001A009_rgb.avi,008,009,003,001,009
S009C003P008R001A014_rgb.avi,008,014,003,001,009
S009C003P008R001A015_rgb.avi,008,015,003,001,009
S009C003P008R002A005_rgb.avi,008,005,003,002,009
S009C003P008R002A006_rgb.avi,008,006,003,002,009
S009C003P008R002A007_rgb.avi,008,007,003,002,009
S009C003P008R002A008_rgb.avi,008,008,003,002,009
S009C003P008R002A009_rgb.avi,008,009,003,002,009
S009C003P008R002A014_rgb.avi,008,014,003,002,009
S009C003P008R002A015_rgb.avi,008,015,003,002,009
S009C003P015R001A005_rgb.avi,015,005,003,001,009
S009C003P015R001A006_rgb.avi,015,006,003,001,009
S009C003P015R001A007_rgb.avi,015,007,003,001,009
S009C003P015R001A008_rgb.avi,015,008,003,001,009
S009C003P015R001A009_rgb.avi,015,009,003,001,009
S009C003P015R001A014_rgb.avi,015,014,003,001,009
S009C003P015R001A015_rgb.avi,015,015,003,001,009
S009C003P015R002A005_rgb.avi,015,005,003,002,009
S009C003P015R002A006_rgb.avi,015,006,003,002,009
S009C003P015R002A007_rgb.avi,015,007,003,002,009
S009C003P015R002A008_rgb.avi,015,008,003,002,009
S009C003P015R002A009_rgb.avi,015,009,003,002,009
S009C003P015R002A014_rgb.avi,015,014,003,002,009
S009C003P015R002A015_rgb.avi,015,015,003,002,009
S009C003P016R001A005_rgb.avi,016,005,003,001,009
S009C003P016R001A006_rgb.avi,016,006,003,001,009
S009C003P016R001A007_rgb.avi,016,007,003,001,009
S009C003P016R001A008_rgb.avi,016,008,003,001,009
S009C003P016R001A009_rgb.avi,016,009,003,001,009
S009C003P016R001A014_rgb.avi,016,014,003,001,009
S009C003P016R001A015_rgb.avi,016,015,003,001,009
S009C003P016R002A005_rgb.avi,016,005,003,002,009
S009C003P016R002A006_rgb.avi,016,006,003,002,009
S009C003P016R002A007_rgb.avi,016,007,003,002,009
S009C003P016R002A008_rgb.avi,016,008,003,002,009
S009C003P016R002A009_rgb.avi,016,009,003,002,009
S009C003P016R002A014_rgb.avi,016,014,003,002,009
S009C003P016R002A015_rgb.avi,016,015,003,002,009
S009C003P017R001A005_rgb.avi,017,005,003,001,009
S009C003P017R001A006_rgb.avi,017,006,003,001,009
S009C003P017R001A007_rgb.avi,017,007,003,001,009
S009C003P017R001A008_rgb.avi,017,008,003,001,009
S009C003P017R001A009_rgb.avi,017,009,003,001,009
S009C003P017R001A014_rgb.avi,017,014,003,001,009
S009C003P017R001A015_rgb.avi,017,015,003,001,009
S009C003P017R002A005_rgb.avi,017,005,003,002,009
S009C003P017R002A006_rgb.avi,017,006,003,002,009
S009C003P017R002A007_rgb.avi,017,007,003,002,009
S009C003P017R002A008_rgb.avi,017,008,003,002,009
S009C003P017R002A009_rgb.avi,017,009,003,002,009
S009C003P017R002A014_rgb.avi,017,014,003,002,009
S009C003P017R002A015_rgb.avi,017,015,003,002,009
S009C003P019R001A005_rgb.avi,019,005,003,001,009
S009C003P019R001A006_rgb.avi,019,006,003,001,009
S009C003P019R001A007_rgb.avi,019,007,003,001,009
S009C003P019R001A008_rgb.avi,019,008,003,001,009
S009C003P019R001A009_rgb.avi,019,009,003,001,009
S009C003P019R001A014_rgb.avi,019,014,003,001,009
S009C003P019R001A015_rgb.avi,019,015,003,001,009
S009C003P019R002A005_rgb.avi,019,005,003,002,009
S009C003P019R002A006_rgb.avi,019,006,003,002,009
S009C003P019R002A007_rgb.avi,019,007,003,002,009
S009C003P019R002A008_rgb.avi,019,008,003,002,009
S009C003P019R002A009_rgb.avi,019,009,003,002,009
S009C003P019R002A014_rgb.avi,019,014,003,002,009
S009C003P019R002A015_rgb.avi,019,015,003,002,009
S009C003P025R001A005_rgb.avi,025,005,003,001,009
S009C003P025R001A006_rgb.avi,025,006,003,001,009
S009C003P025R001A007_rgb.avi,025,007,003,001,009
S009C003P025R001A008_rgb.avi,025,008,003,001,009
S009C003P025R001A009_rgb.avi,025,009,003,001,009
S009C003P025R001A014_rgb.avi,025,014,003,001,009
S009C003P025R001A015_rgb.avi,025,015,003,001,009
S009C003P025R002A005_rgb.avi,025,005,003,002,009
S009C003P025R002A006_rgb.avi,025,006,003,002,009
S009C003P025R002A007_rgb.avi,025,007,003,002,009
S009C003P025R002A008_rgb.avi,025,008,003,002,009
S009C003P025R002A009_rgb.avi,025,009,003,002,009
S009C003P025R002A014_rgb.avi,025,014,003,002,009
S009C003P025R002A015_rgb.avi,025,015,003,002,009
S010C001P007R001A005_rgb.avi,007,005,001,001,010
S010C001P007R001A006_rgb.avi,007,006,001,001,010
S010C001P007R001A007_rgb.avi,007,007,001,001,010
S010C001P007R001A008_rgb.avi,007,008,001,001,010
S010C001P007R001A009_rgb.avi,007,009,001,001,010
S010C001P007R001A014_rgb.avi,007,014,001,001,010
S010C001P007R001A015_rgb.avi,007,015,001,001,010
S010C001P007R002A005_rgb.avi,007,005,001,002,010
S010C001P007R002A006_rgb.avi,007,006,001,002,010
S010C001P007R002A007_rgb.avi,007,007,001,002,010
S010C001P007R002A008_rgb.avi,007,008,001,002,010
S010C001P007R002A009_rgb.avi,007,009,001,002,010
S010C001P007R002A014_rgb.avi,007,014,001,002,010
S010C001P007R002A015_rgb.avi,007,015,001,002,010
S010C001P008R001A005_rgb.avi,008,005,001,001,010
S010C001P008R001A006_rgb.avi,008,006,001,001,010
S010C001P008R001A007_rgb.avi,008,007,001,001,010
S010C001P008R001A008_rgb.avi,008,008,001,001,010
S010C001P008R001A009_rgb.avi,008,009,001,001,010
S010C001P008R001A014_rgb.avi,008,014,001,001,010
S010C001P008R001A015_rgb.avi,008,015,001,001,010
S010C001P008R002A005_rgb.avi,008,005,001,002,010
S010C001P008R002A006_rgb.avi,008,006,001,002,010
S010C001P008R002A007_rgb.avi,008,007,001,002,010
S010C001P008R002A008_rgb.avi,008,008,001,002,010
S010C001P008R002A009_rgb.avi,008,009,001,002,010
S010C001P008R002A014_rgb.avi,008,014,001,002,010
S010C001P008R002A015_rgb.avi,008,015,001,002,010
S010C001P013R001A005_rgb.avi,013,005,001,001,010
S010C001P013R001A006_rgb.avi,013,006,001,001,010
S010C001P013R001A007_rgb.avi,013,007,001,001,010
S010C001P013R001A008_rgb.avi,013,008,001,001,010
S010C001P013R001A009_rgb.avi,013,009,001,001,010
S010C001P013R001A014_rgb.avi,013,014,001,001,010
S010C001P013R001A015_rgb.avi,013,015,001,001,010
S010C001P013R002A005_rgb.avi,013,005,001,002,010
S010C001P013R002A006_rgb.avi,013,006,001,002,010
S010C001P013R002A007_rgb.avi,013,007,001,002,010
S010C001P013R002A008_rgb.avi,013,008,001,002,010
S010C001P013R002A009_rgb.avi,013,009,001,002,010
S010C001P013R002A014_rgb.avi,013,014,001,002,010
S010C001P013R002A015_rgb.avi,013,015,001,002,010
S010C001P015R001A005_rgb.avi,015,005,001,001,010
S010C001P015R001A006_rgb.avi,015,006,001,001,010
S010C001P015R001A007_rgb.avi,015,007,001,001,010
S010C001P015R001A008_rgb.avi,015,008,001,001,010
S010C001P015R001A009_rgb.avi,015,009,001,001,010
S010C001P015R001A014_rgb.avi,015,014,001,001,010
S010C001P015R001A015_rgb.avi,015,015,001,001,010
S010C001P015R002A005_rgb.avi,015,005,001,002,010
S010C001P015R002A006_rgb.avi,015,006,001,002,010
S010C001P015R002A007_rgb.avi,015,007,001,002,010
S010C001P015R002A008_rgb.avi,015,008,001,002,010
S010C001P015R002A009_rgb.avi,015,009,001,002,010
S010C001P015R002A014_rgb.avi,015,014,001,002,010
S010C001P015R002A015_rgb.avi,015,015,001,002,010
S010C001P016R001A005_rgb.avi,016,005,001,001,010
S010C001P016R001A006_rgb.avi,016,006,001,001,010
S010C001P016R001A007_rgb.avi,016,007,001,001,010
S010C001P016R001A008_rgb.avi,016,008,001,001,010
S010C001P016R001A009_rgb.avi,016,009,001,001,010
S010C001P016R001A014_rgb.avi,016,014,001,001,010
S010C001P016R001A015_rgb.avi,016,015,001,001,010
S010C001P016R002A005_rgb.avi,016,005,001,002,010
S010C001P016R002A006_rgb.avi,016,006,001,002,010
S010C001P016R002A007_rgb.avi,016,007,001,002,010
S010C001P016R002A008_rgb.avi,016,008,001,002,010
S010C001P016R002A009_rgb.avi,016,009,001,002,010
S010C001P016R002A014_rgb.avi,016,014,001,002,010
S010C001P016R002A015_rgb.avi,016,015,001,002,010
S010C001P017R001A005_rgb.avi,017,005,001,001,010
S010C001P017R001A006_rgb.avi,017,006,001,001,010
S010C001P017R001A007_rgb.avi,017,007,001,001,010
S010C001P017R001A008_rgb.avi,017,008,001,001,010
S010C001P017R001A009_rgb.avi,017,009,001,001,010
S010C001P017R001A014_rgb.avi,017,014,001,001,010
S010C001P017R001A015_rgb.avi,017,015,001,001,010
S010C001P017R002A005_rgb.avi,017,005,001,002,010
S010C001P017R002A006_rgb.avi,017,006,001,002,010
S010C001P017R002A007_rgb.avi,017,007,001,002,010
S010C001P017R002A008_rgb.avi,017,008,001,002,010
S010C001P017R002A009_rgb.avi,017,009,001,002,010
S010C001P017R002A014_rgb.avi,017,014,001,002,010
S010C001P017R002A015_rgb.avi,017,015,001,002,010
S010C001P018R001A005_rgb.avi,018,005,001,001,010
S010C001P018R001A006_rgb.avi,018,006,001,001,010
S010C001P018R001A007_rgb.avi,018,007,001,001,010
S010C001P018R001A008_rgb.avi,018,008,001,001,010
S010C001P018R001A009_rgb.avi,018,009,001,001,010
S010C001P018R001A014_rgb.avi,018,014,001,001,010
S010C001P018R001A015_rgb.avi,018,015,001,001,010
S010C001P018R002A005_rgb.avi,018,005,001,002,010
S010C001P018R002A006_rgb.avi,018,006,001,002,010
S010C001P018R002A007_rgb.avi,018,007,001,002,010
S010C001P018R002A008_rgb.avi,018,008,001,002,010
S010C001P018R002A009_rgb.avi,018,009,001,002,010
S010C001P018R002A014_rgb.avi,018,014,001,002,010
S010C001P018R002A015_rgb.avi,018,015,001,002,010
S010C001P019R001A005_rgb.avi,019,005,001,001,010
S010C001P019R001A006_rgb.avi,019,006,001,001,010
S010C001P019R001A007_rgb.avi,019,007,001,001,010
S010C001P019R001A008_rgb.avi,019,008,001,001,010
S010C001P019R001A009_rgb.avi,019,009,001,001,010
S010C001P019R001A014_rgb.avi,019,014,001,001,010
S010C001P019R001A015_rgb.avi,019,015,001,001,010
S010C001P019R002A005_rgb.avi,019,005,001,002,010
S010C001P019R002A006_rgb.avi,019,006,001,002,010
S010C001P019R002A007_rgb.avi,019,007,001,002,010
S010C001P019R002A008_rgb.avi,019,008,001,002,010
S010C001P019R002A009_rgb.avi,019,009,001,002,010
S010C001P019R002A014_rgb.avi,019,014,001,002,010
S010C001P019R002A015_rgb.avi,019,015,001,002,010
S010C001P021R001A005_rgb.avi,021,005,001,001,010
S010C001P021R001A006_rgb.avi,021,006,001,001,010
S010C001P021R001A007_rgb.avi,021,007,001,001,010
S010C001P021R001A008_rgb.avi,021,008,001,001,010
S010C001P021R001A009_rgb.avi,021,009,001,001,010
S010C001P021R001A014_rgb.avi,021,014,001,001,010
S010C001P021R001A015_rgb.avi,021,015,001,001,010
S010C001P021R002A005_rgb.avi,021,005,001,002,010
S010C001P021R002A006_rgb.avi,021,006,001,002,010
S010C001P021R002A007_rgb.avi,021,007,001,002,010
S010C001P021R002A008_rgb.avi,021,008,001,002,010
S010C001P021R002A009_rgb.avi,021,009,001,002,010
S010C001P021R002A014_rgb.avi,021,014,001,002,010
S010C001P021R002A015_rgb.avi,021,015,001,002,010
S010C001P025R001A005_rgb.avi,025,005,001,001,010
S010C001P025R001A006_rgb.avi,025,006,001,001,010
S010C001P025R001A007_rgb.avi,025,007,001,001,010
S010C001P025R001A008_rgb.avi,025,008,001,001,010
S010C001P025R001A009_rgb.avi,025,009,001,001,010
S010C001P025R001A014_rgb.avi,025,014,001,001,010
S010C001P025R001A015_rgb.avi,025,015,001,001,010
S010C001P025R002A005_rgb.avi,025,005,001,002,010
S010C001P025R002A006_rgb.avi,025,006,001,002,010
S010C001P025R002A007_rgb.avi,025,007,001,002,010
S010C001P025R002A008_rgb.avi,025,008,001,002,010
S010C001P025R002A009_rgb.avi,025,009,001,002,010
S010C001P025R002A014_rgb.avi,025,014,001,002,010
S010C001P025R002A015_rgb.avi,025,015,001,002,010
S010C002P007R001A005_rgb.avi,007,005,002,001,010
S010C002P007R001A006_rgb.avi,007,006,002,001,010
S010C002P007R001A007_rgb.avi,007,007,002,001,010
S010C002P007R001A008_rgb.avi,007,008,002,001,010
S010C002P007R001A009_rgb.avi,007,009,002,001,010
S010C002P007R001A014_rgb.avi,007,014,002,001,010
S010C002P007R001A015_rgb.avi,007,015,002,001,010
S010C002P007R002A005_rgb.avi,007,005,002,002,010
S010C002P007R002A006_rgb.avi,007,006,002,002,010
S010C002P007R002A007_rgb.avi,007,007,002,002,010
S010C002P007R002A008_rgb.avi,007,008,002,002,010
S010C002P007R002A009_rgb.avi,007,009,002,002,010
S010C002P007R002A014_rgb.avi,007,014,002,002,010
S010C002P007R002A015_rgb.avi,007,015,002,002,010
S010C002P008R001A005_rgb.avi,008,005,002,001,010
S010C002P008R001A006_rgb.avi,008,006,002,001,010
S010C002P008R001A007_rgb.avi,008,007,002,001,010
S010C002P008R001A008_rgb.avi,008,008,002,001,010
S010C002P008R001A009_rgb.avi,008,009,002,001,010
S010C002P008R001A014_rgb.avi,008,014,002,001,010
S010C002P008R001A015_rgb.avi,008,015,002,001,010
S010C002P008R002A005_rgb.avi,008,005,002,002,010
S010C002P008R002A006_rgb.avi,008,006,002,002,010
S010C002P008R002A007_rgb.avi,008,007,002,002,010
S010C002P008R002A008_rgb.avi,008,008,002,002,010
S010C002P008R002A009_rgb.avi,008,009,002,002,010
S010C002P008R002A014_rgb.avi,008,014,002,002,010
S010C002P008R002A015_rgb.avi,008,015,002,002,010
S010C002P013R001A005_rgb.avi,013,005,002,001,010
S010C002P013R001A006_rgb.avi,013,006,002,001,010
S010C002P013R001A007_rgb.avi,013,007,002,001,010
S010C002P013R001A008_rgb.avi,013,008,002,001,010
S010C002P013R001A009_rgb.avi,013,009,002,001,010
S010C002P013R001A014_rgb.avi,013,014,002,001,010
S010C002P013R001A015_rgb.avi,013,015,002,001,010
S010C002P013R002A005_rgb.avi,013,005,002,002,010
S010C002P013R002A006_rgb.avi,013,006,002,002,010
S010C002P013R002A007_rgb.avi,013,007,002,002,010
S010C002P013R002A008_rgb.avi,013,008,002,002,010
S010C002P013R002A009_rgb.avi,013,009,002,002,010
S010C002P013R002A014_rgb.avi,013,014,002,002,010
S010C002P013R002A015_rgb.avi,013,015,002,002,010
S010C002P015R001A005_rgb.avi,015,005,002,001,010
S010C002P015R001A006_rgb.avi,015,006,002,001,010
S010C002P015R001A007_rgb.avi,015,007,002,001,010
S010C002P015R001A008_rgb.avi,015,008,002,001,010
S010C002P015R001A009_rgb.avi,015,009,002,001,010
S010C002P015R001A014_rgb.avi,015,014,002,001,010
S010C002P015R001A015_rgb.avi,015,015,002,001,010
S010C002P015R002A005_rgb.avi,015,005,002,002,010
S010C002P015R002A006_rgb.avi,015,006,002,002,010
S010C002P015R002A007_rgb.avi,015,007,002,002,010
S010C002P015R002A008_rgb.avi,015,008,002,002,010
S010C002P015R002A009_rgb.avi,015,009,002,002,010
S010C002P015R002A014_rgb.avi,015,014,002,002,010
S010C002P015R002A015_rgb.avi,015,015,002,002,010
S010C002P016R001A005_rgb.avi,016,005,002,001,010
S010C002P016R001A006_rgb.avi,016,006,002,001,010
S010C002P016R001A007_rgb.avi,016,007,002,001,010
S010C002P016R001A008_rgb.avi,016,008,002,001,010
S010C002P016R001A009_rgb.avi,016,009,002,001,010
S010C002P016R001A014_rgb.avi,016,014,002,001,010
S010C002P016R001A015_rgb.avi,016,015,002,001,010
S010C002P016R002A005_rgb.avi,016,005,002,002,010
S010C002P016R002A006_rgb.avi,016,006,002,002,010
S010C002P016R002A007_rgb.avi,016,007,002,002,010
S010C002P016R002A008_rgb.avi,016,008,002,002,010
S010C002P016R002A009_rgb.avi,016,009,002,002,010
S010C002P016R002A014_rgb.avi,016,014,002,002,010
S010C002P016R002A015_rgb.avi,016,015,002,002,010
S010C002P017R001A005_rgb.avi,017,005,002,001,010
S010C002P017R001A006_rgb.avi,017,006,002,001,010
S010C002P017R001A007_rgb.avi,017,007,002,001,010
S010C002P017R001A008_rgb.avi,017,008,002,001,010
S010C002P017R001A009_rgb.avi,017,009,002,001,010
S010C002P017R001A014_rgb.avi,017,014,002,001,010
S010C002P017R001A015_rgb.avi,017,015,002,001,010
S010C002P017R002A005_rgb.avi,017,005,002,002,010
S010C002P017R002A006_rgb.avi,017,006,002,002,010
S010C002P017R002A007_rgb.avi,017,007,002,002,010
S010C002P017R002A008_rgb.avi,017,008,002,002,010
S010C002P017R002A009_rgb.avi,017,009,002,002,010
S010C002P017R002A014_rgb.avi,017,014,002,002,010
S010C002P017R002A015_rgb.avi,017,015,002,002,010
S010C002P018R001A005_rgb.avi,018,005,002,001,010
S010C002P018R001A006_rgb.avi,018,006,002,001,010
S010C002P018R001A007_rgb.avi,018,007,002,001,010
S010C002P018R001A008_rgb.avi,018,008,002,001,010
S010C002P018R001A009_rgb.avi,018,009,002,001,010
S010C002P018R001A014_rgb.avi,018,014,002,001,010
S010C002P018R001A015_rgb.avi,018,015,002,001,010
S010C002P018R002A005_rgb.avi,018,005,002,002,010
S010C002P018R002A006_rgb.avi,018,006,002,002,010
S010C002P018R002A007_rgb.avi,018,007,002,002,010
S010C002P018R002A008_rgb.avi,018,008,002,002,010
S010C002P018R002A009_rgb.avi,018,009,002,002,010
S010C002P018R002A014_rgb.avi,018,014,002,002,010
S010C002P018R002A015_rgb.avi,018,015,002,002,010
S010C002P019R001A005_rgb.avi,019,005,002,001,010
S010C002P019R001A006_rgb.avi,019,006,002,001,010
S010C002P019R001A007_rgb.avi,019,007,002,001,010
S010C002P019R001A008_rgb.avi,019,008,002,001,010
S010C002P019R001A009_rgb.avi,019,009,002,001,010
S010C002P019R001A014_rgb.avi,019,014,002,001,010
S010C002P019R001A015_rgb.avi,019,015,002,001,010
S010C002P019R002A005_rgb.avi,019,005,002,002,010
S010C002P019R002A006_rgb.avi,019,006,002,002,010
S010C002P019R002A007_rgb.avi,019,007,002,002,010
S010C002P019R002A008_rgb.avi,019,008,002,002,010
S010C002P019R002A009_rgb.avi,019,009,002,002,010
S010C002P019R002A014_rgb.avi,019,014,002,002,010
S010C002P019R002A015_rgb.avi,019,015,002,002,010
S010C002P021R001A005_rgb.avi,021,005,002,001,010
S010C002P021R001A006_rgb.avi,021,006,002,001,010
S010C002P021R001A007_rgb.avi,021,007,002,001,010
S010C002P021R001A008_rgb.avi,021,008,002,001,010
S010C002P021R001A009_rgb.avi,021,009,002,001,010
S010C002P021R001A014_rgb.avi,021,014,002,001,010
S010C002P021R001A015_rgb.avi,021,015,002,001,010
S010C002P021R002A005_rgb.avi,021,005,002,002,010
S010C002P021R002A006_rgb.avi,021,006,002,002,010
S010C002P021R002A007_rgb.avi,021,007,002,002,010
S010C002P021R002A008_rgb.avi,021,008,002,002,010
S010C002P021R002A009_rgb.avi,021,009,002,002,010
S010C002P021R002A014_rgb.avi,021,014,002,002,010
S010C002P021R002A015_rgb.avi,021,015,002,002,010
S010C002P025R001A005_rgb.avi,025,005,002,001,010
S010C002P025R001A006_rgb.avi,025,006,002,001,010
S010C002P025R001A007_rgb.avi,025,007,002,001,010
S010C002P025R001A008_rgb.avi,025,008,002,001,010
S010C002P025R001A009_rgb.avi,025,009,002,001,010
S010C002P025R001A014_rgb.avi,025,014,002,001,010
S010C002P025R001A015_rgb.avi,025,015,002,001,010
S010C002P025R002A005_rgb.avi,025,005,002,002,010
S010C002P025R002A006_rgb.avi,025,006,002,002,010
S010C002P025R002A007_rgb.avi,025,007,002,002,010
S010C002P025R002A008_rgb.avi,025,008,002,002,010
S010C002P025R002A009_rgb.avi,025,009,002,002,010
S010C002P025R002A014_rgb.avi,025,014,002,002,010
S010C002P025R002A015_rgb.avi,025,015,002,002,010
S010C003P007R001A005_rgb.avi,007,005,003,001,010
S010C003P007R001A006_rgb.avi,007,006,003,001,010
S010C003P007R001A007_rgb.avi,007,007,003,001,010
S010C003P007R001A008_rgb.avi,007,008,003,001,010
S010C003P007R001A009_rgb.avi,007,009,003,001,010
S010C003P007R001A014_rgb.avi,007,014,003,001,010
S010C003P007R001A015_rgb.avi,007,015,003,001,010
S010C003P007R002A005_rgb.avi,007,005,003,002,010
S010C003P007R002A006_rgb.avi,007,006,003,002,010
S010C003P007R002A007_rgb.avi,007,007,003,002,010
S010C003P007R002A008_rgb.avi,007,008,003,002,010
S010C003P007R002A009_rgb.avi,007,009,003,002,010
S010C003P007R002A014_rgb.avi,007,014,003,002,010
S010C003P007R002A015_rgb.avi,007,015,003,002,010
S010C003P008R001A005_rgb.avi,008,005,003,001,010
S010C003P008R001A006_rgb.avi,008,006,003,001,010
S010C003P008R001A007_rgb.avi,008,007,003,001,010
S010C003P008R001A008_rgb.avi,008,008,003,001,010
S010C003P008R001A009_rgb.avi,008,009,003,001,010
S010C003P008R001A014_rgb.avi,008,014,003,001,010
S010C003P008R001A015_rgb.avi,008,015,003,001,010
S010C003P008R002A005_rgb.avi,008,005,003,002,010
S010C003P008R002A006_rgb.avi,008,006,003,002,010
S010C003P008R002A007_rgb.avi,008,007,003,002,010
S010C003P008R002A008_rgb.avi,008,008,003,002,010
S010C003P008R002A009_rgb.avi,008,009,003,002,010
S010C003P008R002A014_rgb.avi,008,014,003,002,010
S010C003P008R002A015_rgb.avi,008,015,003,002,010
S010C003P013R001A005_rgb.avi,013,005,003,001,010
S010C003P013R001A006_rgb.avi,013,006,003,001,010
S010C003P013R001A007_rgb.avi,013,007,003,001,010
S010C003P013R001A008_rgb.avi,013,008,003,001,010
S010C003P013R001A009_rgb.avi,013,009,003,001,010
S010C003P013R001A014_rgb.avi,013,014,003,001,010
S010C003P013R001A015_rgb.avi,013,015,003,001,010
S010C003P013R002A005_rgb.avi,013,005,003,002,010
S010C003P013R002A006_rgb.avi,013,006,003,002,010
S010C003P013R002A007_rgb.avi,013,007,003,002,010
S010C003P013R002A008_rgb.avi,013,008,003,002,010
S010C003P013R002A009_rgb.avi,013,009,003,002,010
S010C003P013R002A014_rgb.avi,013,014,003,002,010
S010C003P013R002A015_rgb.avi,013,015,003,002,010
S010C003P015R001A005_rgb.avi,015,005,003,001,010
S010C003P015R001A006_rgb.avi,015,006,003,001,010
S010C003P015R001A007_rgb.avi,015,007,003,001,010
S010C003P015R001A008_rgb.avi,015,008,003,001,010
S010C003P015R001A009_rgb.avi,015,009,003,001,010
S010C003P015R001A014_rgb.avi,015,014,003,001,010
S010C003P015R001A015_rgb.avi,015,015,003,001,010
S010C003P015R002A005_rgb.avi,015,005,003,002,010
S010C003P015R002A006_rgb.avi,015,006,003,002,010
S010C003P015R002A007_rgb.avi,015,007,003,002,010
S010C003P015R002A008_rgb.avi,015,008,003,002,010
S010C003P015R002A009_rgb.avi,015,009,003,002,010
S010C003P015R002A014_rgb.avi,015,014,003,002,010
S010C003P015R002A015_rgb.avi,015,015,003,002,010
S010C003P016R001A005_rgb.avi,016,005,003,001,010
S010C003P016R001A006_rgb.avi,016,006,003,001,010
S010C003P016R001A007_rgb.avi,016,007,003,001,010
S010C003P016R001A008_rgb.avi,016,008,003,001,010
S010C003P016R001A009_rgb.avi,016,009,003,001,010
S010C003P016R001A014_rgb.avi,016,014,003,001,010
S010C003P016R001A015_rgb.avi,016,015,003,001,010
S010C003P016R002A005_rgb.avi,016,005,003,002,010
S010C003P016R002A006_rgb.avi,016,006,003,002,010
S010C003P016R002A007_rgb.avi,016,007,003,002,010
S010C003P016R002A008_rgb.avi,016,008,003,002,010
S010C003P016R002A009_rgb.avi,016,009,003,002,010
S010C003P016R002A014_rgb.avi,016,014,003,002,010
S010C003P016R002A015_rgb.avi,016,015,003,002,010
S010C003P017R001A005_rgb.avi,017,005,003,001,010
S010C003P017R001A006_rgb.avi,017,006,003,001,010
S010C003P017R001A007_rgb.avi,017,007,003,001,010
S010C003P017R001A008_rgb.avi,017,008,003,001,010
S010C003P017R001A009_rgb.avi,017,009,003,001,010
S010C003P017R001A014_rgb.avi,017,014,003,001,010
S010C003P017R001A015_rgb.avi,017,015,003,001,010
S010C003P017R002A005_rgb.avi,017,005,003,002,010
S010C003P017R002A006_rgb.avi,017,006,003,002,010
S010C003P017R002A007_rgb.avi,017,007,003,002,010
S010C003P017R002A008_rgb.avi,017,008,003,002,010
S010C003P017R002A009_rgb.avi,017,009,003,002,010
S010C003P017R002A014_rgb.avi,017,014,003,002,010
S010C003P017R002A015_rgb.avi,017,015,003,002,010
S010C003P018R001A005_rgb.avi,018,005,003,001,010
S010C003P018R001A006_rgb.avi,018,006,003,001,010
S010C003P018R001A007_rgb.avi,018,007,003,001,010
S010C003P018R001A008_rgb.avi,018,008,003,001,010
S010C003P018R001A009_rgb.avi,018,009,003,001,010
S010C003P018R001A014_rgb.avi,018,014,003,001,010
S010C003P018R001A015_rgb.avi,018,015,003,001,010
S010C003P018R002A005_rgb.avi,018,005,003,002,010
S010C003P018R002A006_rgb.avi,018,006,003,002,010
S010C003P018R002A007_rgb.avi,018,007,003,002,010
S010C003P018R002A008_rgb.avi,018,008,003,002,010
S010C003P018R002A009_rgb.avi,018,009,003,002,010
S010C003P018R002A014_rgb.avi,018,014,003,002,010
S010C003P018R002A015_rgb.avi,018,015,003,002,010
S010C003P019R001A005_rgb.avi,019,005,003,001,010
S010C003P019R001A006_rgb.avi,019,006,003,001,010
S010C003P019R001A007_rgb.avi,019,007,003,001,010
S010C003P019R001A008_rgb.avi,019,008,003,001,010
S010C003P019R001A009_rgb.avi,019,009,003,001,010
S010C003P019R001A014_rgb.avi,019,014,003,001,010
S010C003P019R001A015_rgb.avi,019,015,003,001,010
S010C003P019R002A005_rgb.avi,019,005,003,002,010
S010C003P019R002A006_rgb.avi,019,006,003,002,010
S010C003P019R002A007_rgb.avi,019,007,003,002,010
S010C003P019R002A008_rgb.avi,019,008,003,002,010
S010C003P019R002A009_rgb.avi,019,009,003,002,010
S010C003P019R002A014_rgb.avi,019,014,003,002,010
S010C003P019R002A015_rgb.avi,019,015,003,002,010
S010C003P021R001A005_rgb.avi,021,005,003,001,010
S010C003P021R001A006_rgb.avi,021,006,003,001,010
S010C003P021R001A007_rgb.avi,021,007,003,001,010
S010C003P021R001A008_rgb.avi,021,008,003,001,010
S010C003P021R001A009_rgb.avi,021,009,003,001,010
S010C003P021R001A014_rgb.avi,021,014,003,001,010
S010C003P021R001A015_rgb.avi,021,015,003,001,010
S010C003P021R002A005_rgb.avi,021,005,003,002,010
S010C003P021R002A006_rgb.avi,021,006,003,002,010
S010C003P021R002A007_rgb.avi,021,007,003,002,010
S010C003P021R002A008_rgb.avi,021,008,003,002,010
S010C003P021R002A009_rgb.avi,021,009,003,002,010
S010C003P021R002A014_rgb.avi,021,014,003,002,010
S010C003P021R002A015_rgb.avi,021,015,003,002,010
S010C003P025R001A005_rgb.avi,025,005,003,001,010
S010C003P025R001A006_rgb.avi,025,006,003,001,010
S010C003P025R001A007_rgb.avi,025,007,003,001,010
S010C003P025R001A008_rgb.avi,025,008,003,001,010
S010C003P025R001A009_rgb.avi,025,009,003,001,010
S010C003P025R001A014_rgb.avi,025,014,003,001,010
S010C003P025R001A015_rgb.avi,025,015,003,001,010
S010C003P025R002A005_rgb.avi,025,005,003,002,010
S010C003P025R002A006_rgb.avi,025,006,003,002,010
S010C003P025R002A007_rgb.avi,025,007,003,002,010
S010C003P025R002A008_rgb.avi,025,008,003,002,010
S010C003P025R002A009_rgb.avi,025,009,003,002,010
S010C003P025R002A014_rgb.avi,025,014,003,002,010
S010C003P025R002A015_rgb.avi,025,015,003,002,010
S011C001P001R001A005_rgb.avi,001,005,001,001,011
S011C001P001R001A006_rgb.avi,001,006,001,001,011
S011C001P001R001A007_rgb.avi,001,007,001,001,011
S011C001P001R001A008_rgb.avi,001,008,001,001,011
S011C001P001R001A009_rgb.avi,001,009,001,001,011
S011C001P001R001A014_rgb.avi,001,014,001,001,011
S011C001P001R001A015_rgb.avi,001,015,001,001,011
S011C001P001R002A005_rgb.avi,001,005,001,002,011
S011C001P001R002A006_rgb.avi,001,006,001,002,011
S011C001P001R002A007_rgb.avi,001,007,001,002,011
S011C001P001R002A008_rgb.avi,001,008,001,002,011
S011C001P001R002A009_rgb.avi,001,009,001,002,011
S011C001P001R002A014_rgb.avi,001,014,001,002,011
S011C001P001R002A015_rgb.avi,001,015,001,002,011
S011C001P002R001A005_rgb.avi,002,005,001,001,011
S011C001P002R001A006_rgb.avi,002,006,001,001,011
S011C001P002R001A007_rgb.avi,002,007,001,001,011
S011C001P002R001A008_rgb.avi,002,008,001,001,011
S011C001P002R001A009_rgb.avi,002,009,001,001,011
S011C001P002R001A014_rgb.avi,002,014,001,001,011
S011C001P002R001A015_rgb.avi,002,015,001,001,011
S011C001P002R002A005_rgb.avi,002,005,001,002,011
S011C001P002R002A006_rgb.avi,002,006,001,002,011
S011C001P002R002A007_rgb.avi,002,007,001,002,011
S011C001P002R002A008_rgb.avi,002,008,001,002,011
S011C001P002R002A009_rgb.avi,002,009,001,002,011
S011C001P002R002A014_rgb.avi,002,014,001,002,011
S011C001P002R002A015_rgb.avi,002,015,001,002,011
S011C001P007R001A005_rgb.avi,007,005,001,001,011
S011C001P007R001A006_rgb.avi,007,006,001,001,011
S011C001P007R001A007_rgb.avi,007,007,001,001,011
S011C001P007R001A008_rgb.avi,007,008,001,001,011
S011C001P007R001A009_rgb.avi,007,009,001,001,011
S011C001P007R001A014_rgb.avi,007,014,001,001,011
S011C001P007R001A015_rgb.avi,007,015,001,001,011
S011C001P007R002A005_rgb.avi,007,005,001,002,011
S011C001P007R002A006_rgb.avi,007,006,001,002,011
S011C001P007R002A007_rgb.avi,007,007,001,002,011
S011C001P007R002A008_rgb.avi,007,008,001,002,011
S011C001P007R002A009_rgb.avi,007,009,001,002,011
S011C001P007R002A014_rgb.avi,007,014,001,002,011
S011C001P007R002A015_rgb.avi,007,015,001,002,011
S011C001P008R001A005_rgb.avi,008,005,001,001,011
S011C001P008R001A006_rgb.avi,008,006,001,001,011
S011C001P008R001A007_rgb.avi,008,007,001,001,011
S011C001P008R001A008_rgb.avi,008,008,001,001,011
S011C001P008R001A009_rgb.avi,008,009,001,001,011
S011C001P008R001A014_rgb.avi,008,014,001,001,011
S011C001P008R001A015_rgb.avi,008,015,001,001,011
S011C001P008R002A005_rgb.avi,008,005,001,002,011
S011C001P008R002A006_rgb.avi,008,006,001,002,011
S011C001P008R002A007_rgb.avi,008,007,001,002,011
S011C001P008R002A008_rgb.avi,008,008,001,002,011
S011C001P008R002A009_rgb.avi,008,009,001,002,011
S011C001P008R002A014_rgb.avi,008,014,001,002,011
S011C001P008R002A015_rgb.avi,008,015,001,002,011
S011C001P015R001A005_rgb.avi,015,005,001,001,011
S011C001P015R001A006_rgb.avi,015,006,001,001,011
S011C001P015R001A007_rgb.avi,015,007,001,001,011
S011C001P015R001A008_rgb.avi,015,008,001,001,011
S011C001P015R001A009_rgb.avi,015,009,001,001,011
S011C001P015R001A014_rgb.avi,015,014,001,001,011
S011C001P015R001A015_rgb.avi,015,015,001,001,011
S011C001P015R002A005_rgb.avi,015,005,001,002,011
S011C001P015R002A006_rgb.avi,015,006,001,002,011
S011C001P015R002A007_rgb.avi,015,007,001,002,011
S011C001P015R002A008_rgb.avi,015,008,001,002,011
S011C001P015R002A009_rgb.avi,015,009,001,002,011
S011C001P015R002A014_rgb.avi,015,014,001,002,011
S011C001P015R002A015_rgb.avi,015,015,001,002,011
S011C001P016R001A005_rgb.avi,016,005,001,001,011
S011C001P016R001A006_rgb.avi,016,006,001,001,011
S011C001P016R001A007_rgb.avi,016,007,001,001,011
S011C001P016R001A008_rgb.avi,016,008,001,001,011
S011C001P016R001A009_rgb.avi,016,009,001,001,011
S011C001P016R001A014_rgb.avi,016,014,001,001,011
S011C001P016R001A015_rgb.avi,016,015,001,001,011
S011C001P016R002A005_rgb.avi,016,005,001,002,011
S011C001P016R002A006_rgb.avi,016,006,001,002,011
S011C001P016R002A007_rgb.avi,016,007,001,002,011
S011C001P016R002A008_rgb.avi,016,008,001,002,011
S011C001P016R002A009_rgb.avi,016,009,001,002,011
S011C001P016R002A014_rgb.avi,016,014,001,002,011
S011C001P016R002A015_rgb.avi,016,015,001,002,011
S011C001P017R001A005_rgb.avi,017,005,001,001,011
S011C001P017R001A006_rgb.avi,017,006,001,001,011
S011C001P017R001A007_rgb.avi,017,007,001,001,011
S011C001P017R001A008_rgb.avi,017,008,001,001,011
S011C001P017R001A009_rgb.avi,017,009,001,001,011
S011C001P017R001A014_rgb.avi,017,014,001,001,011
S011C001P017R001A015_rgb.avi,017,015,001,001,011
S011C001P017R002A005_rgb.avi,017,005,001,002,011
S011C001P017R002A006_rgb.avi,017,006,001,002,011
S011C001P017R002A007_rgb.avi,017,007,001,002,011
S011C001P017R002A008_rgb.avi,017,008,001,002,011
S011C001P017R002A009_rgb.avi,017,009,001,002,011
S011C001P017R002A014_rgb.avi,017,014,001,002,011
S011C001P017R002A015_rgb.avi,017,015,001,002,011
S011C001P018R001A005_rgb.avi,018,005,001,001,011
S011C001P018R001A006_rgb.avi,018,006,001,001,011
S011C001P018R001A007_rgb.avi,018,007,001,001,011
S011C001P018R001A008_rgb.avi,018,008,001,001,011
S011C001P018R001A009_rgb.avi,018,009,001,001,011
S011C001P018R001A014_rgb.avi,018,014,001,001,011
S011C001P018R001A015_rgb.avi,018,015,001,001,011
S011C001P018R002A005_rgb.avi,018,005,001,002,011
S011C001P018R002A006_rgb.avi,018,006,001,002,011
S011C001P018R002A007_rgb.avi,018,007,001,002,011
S011C001P018R002A008_rgb.avi,018,008,001,002,011
S011C001P018R002A009_rgb.avi,018,009,001,002,011
S011C001P018R002A014_rgb.avi,018,014,001,002,011
S011C001P018R002A015_rgb.avi,018,015,001,002,011
S011C001P019R001A005_rgb.avi,019,005,001,001,011
S011C001P019R001A006_rgb.avi,019,006,001,001,011
S011C001P019R001A007_rgb.avi,019,007,001,001,011
S011C001P019R001A008_rgb.avi,019,008,001,001,011
S011C001P019R001A009_rgb.avi,019,009,001,001,011
S011C001P019R001A014_rgb.avi,019,014,001,001,011
S011C001P019R001A015_rgb.avi,019,015,001,001,011
S011C001P019R002A005_rgb.avi,019,005,001,002,011
S011C001P019R002A006_rgb.avi,019,006,001,002,011
S011C001P019R002A007_rgb.avi,019,007,001,002,011
S011C001P019R002A008_rgb.avi,019,008,001,002,011
S011C001P019R002A009_rgb.avi,019,009,001,002,011
S011C001P019R002A014_rgb.avi,019,014,001,002,011
S011C001P019R002A015_rgb.avi,019,015,001,002,011
S011C001P025R001A005_rgb.avi,025,005,001,001,011
S011C001P025R001A006_rgb.avi,025,006,001,001,011
S011C001P025R001A007_rgb.avi,025,007,001,001,011
S011C001P025R001A008_rgb.avi,025,008,001,001,011
S011C001P025R001A009_rgb.avi,025,009,001,001,011
S011C001P025R001A014_rgb.avi,025,014,001,001,011
S011C001P025R001A015_rgb.avi,025,015,001,001,011
S011C001P025R002A005_rgb.avi,025,005,001,002,011
S011C001P025R002A006_rgb.avi,025,006,001,002,011
S011C001P025R002A007_rgb.avi,025,007,001,002,011
S011C001P025R002A008_rgb.avi,025,008,001,002,011
S011C001P025R002A009_rgb.avi,025,009,001,002,011
S011C001P025R002A014_rgb.avi,025,014,001,002,011
S011C001P025R002A015_rgb.avi,025,015,001,002,011
S011C001P027R001A005_rgb.avi,027,005,001,001,011
S011C001P027R001A006_rgb.avi,027,006,001,001,011
S011C001P027R001A007_rgb.avi,027,007,001,001,011
S011C001P027R001A008_rgb.avi,027,008,001,001,011
S011C001P027R001A009_rgb.avi,027,009,001,001,011
S011C001P027R001A014_rgb.avi,027,014,001,001,011
S011C001P027R001A015_rgb.avi,027,015,001,001,011
S011C001P027R002A005_rgb.avi,027,005,001,002,011
S011C001P027R002A006_rgb.avi,027,006,001,002,011
S011C001P027R002A007_rgb.avi,027,007,001,002,011
S011C001P027R002A008_rgb.avi,027,008,001,002,011
S011C001P027R002A009_rgb.avi,027,009,001,002,011
S011C001P027R002A014_rgb.avi,027,014,001,002,011
S011C001P027R002A015_rgb.avi,027,015,001,002,011
S011C001P028R001A005_rgb.avi,028,005,001,001,011
S011C001P028R001A006_rgb.avi,028,006,001,001,011
S011C001P028R001A007_rgb.avi,028,007,001,001,011
S011C001P028R001A008_rgb.avi,028,008,001,001,011
S011C001P028R001A009_rgb.avi,028,009,001,001,011
S011C001P028R001A014_rgb.avi,028,014,001,001,011
S011C001P028R001A015_rgb.avi,028,015,001,001,011
S011C001P028R002A005_rgb.avi,028,005,001,002,011
S011C001P028R002A006_rgb.avi,028,006,001,002,011
S011C001P028R002A007_rgb.avi,028,007,001,002,011
S011C001P028R002A008_rgb.avi,028,008,001,002,011
S011C001P028R002A009_rgb.avi,028,009,001,002,011
S011C001P028R002A014_rgb.avi,028,014,001,002,011
S011C001P028R002A015_rgb.avi,028,015,001,002,011
S011C001P038R001A005_rgb.avi,038,005,001,001,011
S011C001P038R001A006_rgb.avi,038,006,001,001,011
S011C001P038R001A007_rgb.avi,038,007,001,001,011
S011C001P038R001A008_rgb.avi,038,008,001,001,011
S011C001P038R001A009_rgb.avi,038,009,001,001,011
S011C001P038R001A014_rgb.avi,038,014,001,001,011
S011C001P038R001A015_rgb.avi,038,015,001,001,011
S011C001P038R002A005_rgb.avi,038,005,001,002,011
S011C001P038R002A006_rgb.avi,038,006,001,002,011
S011C001P038R002A007_rgb.avi,038,007,001,002,011
S011C001P038R002A008_rgb.avi,038,008,001,002,011
S011C001P038R002A009_rgb.avi,038,009,001,002,011
S011C001P038R002A014_rgb.avi,038,014,001,002,011
S011C001P038R002A015_rgb.avi,038,015,001,002,011
S011C002P001R001A005_rgb.avi,001,005,002,001,011
S011C002P001R001A006_rgb.avi,001,006,002,001,011
S011C002P001R001A007_rgb.avi,001,007,002,001,011
S011C002P001R001A008_rgb.avi,001,008,002,001,011
S011C002P001R001A009_rgb.avi,001,009,002,001,011
S011C002P001R001A014_rgb.avi,001,014,002,001,011
S011C002P001R001A015_rgb.avi,001,015,002,001,011
S011C002P001R002A005_rgb.avi,001,005,002,002,011
S011C002P001R002A006_rgb.avi,001,006,002,002,011
S011C002P001R002A007_rgb.avi,001,007,002,002,011
S011C002P001R002A008_rgb.avi,001,008,002,002,011
S011C002P001R002A009_rgb.avi,001,009,002,002,011
S011C002P001R002A014_rgb.avi,001,014,002,002,011
S011C002P001R002A015_rgb.avi,001,015,002,002,011
S011C002P002R001A005_rgb.avi,002,005,002,001,011
S011C002P002R001A006_rgb.avi,002,006,002,001,011
S011C002P002R001A007_rgb.avi,002,007,002,001,011
S011C002P002R001A008_rgb.avi,002,008,002,001,011
S011C002P002R001A009_rgb.avi,002,009,002,001,011
S011C002P002R001A014_rgb.avi,002,014,002,001,011
S011C002P002R001A015_rgb.avi,002,015,002,001,011
S011C002P002R002A005_rgb.avi,002,005,002,002,011
S011C002P002R002A006_rgb.avi,002,006,002,002,011
S011C002P002R002A007_rgb.avi,002,007,002,002,011
S011C002P002R002A008_rgb.avi,002,008,002,002,011
S011C002P002R002A009_rgb.avi,002,009,002,002,011
S011C002P002R002A014_rgb.avi,002,014,002,002,011
S011C002P002R002A015_rgb.avi,002,015,002,002,011
S011C002P007R001A005_rgb.avi,007,005,002,001,011
S011C002P007R001A006_rgb.avi,007,006,002,001,011
S011C002P007R001A007_rgb.avi,007,007,002,001,011
S011C002P007R001A008_rgb.avi,007,008,002,001,011
S011C002P007R001A009_rgb.avi,007,009,002,001,011
S011C002P007R001A014_rgb.avi,007,014,002,001,011
S011C002P007R001A015_rgb.avi,007,015,002,001,011
S011C002P007R002A005_rgb.avi,007,005,002,002,011
S011C002P007R002A006_rgb.avi,007,006,002,002,011
S011C002P007R002A007_rgb.avi,007,007,002,002,011
S011C002P007R002A008_rgb.avi,007,008,002,002,011
S011C002P007R002A009_rgb.avi,007,009,002,002,011
S011C002P007R002A014_rgb.avi,007,014,002,002,011
S011C002P007R002A015_rgb.avi,007,015,002,002,011
S011C002P008R001A005_rgb.avi,008,005,002,001,011
S011C002P008R001A006_rgb.avi,008,006,002,001,011
S011C002P008R001A007_rgb.avi,008,007,002,001,011
S011C002P008R001A008_rgb.avi,008,008,002,001,011
S011C002P008R001A009_rgb.avi,008,009,002,001,011
S011C002P008R001A014_rgb.avi,008,014,002,001,011
S011C002P008R001A015_rgb.avi,008,015,002,001,011
S011C002P008R002A005_rgb.avi,008,005,002,002,011
S011C002P008R002A006_rgb.avi,008,006,002,002,011
S011C002P008R002A007_rgb.avi,008,007,002,002,011
S011C002P008R002A008_rgb.avi,008,008,002,002,011
S011C002P008R002A009_rgb.avi,008,009,002,002,011
S011C002P008R002A014_rgb.avi,008,014,002,002,011
S011C002P008R002A015_rgb.avi,008,015,002,002,011
S011C002P015R001A005_rgb.avi,015,005,002,001,011
S011C002P015R001A006_rgb.avi,015,006,002,001,011
S011C002P015R001A007_rgb.avi,015,007,002,001,011
S011C002P015R001A008_rgb.avi,015,008,002,001,011
S011C002P015R001A009_rgb.avi,015,009,002,001,011
S011C002P015R001A014_rgb.avi,015,014,002,001,011
S011C002P015R001A015_rgb.avi,015,015,002,001,011
S011C002P015R002A005_rgb.avi,015,005,002,002,011
S011C002P015R002A006_rgb.avi,015,006,002,002,011
S011C002P015R002A007_rgb.avi,015,007,002,002,011
S011C002P015R002A008_rgb.avi,015,008,002,002,011
S011C002P015R002A009_rgb.avi,015,009,002,002,011
S011C002P015R002A014_rgb.avi,015,014,002,002,011
S011C002P015R002A015_rgb.avi,015,015,002,002,011
S011C002P016R001A005_rgb.avi,016,005,002,001,011
S011C002P016R001A006_rgb.avi,016,006,002,001,011
S011C002P016R001A007_rgb.avi,016,007,002,001,011
S011C002P016R001A008_rgb.avi,016,008,002,001,011
S011C002P016R001A009_rgb.avi,016,009,002,001,011
S011C002P016R001A014_rgb.avi,016,014,002,001,011
S011C002P016R001A015_rgb.avi,016,015,002,001,011
S011C002P016R002A005_rgb.avi,016,005,002,002,011
S011C002P016R002A006_rgb.avi,016,006,002,002,011
S011C002P016R002A007_rgb.avi,016,007,002,002,011
S011C002P016R002A008_rgb.avi,016,008,002,002,011
S011C002P016R002A009_rgb.avi,016,009,002,002,011
S011C002P016R002A014_rgb.avi,016,014,002,002,011
S011C002P016R002A015_rgb.avi,016,015,002,002,011
S011C002P017R001A005_rgb.avi,017,005,002,001,011
S011C002P017R001A006_rgb.avi,017,006,002,001,011
S011C002P017R001A007_rgb.avi,017,007,002,001,011
S011C002P017R001A008_rgb.avi,017,008,002,001,011
S011C002P017R001A009_rgb.avi,017,009,002,001,011
S011C002P017R001A014_rgb.avi,017,014,002,001,011
S011C002P017R001A015_rgb.avi,017,015,002,001,011
S011C002P017R002A005_rgb.avi,017,005,002,002,011
S011C002P017R002A006_rgb.avi,017,006,002,002,011
S011C002P017R002A007_rgb.avi,017,007,002,002,011
S011C002P017R002A008_rgb.avi,017,008,002,002,011
S011C002P017R002A009_rgb.avi,017,009,002,002,011
S011C002P017R002A014_rgb.avi,017,014,002,002,011
S011C002P017R002A015_rgb.avi,017,015,002,002,011
S011C002P018R001A005_rgb.avi,018,005,002,001,011
S011C002P018R001A006_rgb.avi,018,006,002,001,011
S011C002P018R001A007_rgb.avi,018,007,002,001,011
S011C002P018R001A008_rgb.avi,018,008,002,001,011
S011C002P018R001A009_rgb.avi,018,009,002,001,011
S011C002P018R001A014_rgb.avi,018,014,002,001,011
S011C002P018R001A015_rgb.avi,018,015,002,001,011
S011C002P018R002A005_rgb.avi,018,005,002,002,011
S011C002P018R002A006_rgb.avi,018,006,002,002,011
S011C002P018R002A007_rgb.avi,018,007,002,002,011
S011C002P018R002A008_rgb.avi,018,008,002,002,011
S011C002P018R002A009_rgb.avi,018,009,002,002,011
S011C002P018R002A014_rgb.avi,018,014,002,002,011
S011C002P018R002A015_rgb.avi,018,015,002,002,011
S011C002P019R001A005_rgb.avi,019,005,002,001,011
S011C002P019R001A006_rgb.avi,019,006,002,001,011
S011C002P019R001A007_rgb.avi,019,007,002,001,011
S011C002P019R001A008_rgb.avi,019,008,002,001,011
S011C002P019R001A009_rgb.avi,019,009,002,001,011
S011C002P019R001A014_rgb.avi,019,014,002,001,011
S011C002P019R001A015_rgb.avi,019,015,002,001,011
S011C002P019R002A005_rgb.avi,019,005,002,002,011
S011C002P019R002A006_rgb.avi,019,006,002,002,011
S011C002P019R002A007_rgb.avi,019,007,002,002,011
S011C002P019R002A008_rgb.avi,019,008,002,002,011
S011C002P019R002A009_rgb.avi,019,009,002,002,011
S011C002P019R002A014_rgb.avi,019,014,002,002,011
S011C002P019R002A015_rgb.avi,019,015,002,002,011
S011C002P025R001A005_rgb.avi,025,005,002,001,011
S011C002P025R001A006_rgb.avi,025,006,002,001,011
S011C002P025R001A007_rgb.avi,025,007,002,001,011
S011C002P025R001A008_rgb.avi,025,008,002,001,011
S011C002P025R001A009_rgb.avi,025,009,002,001,011
S011C002P025R001A014_rgb.avi,025,014,002,001,011
S011C002P025R001A015_rgb.avi,025,015,002,001,011
S011C002P025R002A005_rgb.avi,025,005,002,002,011
S011C002P025R002A006_rgb.avi,025,006,002,002,011
S011C002P025R002A007_rgb.avi,025,007,002,002,011
S011C002P025R002A008_rgb.avi,025,008,002,002,011
S011C002P025R002A009_rgb.avi,025,009,002,002,011
S011C002P025R002A014_rgb.avi,025,014,002,002,011
S011C002P025R002A015_rgb.avi,025,015,002,002,011
S011C002P027R001A005_rgb.avi,027,005,002,001,011
S011C002P027R001A006_rgb.avi,027,006,002,001,011
S011C002P027R001A007_rgb.avi,027,007,002,001,011
S011C002P027R001A008_rgb.avi,027,008,002,001,011
S011C002P027R001A009_rgb.avi,027,009,002,001,011
S011C002P027R001A014_rgb.avi,027,014,002,001,011
S011C002P027R001A015_rgb.avi,027,015,002,001,011
S011C002P027R002A005_rgb.avi,027,005,002,002,011
S011C002P027R002A006_rgb.avi,027,006,002,002,011
S011C002P027R002A007_rgb.avi,027,007,002,002,011
S011C002P027R002A008_rgb.avi,027,008,002,002,011
S011C002P027R002A009_rgb.avi,027,009,002,002,011
S011C002P027R002A014_rgb.avi,027,014,002,002,011
S011C002P027R002A015_rgb.avi,027,015,002,002,011
S011C002P028R001A005_rgb.avi,028,005,002,001,011
S011C002P028R001A006_rgb.avi,028,006,002,001,011
S011C002P028R001A007_rgb.avi,028,007,002,001,011
S011C002P028R001A008_rgb.avi,028,008,002,001,011
S011C002P028R001A009_rgb.avi,028,009,002,001,011
S011C002P028R001A014_rgb.avi,028,014,002,001,011
S011C002P028R001A015_rgb.avi,028,015,002,001,011
S011C002P028R002A005_rgb.avi,028,005,002,002,011
S011C002P028R002A006_rgb.avi,028,006,002,002,011
S011C002P028R002A007_rgb.avi,028,007,002,002,011
S011C002P028R002A008_rgb.avi,028,008,002,002,011
S011C002P028R002A009_rgb.avi,028,009,002,002,011
S011C002P028R002A014_rgb.avi,028,014,002,002,011
S011C002P028R002A015_rgb.avi,028,015,002,002,011
S011C002P038R001A005_rgb.avi,038,005,002,001,011
S011C002P038R001A006_rgb.avi,038,006,002,001,011
S011C002P038R001A007_rgb.avi,038,007,002,001,011
S011C002P038R001A008_rgb.avi,038,008,002,001,011
S011C002P038R001A009_rgb.avi,038,009,002,001,011
S011C002P038R001A014_rgb.avi,038,014,002,001,011
S011C002P038R001A015_rgb.avi,038,015,002,001,011
S011C002P038R002A005_rgb.avi,038,005,002,002,011
S011C002P038R002A006_rgb.avi,038,006,002,002,011
S011C002P038R002A007_rgb.avi,038,007,002,002,011
S011C002P038R002A008_rgb.avi,038,008,002,002,011
S011C002P038R002A009_rgb.avi,038,009,002,002,011
S011C002P038R002A014_rgb.avi,038,014,002,002,011
S011C002P038R002A015_rgb.avi,038,015,002,002,011
S011C003P001R001A005_rgb.avi,001,005,003,001,011
S011C003P001R001A006_rgb.avi,001,006,003,001,011
S011C003P001R001A007_rgb.avi,001,007,003,001,011
S011C003P001R001A008_rgb.avi,001,008,003,001,011
S011C003P001R001A009_rgb.avi,001,009,003,001,011
S011C003P001R001A014_rgb.avi,001,014,003,001,011
S011C003P001R001A015_rgb.avi,001,015,003,001,011
S011C003P001R002A005_rgb.avi,001,005,003,002,011
S011C003P001R002A006_rgb.avi,001,006,003,002,011
S011C003P001R002A007_rgb.avi,001,007,003,002,011
S011C003P001R002A008_rgb.avi,001,008,003,002,011
S011C003P001R002A009_rgb.avi,001,009,003,002,011
S011C003P001R002A014_rgb.avi,001,014,003,002,011
S011C003P001R002A015_rgb.avi,001,015,003,002,011
S011C003P002R001A005_rgb.avi,002,005,003,001,011
S011C003P002R001A006_rgb.avi,002,006,003,001,011
S011C003P002R001A007_rgb.avi,002,007,003,001,011
S011C003P002R001A008_rgb.avi,002,008,003,001,011
S011C003P002R001A009_rgb.avi,002,009,003,001,011
S011C003P002R001A014_rgb.avi,002,014,003,001,011
S011C003P002R001A015_rgb.avi,002,015,003,001,011
S011C003P002R002A005_rgb.avi,002,005,003,002,011
S011C003P002R002A006_rgb.avi,002,006,003,002,011
S011C003P002R002A007_rgb.avi,002,007,003,002,011
S011C003P002R002A008_rgb.avi,002,008,003,002,011
S011C003P002R002A009_rgb.avi,002,009,003,002,011
S011C003P002R002A014_rgb.avi,002,014,003,002,011
S011C003P002R002A015_rgb.avi,002,015,003,002,011
S011C003P007R001A005_rgb.avi,007,005,003,001,011
S011C003P007R001A006_rgb.avi,007,006,003,001,011
S011C003P007R001A007_rgb.avi,007,007,003,001,011
S011C003P007R001A008_rgb.avi,007,008,003,001,011
S011C003P007R001A009_rgb.avi,007,009,003,001,011
S011C003P007R001A014_rgb.avi,007,014,003,001,011
S011C003P007R001A015_rgb.avi,007,015,003,001,011
S011C003P007R002A005_rgb.avi,007,005,003,002,011
S011C003P007R002A006_rgb.avi,007,006,003,002,011
S011C003P007R002A007_rgb.avi,007,007,003,002,011
S011C003P007R002A008_rgb.avi,007,008,003,002,011
S011C003P007R002A009_rgb.avi,007,009,003,002,011
S011C003P007R002A014_rgb.avi,007,014,003,002,011
S011C003P007R002A015_rgb.avi,007,015,003,002,011
S011C003P008R001A005_rgb.avi,008,005,003,001,011
S011C003P008R001A006_rgb.avi,008,006,003,001,011
S011C003P008R001A007_rgb.avi,008,007,003,001,011
S011C003P008R001A008_rgb.avi,008,008,003,001,011
S011C003P008R001A009_rgb.avi,008,009,003,001,011
S011C003P008R001A014_rgb.avi,008,014,003,001,011
S011C003P008R001A015_rgb.avi,008,015,003,001,011
S011C003P008R002A005_rgb.avi,008,005,003,002,011
S011C003P008R002A006_rgb.avi,008,006,003,002,011
S011C003P008R002A007_rgb.avi,008,007,003,002,011
S011C003P008R002A008_rgb.avi,008,008,003,002,011
S011C003P008R002A009_rgb.avi,008,009,003,002,011
S011C003P008R002A014_rgb.avi,008,014,003,002,011
S011C003P008R002A015_rgb.avi,008,015,003,002,011
S011C003P015R001A005_rgb.avi,015,005,003,001,011
S011C003P015R001A006_rgb.avi,015,006,003,001,011
S011C003P015R001A007_rgb.avi,015,007,003,001,011
S011C003P015R001A008_rgb.avi,015,008,003,001,011
S011C003P015R001A009_rgb.avi,015,009,003,001,011
S011C003P015R001A014_rgb.avi,015,014,003,001,011
S011C003P015R001A015_rgb.avi,015,015,003,001,011
S011C003P015R002A005_rgb.avi,015,005,003,002,011
S011C003P015R002A006_rgb.avi,015,006,003,002,011
S011C003P015R002A007_rgb.avi,015,007,003,002,011
S011C003P015R002A008_rgb.avi,015,008,003,002,011
S011C003P015R002A009_rgb.avi,015,009,003,002,011
S011C003P015R002A014_rgb.avi,015,014,003,002,011
S011C003P015R002A015_rgb.avi,015,015,003,002,011
S011C003P016R001A005_rgb.avi,016,005,003,001,011
S011C003P016R001A006_rgb.avi,016,006,003,001,011
S011C003P016R001A007_rgb.avi,016,007,003,001,011
S011C003P016R001A008_rgb.avi,016,008,003,001,011
S011C003P016R001A009_rgb.avi,016,009,003,001,011
S011C003P016R001A014_rgb.avi,016,014,003,001,011
S011C003P016R001A015_rgb.avi,016,015,003,001,011
S011C003P016R002A005_rgb.avi,016,005,003,002,011
S011C003P016R002A006_rgb.avi,016,006,003,002,011
S011C003P016R002A007_rgb.avi,016,007,003,002,011
S011C003P016R002A008_rgb.avi,016,008,003,002,011
S011C003P016R002A009_rgb.avi,016,009,003,002,011
S011C003P016R002A014_rgb.avi,016,014,003,002,011
S011C003P016R002A015_rgb.avi,016,015,003,002,011
S011C003P017R001A005_rgb.avi,017,005,003,001,011
S011C003P017R001A006_rgb.avi,017,006,003,001,011
S011C003P017R001A007_rgb.avi,017,007,003,001,011
S011C003P017R001A008_rgb.avi,017,008,003,001,011
S011C003P017R001A009_rgb.avi,017,009,003,001,011
S011C003P017R001A014_rgb.avi,017,014,003,001,011
S011C003P017R001A015_rgb.avi,017,015,003,001,011
S011C003P017R002A005_rgb.avi,017,005,003,002,011
S011C003P017R002A006_rgb.avi,017,006,003,002,011
S011C003P017R002A007_rgb.avi,017,007,003,002,011
S011C003P017R002A008_rgb.avi,017,008,003,002,011
S011C003P017R002A009_rgb.avi,017,009,003,002,011
S011C003P017R002A014_rgb.avi,017,014,003,002,011
S011C003P017R002A015_rgb.avi,017,015,003,002,011
S011C003P018R001A005_rgb.avi,018,005,003,001,011
S011C003P018R001A006_rgb.avi,018,006,003,001,011
S011C003P018R001A007_rgb.avi,018,007,003,001,011
S011C003P018R001A008_rgb.avi,018,008,003,001,011
S011C003P018R001A009_rgb.avi,018,009,003,001,011
S011C003P018R001A014_rgb.avi,018,014,003,001,011
S011C003P018R001A015_rgb.avi,018,015,003,001,011
S011C003P018R002A005_rgb.avi,018,005,003,002,011
S011C003P018R002A006_rgb.avi,018,006,003,002,011
S011C003P018R002A007_rgb.avi,018,007,003,002,011
S011C003P018R002A008_rgb.avi,018,008,003,002,011
S011C003P018R002A009_rgb.avi,018,009,003,002,011
S011C003P018R002A014_rgb.avi,018,014,003,002,011
S011C003P018R002A015_rgb.avi,018,015,003,002,011
S011C003P019R001A005_rgb.avi,019,005,003,001,011
S011C003P019R001A006_rgb.avi,019,006,003,001,011
S011C003P019R001A007_rgb.avi,019,007,003,001,011
S011C003P019R001A008_rgb.avi,019,008,003,001,011
S011C003P019R001A009_rgb.avi,019,009,003,001,011
S011C003P019R001A014_rgb.avi,019,014,003,001,011
S011C003P019R001A015_rgb.avi,019,015,003,001,011
S011C003P019R002A005_rgb.avi,019,005,003,002,011
S011C003P019R002A006_rgb.avi,019,006,003,002,011
S011C003P019R002A007_rgb.avi,019,007,003,002,011
S011C003P019R002A008_rgb.avi,019,008,003,002,011
S011C003P019R002A009_rgb.avi,019,009,003,002,011
S011C003P019R002A014_rgb.avi,019,014,003,002,011
S011C003P019R002A015_rgb.avi,019,015,003,002,011
S011C003P025R001A005_rgb.avi,025,005,003,001,011
S011C003P025R001A006_rgb.avi,025,006,003,001,011
S011C003P025R001A007_rgb.avi,025,007,003,001,011
S011C003P025R001A008_rgb.avi,025,008,003,001,011
S011C003P025R001A009_rgb.avi,025,009,003,001,011
S011C003P025R001A014_rgb.avi,025,014,003,001,011
S011C003P025R001A015_rgb.avi,025,015,003,001,011
S011C003P025R002A005_rgb.avi,025,005,003,002,011
S011C003P025R002A006_rgb.avi,025,006,003,002,011
S011C003P025R002A007_rgb.avi,025,007,003,002,011
S011C003P025R002A008_rgb.avi,025,008,003,002,011
S011C003P025R002A009_rgb.avi,025,009,003,002,011
S011C003P025R002A014_rgb.avi,025,014,003,002,011
S011C003P025R002A015_rgb.avi,025,015,003,002,011
S011C003P027R001A005_rgb.avi,027,005,003,001,011
S011C003P027R001A006_rgb.avi,027,006,003,001,011
S011C003P027R001A007_rgb.avi,027,007,003,001,011
S011C003P027R001A008_rgb.avi,027,008,003,001,011
S011C003P027R001A009_rgb.avi,027,009,003,001,011
S011C003P027R001A014_rgb.avi,027,014,003,001,011
S011C003P027R001A015_rgb.avi,027,015,003,001,011
S011C003P027R002A005_rgb.avi,027,005,003,002,011
S011C003P027R002A006_rgb.avi,027,006,003,002,011
S011C003P027R002A007_rgb.avi,027,007,003,002,011
S011C003P027R002A008_rgb.avi,027,008,003,002,011
S011C003P027R002A009_rgb.avi,027,009,003,002,011
S011C003P027R002A014_rgb.avi,027,014,003,002,011
S011C003P027R002A015_rgb.avi,027,015,003,002,011
S011C003P028R001A005_rgb.avi,028,005,003,001,011
S011C003P028R001A006_rgb.avi,028,006,003,001,011
S011C003P028R001A007_rgb.avi,028,007,003,001,011
S011C003P028R001A008_rgb.avi,028,008,003,001,011
S011C003P028R001A009_rgb.avi,028,009,003,001,011
S011C003P028R001A014_rgb.avi,028,014,003,001,011
S011C003P028R001A015_rgb.avi,028,015,003,001,011
S011C003P028R002A005_rgb.avi,028,005,003,002,011
S011C003P028R002A006_rgb.avi,028,006,003,002,011
S011C003P028R002A007_rgb.avi,028,007,003,002,011
S011C003P028R002A008_rgb.avi,028,008,003,002,011
S011C003P028R002A009_rgb.avi,028,009,003,002,011
S011C003P028R002A014_rgb.avi,028,014,003,002,011
S011C003P028R002A015_rgb.avi,028,015,003,002,011
S011C003P038R001A005_rgb.avi,038,005,003,001,011
S011C003P038R001A006_rgb.avi,038,006,003,001,011
S011C003P038R001A007_rgb.avi,038,007,003,001,011
S011C003P038R001A008_rgb.avi,038,008,003,001,011
S011C003P038R001A009_rgb.avi,038,009,003,001,011
S011C003P038R001A014_rgb.avi,038,014,003,001,011
S011C003P038R001A015_rgb.avi,038,015,003,001,011
S011C003P038R002A005_rgb.avi,038,005,003,002,011
S011C003P038R002A006_rgb.avi,038,006,003,002,011
S011C003P038R002A007_rgb.avi,038,007,003,002,011
S011C003P038R002A008_rgb.avi,038,008,003,002,011
S011C003P038R002A009_rgb.avi,038,009,003,002,011
S011C003P038R002A014_rgb.avi,038,014,003,002,011
S011C003P038R002A015_rgb.avi,038,015,003,002,011
S012C001P007R001A005_rgb.avi,007,005,001,001,012
S012C001P007R001A006_rgb.avi,007,006,001,001,012
S012C001P007R001A007_rgb.avi,007,007,001,001,012
S012C001P007R001A008_rgb.avi,007,008,001,001,012
S012C001P007R001A009_rgb.avi,007,009,001,001,012
S012C001P007R001A014_rgb.avi,007,014,001,001,012
S012C001P007R001A015_rgb.avi,007,015,001,001,012
S012C001P007R002A005_rgb.avi,007,005,001,002,012
S012C001P007R002A006_rgb.avi,007,006,001,002,012
S012C001P007R002A007_rgb.avi,007,007,001,002,012
S012C001P007R002A008_rgb.avi,007,008,001,002,012
S012C001P007R002A009_rgb.avi,007,009,001,002,012
S012C001P007R002A014_rgb.avi,007,014,001,002,012
S012C001P007R002A015_rgb.avi,007,015,001,002,012
S012C001P008R001A005_rgb.avi,008,005,001,001,012
S012C001P008R001A006_rgb.avi,008,006,001,001,012
S012C001P008R001A007_rgb.avi,008,007,001,001,012
S012C001P008R001A008_rgb.avi,008,008,001,001,012
S012C001P008R001A009_rgb.avi,008,009,001,001,012
S012C001P008R001A014_rgb.avi,008,014,001,001,012
S012C001P008R001A015_rgb.avi,008,015,001,001,012
S012C001P008R002A005_rgb.avi,008,005,001,002,012
S012C001P008R002A006_rgb.avi,008,006,001,002,012
S012C001P008R002A007_rgb.avi,008,007,001,002,012
S012C001P008R002A008_rgb.avi,008,008,001,002,012
S012C001P008R002A009_rgb.avi,008,009,001,002,012
S012C001P008R002A014_rgb.avi,008,014,001,002,012
S012C001P008R002A015_rgb.avi,008,015,001,002,012
S012C001P015R001A005_rgb.avi,015,005,001,001,012
S012C001P015R001A006_rgb.avi,015,006,001,001,012
S012C001P015R001A007_rgb.avi,015,007,001,001,012
S012C001P015R001A008_rgb.avi,015,008,001,001,012
S012C001P015R001A009_rgb.avi,015,009,001,001,012
S012C001P015R001A014_rgb.avi,015,014,001,001,012
S012C001P015R001A015_rgb.avi,015,015,001,001,012
S012C001P015R002A005_rgb.avi,015,005,001,002,012
S012C001P015R002A006_rgb.avi,015,006,001,002,012
S012C001P015R002A007_rgb.avi,015,007,001,002,012
S012C001P015R002A008_rgb.avi,015,008,001,002,012
S012C001P015R002A009_rgb.avi,015,009,001,002,012
S012C001P015R002A014_rgb.avi,015,014,001,002,012
S012C001P015R002A015_rgb.avi,015,015,001,002,012
S012C001P016R001A005_rgb.avi,016,005,001,001,012
S012C001P016R001A006_rgb.avi,016,006,001,001,012
S012C001P016R001A007_rgb.avi,016,007,001,001,012
S012C001P016R001A008_rgb.avi,016,008,001,001,012
S012C001P016R001A009_rgb.avi,016,009,001,001,012
S012C001P016R001A014_rgb.avi,016,014,001,001,012
S012C001P016R001A015_rgb.avi,016,015,001,001,012
S012C001P016R002A005_rgb.avi,016,005,001,002,012
S012C001P016R002A006_rgb.avi,016,006,001,002,012
S012C001P016R002A007_rgb.avi,016,007,001,002,012
S012C001P016R002A008_rgb.avi,016,008,001,002,012
S012C001P016R002A009_rgb.avi,016,009,001,002,012
S012C001P016R002A014_rgb.avi,016,014,001,002,012
S012C001P016R002A015_rgb.avi,016,015,001,002,012
S012C001P017R001A005_rgb.avi,017,005,001,001,012
S012C001P017R001A006_rgb.avi,017,006,001,001,012
S012C001P017R001A007_rgb.avi,017,007,001,001,012
S012C001P017R001A008_rgb.avi,017,008,001,001,012
S012C001P017R001A009_rgb.avi,017,009,001,001,012
S012C001P017R001A014_rgb.avi,017,014,001,001,012
S012C001P017R001A015_rgb.avi,017,015,001,001,012
S012C001P017R002A005_rgb.avi,017,005,001,002,012
S012C001P017R002A006_rgb.avi,017,006,001,002,012
S012C001P017R002A007_rgb.avi,017,007,001,002,012
S012C001P017R002A008_rgb.avi,017,008,001,002,012
S012C001P017R002A009_rgb.avi,017,009,001,002,012
S012C001P017R002A014_rgb.avi,017,014,001,002,012
S012C001P017R002A015_rgb.avi,017,015,001,002,012
S012C001P018R001A005_rgb.avi,018,005,001,001,012
S012C001P018R001A006_rgb.avi,018,006,001,001,012
S012C001P018R001A007_rgb.avi,018,007,001,001,012
S012C001P018R001A008_rgb.avi,018,008,001,001,012
S012C001P018R001A009_rgb.avi,018,009,001,001,012
S012C001P018R001A014_rgb.avi,018,014,001,001,012
S012C001P018R001A015_rgb.avi,018,015,001,001,012
S012C001P018R002A005_rgb.avi,018,005,001,002,012
S012C001P018R002A006_rgb.avi,018,006,001,002,012
S012C001P018R002A007_rgb.avi,018,007,001,002,012
S012C001P018R002A008_rgb.avi,018,008,001,002,012
S012C001P018R002A009_rgb.avi,018,009,001,002,012
S012C001P018R002A014_rgb.avi,018,014,001,002,012
S012C001P018R002A015_rgb.avi,018,015,001,002,012
S012C001P019R001A005_rgb.avi,019,005,001,001,012
S012C001P019R001A006_rgb.avi,019,006,001,001,012
S012C001P019R001A007_rgb.avi,019,007,001,001,012
S012C001P019R001A008_rgb.avi,019,008,001,001,012
S012C001P019R001A009_rgb.avi,019,009,001,001,012
S012C001P019R001A014_rgb.avi,019,014,001,001,012
S012C001P019R001A015_rgb.avi,019,015,001,001,012
S012C001P019R002A005_rgb.avi,019,005,001,002,012
S012C001P019R002A006_rgb.avi,019,006,001,002,012
S012C001P019R002A007_rgb.avi,019,007,001,002,012
S012C001P019R002A008_rgb.avi,019,008,001,002,012
S012C001P019R002A009_rgb.avi,019,009,001,002,012
S012C001P019R002A014_rgb.avi,019,014,001,002,012
S012C001P019R002A015_rgb.avi,019,015,001,002,012
S012C001P025R001A005_rgb.avi,025,005,001,001,012
S012C001P025R001A006_rgb.avi,025,006,001,001,012
S012C001P025R001A007_rgb.avi,025,007,001,001,012
S012C001P025R001A008_rgb.avi,025,008,001,001,012
S012C001P025R001A009_rgb.avi,025,009,001,001,012
S012C001P025R001A014_rgb.avi,025,014,001,001,012
S012C001P025R001A015_rgb.avi,025,015,001,001,012
S012C001P025R002A005_rgb.avi,025,005,001,002,012
S012C001P025R002A006_rgb.avi,025,006,001,002,012
S012C001P025R002A007_rgb.avi,025,007,001,002,012
S012C001P025R002A008_rgb.avi,025,008,001,002,012
S012C001P025R002A009_rgb.avi,025,009,001,002,012
S012C001P025R002A014_rgb.avi,025,014,001,002,012
S012C001P025R002A015_rgb.avi,025,015,001,002,012
S012C001P027R001A005_rgb.avi,027,005,001,001,012
S012C001P027R001A006_rgb.avi,027,006,001,001,012
S012C001P027R001A007_rgb.avi,027,007,001,001,012
S012C001P027R001A008_rgb.avi,027,008,001,001,012
S012C001P027R001A009_rgb.avi,027,009,001,001,012
S012C001P027R001A014_rgb.avi,027,014,001,001,012
S012C001P027R001A015_rgb.avi,027,015,001,001,012
S012C001P027R002A005_rgb.avi,027,005,001,002,012
S012C001P027R002A006_rgb.avi,027,006,001,002,012
S012C001P027R002A007_rgb.avi,027,007,001,002,012
S012C001P027R002A008_rgb.avi,027,008,001,002,012
S012C001P027R002A009_rgb.avi,027,009,001,002,012
S012C001P027R002A014_rgb.avi,027,014,001,002,012
S012C001P027R002A015_rgb.avi,027,015,001,002,012
S012C001P028R001A005_rgb.avi,028,005,001,001,012
S012C001P028R001A006_rgb.avi,028,006,001,001,012
S012C001P028R001A007_rgb.avi,028,007,001,001,012
S012C001P028R001A008_rgb.avi,028,008,001,001,012
S012C001P028R001A009_rgb.avi,028,009,001,001,012
S012C001P028R001A014_rgb.avi,028,014,001,001,012
S012C001P028R001A015_rgb.avi,028,015,001,001,012
S012C001P028R002A005_rgb.avi,028,005,001,002,012
S012C001P028R002A006_rgb.avi,028,006,001,002,012
S012C001P028R002A007_rgb.avi,028,007,001,002,012
S012C001P028R002A008_rgb.avi,028,008,001,002,012
S012C001P028R002A009_rgb.avi,028,009,001,002,012
S012C001P028R002A014_rgb.avi,028,014,001,002,012
S012C001P028R002A015_rgb.avi,028,015,001,002,012
S012C001P037R001A005_rgb.avi,037,005,001,001,012
S012C001P037R001A006_rgb.avi,037,006,001,001,012
S012C001P037R001A007_rgb.avi,037,007,001,001,012
S012C001P037R001A008_rgb.avi,037,008,001,001,012
S012C001P037R001A009_rgb.avi,037,009,001,001,012
S012C001P037R001A014_rgb.avi,037,014,001,001,012
S012C001P037R001A015_rgb.avi,037,015,001,001,012
S012C001P037R002A005_rgb.avi,037,005,001,002,012
S012C001P037R002A006_rgb.avi,037,006,001,002,012
S012C001P037R002A007_rgb.avi,037,007,001,002,012
S012C001P037R002A008_rgb.avi,037,008,001,002,012
S012C001P037R002A009_rgb.avi,037,009,001,002,012
S012C001P037R002A014_rgb.avi,037,014,001,002,012
S012C001P037R002A015_rgb.avi,037,015,001,002,012
S012C002P007R001A005_rgb.avi,007,005,002,001,012
S012C002P007R001A006_rgb.avi,007,006,002,001,012
S012C002P007R001A007_rgb.avi,007,007,002,001,012
S012C002P007R001A008_rgb.avi,007,008,002,001,012
S012C002P007R001A009_rgb.avi,007,009,002,001,012
S012C002P007R001A014_rgb.avi,007,014,002,001,012
S012C002P007R001A015_rgb.avi,007,015,002,001,012
S012C002P007R002A005_rgb.avi,007,005,002,002,012
S012C002P007R002A006_rgb.avi,007,006,002,002,012
S012C002P007R002A007_rgb.avi,007,007,002,002,012
S012C002P007R002A008_rgb.avi,007,008,002,002,012
S012C002P007R002A009_rgb.avi,007,009,002,002,012
S012C002P007R002A014_rgb.avi,007,014,002,002,012
S012C002P007R002A015_rgb.avi,007,015,002,002,012
S012C002P008R001A005_rgb.avi,008,005,002,001,012
S012C002P008R001A006_rgb.avi,008,006,002,001,012
S012C002P008R001A007_rgb.avi,008,007,002,001,012
S012C002P008R001A008_rgb.avi,008,008,002,001,012
S012C002P008R001A009_rgb.avi,008,009,002,001,012
S012C002P008R001A014_rgb.avi,008,014,002,001,012
S012C002P008R001A015_rgb.avi,008,015,002,001,012
S012C002P008R002A005_rgb.avi,008,005,002,002,012
S012C002P008R002A006_rgb.avi,008,006,002,002,012
S012C002P008R002A007_rgb.avi,008,007,002,002,012
S012C002P008R002A008_rgb.avi,008,008,002,002,012
S012C002P008R002A009_rgb.avi,008,009,002,002,012
S012C002P008R002A014_rgb.avi,008,014,002,002,012
S012C002P008R002A015_rgb.avi,008,015,002,002,012
S012C002P015R001A005_rgb.avi,015,005,002,001,012
S012C002P015R001A006_rgb.avi,015,006,002,001,012
S012C002P015R001A007_rgb.avi,015,007,002,001,012
S012C002P015R001A008_rgb.avi,015,008,002,001,012
S012C002P015R001A009_rgb.avi,015,009,002,001,012
S012C002P015R001A014_rgb.avi,015,014,002,001,012
S012C002P015R001A015_rgb.avi,015,015,002,001,012
S012C002P015R002A005_rgb.avi,015,005,002,002,012
S012C002P015R002A006_rgb.avi,015,006,002,002,012
S012C002P015R002A007_rgb.avi,015,007,002,002,012
S012C002P015R002A008_rgb.avi,015,008,002,002,012
S012C002P015R002A009_rgb.avi,015,009,002,002,012
S012C002P015R002A014_rgb.avi,015,014,002,002,012
S012C002P015R002A015_rgb.avi,015,015,002,002,012
S012C002P016R001A005_rgb.avi,016,005,002,001,012
S012C002P016R001A006_rgb.avi,016,006,002,001,012
S012C002P016R001A007_rgb.avi,016,007,002,001,012
S012C002P016R001A008_rgb.avi,016,008,002,001,012
S012C002P016R001A009_rgb.avi,016,009,002,001,012
S012C002P016R001A014_rgb.avi,016,014,002,001,012
S012C002P016R001A015_rgb.avi,016,015,002,001,012
S012C002P016R002A005_rgb.avi,016,005,002,002,012
S012C002P016R002A006_rgb.avi,016,006,002,002,012
S012C002P016R002A007_rgb.avi,016,007,002,002,012
S012C002P016R002A008_rgb.avi,016,008,002,002,012
S012C002P016R002A009_rgb.avi,016,009,002,002,012
S012C002P016R002A014_rgb.avi,016,014,002,002,012
S012C002P016R002A015_rgb.avi,016,015,002,002,012
S012C002P017R001A005_rgb.avi,017,005,002,001,012
S012C002P017R001A006_rgb.avi,017,006,002,001,012
S012C002P017R001A007_rgb.avi,017,007,002,001,012
S012C002P017R001A008_rgb.avi,017,008,002,001,012
S012C002P017R001A009_rgb.avi,017,009,002,001,012
S012C002P017R001A014_rgb.avi,017,014,002,001,012
S012C002P017R001A015_rgb.avi,017,015,002,001,012
S012C002P017R002A005_rgb.avi,017,005,002,002,012
S012C002P017R002A006_rgb.avi,017,006,002,002,012
S012C002P017R002A007_rgb.avi,017,007,002,002,012
S012C002P017R002A008_rgb.avi,017,008,002,002,012
S012C002P017R002A009_rgb.avi,017,009,002,002,012
S012C002P017R002A014_rgb.avi,017,014,002,002,012
S012C002P017R002A015_rgb.avi,017,015,002,002,012
S012C002P018R001A005_rgb.avi,018,005,002,001,012
S012C002P018R001A006_rgb.avi,018,006,002,001,012
S012C002P018R001A007_rgb.avi,018,007,002,001,012
S012C002P018R001A008_rgb.avi,018,008,002,001,012
S012C002P018R001A009_rgb.avi,018,009,002,001,012
S012C002P018R001A014_rgb.avi,018,014,002,001,012
S012C002P018R001A015_rgb.avi,018,015,002,001,012
S012C002P018R002A005_rgb.avi,018,005,002,002,012
S012C002P018R002A006_rgb.avi,018,006,002,002,012
S012C002P018R002A007_rgb.avi,018,007,002,002,012
S012C002P018R002A008_rgb.avi,018,008,002,002,012
S012C002P018R002A009_rgb.avi,018,009,002,002,012
S012C002P018R002A014_rgb.avi,018,014,002,002,012
S012C002P018R002A015_rgb.avi,018,015,002,002,012
S012C002P019R001A005_rgb.avi,019,005,002,001,012
S012C002P019R001A006_rgb.avi,019,006,002,001,012
S012C002P019R001A007_rgb.avi,019,007,002,001,012
S012C002P019R001A008_rgb.avi,019,008,002,001,012
S012C002P019R001A009_rgb.avi,019,009,002,001,012
S012C002P019R001A014_rgb.avi,019,014,002,001,012
S012C002P019R001A015_rgb.avi,019,015,002,001,012
S012C002P019R002A005_rgb.avi,019,005,002,002,012
S012C002P019R002A006_rgb.avi,019,006,002,002,012
S012C002P019R002A007_rgb.avi,019,007,002,002,012
S012C002P019R002A008_rgb.avi,019,008,002,002,012
S012C002P019R002A009_rgb.avi,019,009,002,002,012
S012C002P019R002A014_rgb.avi,019,014,002,002,012
S012C002P019R002A015_rgb.avi,019,015,002,002,012
S012C002P025R001A005_rgb.avi,025,005,002,001,012
S012C002P025R001A006_rgb.avi,025,006,002,001,012
S012C002P025R001A007_rgb.avi,025,007,002,001,012
S012C002P025R001A008_rgb.avi,025,008,002,001,012
S012C002P025R001A009_rgb.avi,025,009,002,001,012
S012C002P025R001A014_rgb.avi,025,014,002,001,012
S012C002P025R001A015_rgb.avi,025,015,002,001,012
S012C002P025R002A005_rgb.avi,025,005,002,002,012
S012C002P025R002A006_rgb.avi,025,006,002,002,012
S012C002P025R002A007_rgb.avi,025,007,002,002,012
S012C002P025R002A008_rgb.avi,025,008,002,002,012
S012C002P025R002A009_rgb.avi,025,009,002,002,012
S012C002P025R002A014_rgb.avi,025,014,002,002,012
S012C002P025R002A015_rgb.avi,025,015,002,002,012
S012C002P027R001A005_rgb.avi,027,005,002,001,012
S012C002P027R001A006_rgb.avi,027,006,002,001,012
S012C002P027R001A007_rgb.avi,027,007,002,001,012
S012C002P027R001A008_rgb.avi,027,008,002,001,012
S012C002P027R001A009_rgb.avi,027,009,002,001,012
S012C002P027R001A014_rgb.avi,027,014,002,001,012
S012C002P027R001A015_rgb.avi,027,015,002,001,012
S012C002P027R002A005_rgb.avi,027,005,002,002,012
S012C002P027R002A006_rgb.avi,027,006,002,002,012
S012C002P027R002A007_rgb.avi,027,007,002,002,012
S012C002P027R002A008_rgb.avi,027,008,002,002,012
S012C002P027R002A009_rgb.avi,027,009,002,002,012
S012C002P027R002A014_rgb.avi,027,014,002,002,012
S012C002P027R002A015_rgb.avi,027,015,002,002,012
S012C002P028R001A005_rgb.avi,028,005,002,001,012
S012C002P028R001A006_rgb.avi,028,006,002,001,012
S012C002P028R001A007_rgb.avi,028,007,002,001,012
S012C002P028R001A008_rgb.avi,028,008,002,001,012
S012C002P028R001A009_rgb.avi,028,009,002,001,012
S012C002P028R001A014_rgb.avi,028,014,002,001,012
S012C002P028R001A015_rgb.avi,028,015,002,001,012
S012C002P028R002A005_rgb.avi,028,005,002,002,012
S012C002P028R002A006_rgb.avi,028,006,002,002,012
S012C002P028R002A007_rgb.avi,028,007,002,002,012
S012C002P028R002A008_rgb.avi,028,008,002,002,012
S012C002P028R002A009_rgb.avi,028,009,002,002,012
S012C002P028R002A014_rgb.avi,028,014,002,002,012
S012C002P028R002A015_rgb.avi,028,015,002,002,012
S012C002P037R001A005_rgb.avi,037,005,002,001,012
S012C002P037R001A006_rgb.avi,037,006,002,001,012
S012C002P037R001A007_rgb.avi,037,007,002,001,012
S012C002P037R001A008_rgb.avi,037,008,002,001,012
S012C002P037R001A009_rgb.avi,037,009,002,001,012
S012C002P037R001A014_rgb.avi,037,014,002,001,012
S012C002P037R001A015_rgb.avi,037,015,002,001,012
S012C002P037R002A005_rgb.avi,037,005,002,002,012
S012C002P037R002A006_rgb.avi,037,006,002,002,012
S012C002P037R002A007_rgb.avi,037,007,002,002,012
S012C002P037R002A008_rgb.avi,037,008,002,002,012
S012C002P037R002A009_rgb.avi,037,009,002,002,012
S012C002P037R002A014_rgb.avi,037,014,002,002,012
S012C002P037R002A015_rgb.avi,037,015,002,002,012
S012C003P007R001A005_rgb.avi,007,005,003,001,012
S012C003P007R001A006_rgb.avi,007,006,003,001,012
S012C003P007R001A007_rgb.avi,007,007,003,001,012
S012C003P007R001A008_rgb.avi,007,008,003,001,012
S012C003P007R001A009_rgb.avi,007,009,003,001,012
S012C003P007R001A014_rgb.avi,007,014,003,001,012
S012C003P007R001A015_rgb.avi,007,015,003,001,012
S012C003P007R002A005_rgb.avi,007,005,003,002,012
S012C003P007R002A006_rgb.avi,007,006,003,002,012
S012C003P007R002A007_rgb.avi,007,007,003,002,012
S012C003P007R002A008_rgb.avi,007,008,003,002,012
S012C003P007R002A009_rgb.avi,007,009,003,002,012
S012C003P007R002A014_rgb.avi,007,014,003,002,012
S012C003P007R002A015_rgb.avi,007,015,003,002,012
S012C003P008R001A005_rgb.avi,008,005,003,001,012
S012C003P008R001A006_rgb.avi,008,006,003,001,012
S012C003P008R001A007_rgb.avi,008,007,003,001,012
S012C003P008R001A008_rgb.avi,008,008,003,001,012
S012C003P008R001A009_rgb.avi,008,009,003,001,012
S012C003P008R001A014_rgb.avi,008,014,003,001,012
S012C003P008R001A015_rgb.avi,008,015,003,001,012
S012C003P008R002A005_rgb.avi,008,005,003,002,012
S012C003P008R002A006_rgb.avi,008,006,003,002,012
S012C003P008R002A007_rgb.avi,008,007,003,002,012
S012C003P008R002A008_rgb.avi,008,008,003,002,012
S012C003P008R002A009_rgb.avi,008,009,003,002,012
S012C003P008R002A014_rgb.avi,008,014,003,002,012
S012C003P008R002A015_rgb.avi,008,015,003,002,012
S012C003P015R001A005_rgb.avi,015,005,003,001,012
S012C003P015R001A006_rgb.avi,015,006,003,001,012
S012C003P015R001A007_rgb.avi,015,007,003,001,012
S012C003P015R001A008_rgb.avi,015,008,003,001,012
S012C003P015R001A009_rgb.avi,015,009,003,001,012
S012C003P015R001A014_rgb.avi,015,014,003,001,012
S012C003P015R001A015_rgb.avi,015,015,003,001,012
S012C003P015R002A005_rgb.avi,015,005,003,002,012
S012C003P015R002A006_rgb.avi,015,006,003,002,012
S012C003P015R002A007_rgb.avi,015,007,003,002,012
S012C003P015R002A008_rgb.avi,015,008,003,002,012
S012C003P015R002A009_rgb.avi,015,009,003,002,012
S012C003P015R002A014_rgb.avi,015,014,003,002,012
S012C003P015R002A015_rgb.avi,015,015,003,002,012
S012C003P016R001A005_rgb.avi,016,005,003,001,012
S012C003P016R001A006_rgb.avi,016,006,003,001,012
S012C003P016R001A007_rgb.avi,016,007,003,001,012
S012C003P016R001A008_rgb.avi,016,008,003,001,012
S012C003P016R001A009_rgb.avi,016,009,003,001,012
S012C003P016R001A014_rgb.avi,016,014,003,001,012
S012C003P016R001A015_rgb.avi,016,015,003,001,012
S012C003P016R002A005_rgb.avi,016,005,003,002,012
S012C003P016R002A006_rgb.avi,016,006,003,002,012
S012C003P016R002A007_rgb.avi,016,007,003,002,012
S012C003P016R002A008_rgb.avi,016,008,003,002,012
S012C003P016R002A009_rgb.avi,016,009,003,002,012
S012C003P016R002A014_rgb.avi,016,014,003,002,012
S012C003P016R002A015_rgb.avi,016,015,003,002,012
S012C003P017R001A005_rgb.avi,017,005,003,001,012
S012C003P017R001A006_rgb.avi,017,006,003,001,012
S012C003P017R001A007_rgb.avi,017,007,003,001,012
S012C003P017R001A008_rgb.avi,017,008,003,001,012
S012C003P017R001A009_rgb.avi,017,009,003,001,012
S012C003P017R001A014_rgb.avi,017,014,003,001,012
S012C003P017R001A015_rgb.avi,017,015,003,001,012
S012C003P017R002A005_rgb.avi,017,005,003,002,012
S012C003P017R002A006_rgb.avi,017,006,003,002,012
S012C003P017R002A007_rgb.avi,017,007,003,002,012
S012C003P017R002A008_rgb.avi,017,008,003,002,012
S012C003P017R002A009_rgb.avi,017,009,003,002,012
S012C003P017R002A014_rgb.avi,017,014,003,002,012
S012C003P017R002A015_rgb.avi,017,015,003,002,012
S012C003P018R001A005_rgb.avi,018,005,003,001,012
S012C003P018R001A006_rgb.avi,018,006,003,001,012
S012C003P018R001A007_rgb.avi,018,007,003,001,012
S012C003P018R001A008_rgb.avi,018,008,003,001,012
S012C003P018R001A009_rgb.avi,018,009,003,001,012
S012C003P018R001A014_rgb.avi,018,014,003,001,012
S012C003P018R001A015_rgb.avi,018,015,003,001,012
S012C003P018R002A005_rgb.avi,018,005,003,002,012
S012C003P018R002A006_rgb.avi,018,006,003,002,012
S012C003P018R002A007_rgb.avi,018,007,003,002,012
S012C003P018R002A008_rgb.avi,018,008,003,002,012
S012C003P018R002A009_rgb.avi,018,009,003,002,012
S012C003P018R002A014_rgb.avi,018,014,003,002,012
S012C003P018R002A015_rgb.avi,018,015,003,002,012
S012C003P019R001A005_rgb.avi,019,005,003,001,012
S012C003P019R001A006_rgb.avi,019,006,003,001,012
S012C003P019R001A007_rgb.avi,019,007,003,001,012
S012C003P019R001A008_rgb.avi,019,008,003,001,012
S012C003P019R001A009_rgb.avi,019,009,003,001,012
S012C003P019R001A014_rgb.avi,019,014,003,001,012
S012C003P019R001A015_rgb.avi,019,015,003,001,012
S012C003P019R002A005_rgb.avi,019,005,003,002,012
S012C003P019R002A006_rgb.avi,019,006,003,002,012
S012C003P019R002A007_rgb.avi,019,007,003,002,012
S012C003P019R002A008_rgb.avi,019,008,003,002,012
S012C003P019R002A009_rgb.avi,019,009,003,002,012
S012C003P019R002A014_rgb.avi,019,014,003,002,012
S012C003P019R002A015_rgb.avi,019,015,003,002,012
S012C003P025R001A005_rgb.avi,025,005,003,001,012
S012C003P025R001A006_rgb.avi,025,006,003,001,012
S012C003P025R001A007_rgb.avi,025,007,003,001,012
S012C003P025R001A008_rgb.avi,025,008,003,001,012
S012C003P025R001A009_rgb.avi,025,009,003,001,012
S012C003P025R001A014_rgb.avi,025,014,003,001,012
S012C003P025R001A015_rgb.avi,025,015,003,001,012
S012C003P025R002A005_rgb.avi,025,005,003,002,012
S012C003P025R002A006_rgb.avi,025,006,003,002,012
S012C003P025R002A007_rgb.avi,025,007,003,002,012
S012C003P025R002A008_rgb.avi,025,008,003,002,012
S012C003P025R002A009_rgb.avi,025,009,003,002,012
S012C003P025R002A014_rgb.avi,025,014,003,002,012
S012C003P025R002A015_rgb.avi,025,015,003,002,012
S012C003P027R001A005_rgb.avi,027,005,003,001,012
S012C003P027R001A006_rgb.avi,027,006,003,001,012
S012C003P027R001A007_rgb.avi,027,007,003,001,012
S012C003P027R001A008_rgb.avi,027,008,003,001,012
S012C003P027R001A009_rgb.avi,027,009,003,001,012
S012C003P027R001A014_rgb.avi,027,014,003,001,012
S012C003P027R001A015_rgb.avi,027,015,003,001,012
S012C003P027R002A005_rgb.avi,027,005,003,002,012
S012C003P027R002A006_rgb.avi,027,006,003,002,012
S012C003P027R002A007_rgb.avi,027,007,003,002,012
S012C003P027R002A008_rgb.avi,027,008,003,002,012
S012C003P027R002A009_rgb.avi,027,009,003,002,012
S012C003P027R002A014_rgb.avi,027,014,003,002,012
S012C003P027R002A015_rgb.avi,027,015,003,002,012
S012C003P028R001A005_rgb.avi,028,005,003,001,012
S012C003P028R001A006_rgb.avi,028,006,003,001,012
S012C003P028R001A007_rgb.avi,028,007,003,001,012
S012C003P028R001A008_rgb.avi,028,008,003,001,012
S012C003P028R001A009_rgb.avi,028,009,003,001,012
S012C003P028R001A014_rgb.avi,028,014,003,001,012
S012C003P028R001A015_rgb.avi,028,015,003,001,012
S012C003P028R002A005_rgb.avi,028,005,003,002,012
S012C003P028R002A006_rgb.avi,028,006,003,002,012
S012C003P028R002A007_rgb.avi,028,007,003,002,012
S012C003P028R002A008_rgb.avi,028,008,003,002,012
S012C003P028R002A009_rgb.avi,028,009,003,002,012
S012C003P028R002A014_rgb.avi,028,014,003,002,012
S012C003P028R002A015_rgb.avi,028,015,003,002,012
S012C003P037R001A005_rgb.avi,037,005,003,001,012
S012C003P037R001A006_rgb.avi,037,006,003,001,012
S012C003P037R001A007_rgb.avi,037,007,003,001,012
S012C003P037R001A008_rgb.avi,037,008,003,001,012
S012C003P037R001A009_rgb.avi,037,009,003,001,012
S012C003P037R001A014_rgb.avi,037,014,003,001,012
S012C003P037R001A015_rgb.avi,037,015,003,001,012
S012C003P037R002A005_rgb.avi,037,005,003,002,012
S012C003P037R002A006_rgb.avi,037,006,003,002,012
S012C003P037R002A007_rgb.avi,037,007,003,002,012
S012C003P037R002A008_rgb.avi,037,008,003,002,012
S012C003P037R002A009_rgb.avi,037,009,003,002,012
S012C003P037R002A014_rgb.avi,037,014,003,002,012
S012C003P037R002A015_rgb.avi,037,015,003,002,012
S013C001P007R001A005_rgb.avi,007,005,001,001,013
S013C001P007R001A006_rgb.avi,007,006,001,001,013
S013C001P007R001A007_rgb.avi,007,007,001,001,013
S013C001P007R001A008_rgb.avi,007,008,001,001,013
S013C001P007R001A009_rgb.avi,007,009,001,001,013
S013C001P007R001A014_rgb.avi,007,014,001,001,013
S013C001P007R001A015_rgb.avi,007,015,001,001,013
S013C001P007R002A005_rgb.avi,007,005,001,002,013
S013C001P007R002A006_rgb.avi,007,006,001,002,013
S013C001P007R002A007_rgb.avi,007,007,001,002,013
S013C001P007R002A008_rgb.avi,007,008,001,002,013
S013C001P007R002A009_rgb.avi,007,009,001,002,013
S013C001P007R002A014_rgb.avi,007,014,001,002,013
S013C001P007R002A015_rgb.avi,007,015,001,002,013
S013C001P008R001A005_rgb.avi,008,005,001,001,013
S013C001P008R001A006_rgb.avi,008,006,001,001,013
S013C001P008R001A007_rgb.avi,008,007,001,001,013
S013C001P008R001A008_rgb.avi,008,008,001,001,013
S013C001P008R001A009_rgb.avi,008,009,001,001,013
S013C001P008R001A014_rgb.avi,008,014,001,001,013
S013C001P008R001A015_rgb.avi,008,015,001,001,013
S013C001P008R002A005_rgb.avi,008,005,001,002,013
S013C001P008R002A006_rgb.avi,008,006,001,002,013
S013C001P008R002A007_rgb.avi,008,007,001,002,013
S013C001P008R002A008_rgb.avi,008,008,001,002,013
S013C001P008R002A009_rgb.avi,008,009,001,002,013
S013C001P008R002A014_rgb.avi,008,014,001,002,013
S013C001P008R002A015_rgb.avi,008,015,001,002,013
S013C001P015R001A005_rgb.avi,015,005,001,001,013
S013C001P015R001A006_rgb.avi,015,006,001,001,013
S013C001P015R001A007_rgb.avi,015,007,001,001,013
S013C001P015R001A008_rgb.avi,015,008,001,001,013
S013C001P015R001A009_rgb.avi,015,009,001,001,013
S013C001P015R001A014_rgb.avi,015,014,001,001,013
S013C001P015R001A015_rgb.avi,015,015,001,001,013
S013C001P015R002A005_rgb.avi,015,005,001,002,013
S013C001P015R002A006_rgb.avi,015,006,001,002,013
S013C001P015R002A007_rgb.avi,015,007,001,002,013
S013C001P015R002A008_rgb.avi,015,008,001,002,013
S013C001P015R002A009_rgb.avi,015,009,001,002,013
S013C001P015R002A014_rgb.avi,015,014,001,002,013
S013C001P015R002A015_rgb.avi,015,015,001,002,013
S013C001P016R001A005_rgb.avi,016,005,001,001,013
S013C001P016R001A006_rgb.avi,016,006,001,001,013
S013C001P016R001A007_rgb.avi,016,007,001,001,013
S013C001P016R001A008_rgb.avi,016,008,001,001,013
S013C001P016R001A009_rgb.avi,016,009,001,001,013
S013C001P016R001A014_rgb.avi,016,014,001,001,013
S013C001P016R001A015_rgb.avi,016,015,001,001,013
S013C001P016R002A005_rgb.avi,016,005,001,002,013
S013C001P016R002A006_rgb.avi,016,006,001,002,013
S013C001P016R002A007_rgb.avi,016,007,001,002,013
S013C001P016R002A008_rgb.avi,016,008,001,002,013
S013C001P016R002A009_rgb.avi,016,009,001,002,013
S013C001P016R002A014_rgb.avi,016,014,001,002,013
S013C001P016R002A015_rgb.avi,016,015,001,002,013
S013C001P017R001A005_rgb.avi,017,005,001,001,013
S013C001P017R001A006_rgb.avi,017,006,001,001,013
S013C001P017R001A007_rgb.avi,017,007,001,001,013
S013C001P017R001A008_rgb.avi,017,008,001,001,013
S013C001P017R001A009_rgb.avi,017,009,001,001,013
S013C001P017R001A014_rgb.avi,017,014,001,001,013
S013C001P017R001A015_rgb.avi,017,015,001,001,013
S013C001P017R002A005_rgb.avi,017,005,001,002,013
S013C001P017R002A006_rgb.avi,017,006,001,002,013
S013C001P017R002A007_rgb.avi,017,007,001,002,013
S013C001P017R002A008_rgb.avi,017,008,001,002,013
S013C001P017R002A009_rgb.avi,017,009,001,002,013
S013C001P017R002A014_rgb.avi,017,014,001,002,013
S013C001P017R002A015_rgb.avi,017,015,001,002,013
S013C001P018R001A005_rgb.avi,018,005,001,001,013
S013C001P018R001A006_rgb.avi,018,006,001,001,013
S013C001P018R001A007_rgb.avi,018,007,001,001,013
S013C001P018R001A008_rgb.avi,018,008,001,001,013
S013C001P018R001A009_rgb.avi,018,009,001,001,013
S013C001P018R001A014_rgb.avi,018,014,001,001,013
S013C001P018R001A015_rgb.avi,018,015,001,001,013
S013C001P018R002A005_rgb.avi,018,005,001,002,013
S013C001P018R002A006_rgb.avi,018,006,001,002,013
S013C001P018R002A007_rgb.avi,018,007,001,002,013
S013C001P018R002A008_rgb.avi,018,008,001,002,013
S013C001P018R002A009_rgb.avi,018,009,001,002,013
S013C001P018R002A014_rgb.avi,018,014,001,002,013
S013C001P018R002A015_rgb.avi,018,015,001,002,013
S013C001P019R001A005_rgb.avi,019,005,001,001,013
S013C001P019R001A006_rgb.avi,019,006,001,001,013
S013C001P019R001A007_rgb.avi,019,007,001,001,013
S013C001P019R001A008_rgb.avi,019,008,001,001,013
S013C001P019R001A009_rgb.avi,019,009,001,001,013
S013C001P019R001A014_rgb.avi,019,014,001,001,013
S013C001P019R001A015_rgb.avi,019,015,001,001,013
S013C001P019R002A005_rgb.avi,019,005,001,002,013
S013C001P019R002A006_rgb.avi,019,006,001,002,013
S013C001P019R002A007_rgb.avi,019,007,001,002,013
S013C001P019R002A008_rgb.avi,019,008,001,002,013
S013C001P019R002A009_rgb.avi,019,009,001,002,013
S013C001P019R002A014_rgb.avi,019,014,001,002,013
S013C001P019R002A015_rgb.avi,019,015,001,002,013
S013C001P025R001A005_rgb.avi,025,005,001,001,013
S013C001P025R001A006_rgb.avi,025,006,001,001,013
S013C001P025R001A007_rgb.avi,025,007,001,001,013
S013C001P025R001A008_rgb.avi,025,008,001,001,013
S013C001P025R001A009_rgb.avi,025,009,001,001,013
S013C001P025R001A014_rgb.avi,025,014,001,001,013
S013C001P025R001A015_rgb.avi,025,015,001,001,013
S013C001P025R002A005_rgb.avi,025,005,001,002,013
S013C001P025R002A006_rgb.avi,025,006,001,002,013
S013C001P025R002A007_rgb.avi,025,007,001,002,013
S013C001P025R002A008_rgb.avi,025,008,001,002,013
S013C001P025R002A009_rgb.avi,025,009,001,002,013
S013C001P025R002A014_rgb.avi,025,014,001,002,013
S013C001P025R002A015_rgb.avi,025,015,001,002,013
S013C001P027R001A005_rgb.avi,027,005,001,001,013
S013C001P027R001A006_rgb.avi,027,006,001,001,013
S013C001P027R001A007_rgb.avi,027,007,001,001,013
S013C001P027R001A008_rgb.avi,027,008,001,001,013
S013C001P027R001A009_rgb.avi,027,009,001,001,013
S013C001P027R001A014_rgb.avi,027,014,001,001,013
S013C001P027R001A015_rgb.avi,027,015,001,001,013
S013C001P027R002A005_rgb.avi,027,005,001,002,013
S013C001P027R002A006_rgb.avi,027,006,001,002,013
S013C001P027R002A007_rgb.avi,027,007,001,002,013
S013C001P027R002A008_rgb.avi,027,008,001,002,013
S013C001P027R002A009_rgb.avi,027,009,001,002,013
S013C001P027R002A014_rgb.avi,027,014,001,002,013
S013C001P027R002A015_rgb.avi,027,015,001,002,013
S013C001P028R001A005_rgb.avi,028,005,001,001,013
S013C001P028R001A006_rgb.avi,028,006,001,001,013
S013C001P028R001A007_rgb.avi,028,007,001,001,013
S013C001P028R001A008_rgb.avi,028,008,001,001,013
S013C001P028R001A009_rgb.avi,028,009,001,001,013
S013C001P028R001A014_rgb.avi,028,014,001,001,013
S013C001P028R001A015_rgb.avi,028,015,001,001,013
S013C001P028R002A005_rgb.avi,028,005,001,002,013
S013C001P028R002A006_rgb.avi,028,006,001,002,013
S013C001P028R002A007_rgb.avi,028,007,001,002,013
S013C001P028R002A008_rgb.avi,028,008,001,002,013
S013C001P028R002A009_rgb.avi,028,009,001,002,013
S013C001P028R002A014_rgb.avi,028,014,001,002,013
S013C001P028R002A015_rgb.avi,028,015,001,002,013
S013C001P037R001A005_rgb.avi,037,005,001,001,013
S013C001P037R001A006_rgb.avi,037,006,001,001,013
S013C001P037R001A007_rgb.avi,037,007,001,001,013
S013C001P037R001A008_rgb.avi,037,008,001,001,013
S013C001P037R001A009_rgb.avi,037,009,001,001,013
S013C001P037R001A014_rgb.avi,037,014,001,001,013
S013C001P037R001A015_rgb.avi,037,015,001,001,013
S013C001P037R002A005_rgb.avi,037,005,001,002,013
S013C001P037R002A006_rgb.avi,037,006,001,002,013
S013C001P037R002A007_rgb.avi,037,007,001,002,013
S013C001P037R002A008_rgb.avi,037,008,001,002,013
S013C001P037R002A009_rgb.avi,037,009,001,002,013
S013C001P037R002A014_rgb.avi,037,014,001,002,013
S013C001P037R002A015_rgb.avi,037,015,001,002,013
S013C002P007R001A005_rgb.avi,007,005,002,001,013
S013C002P007R001A006_rgb.avi,007,006,002,001,013
S013C002P007R001A007_rgb.avi,007,007,002,001,013
S013C002P007R001A008_rgb.avi,007,008,002,001,013
S013C002P007R001A009_rgb.avi,007,009,002,001,013
S013C002P007R001A014_rgb.avi,007,014,002,001,013
S013C002P007R001A015_rgb.avi,007,015,002,001,013
S013C002P007R002A005_rgb.avi,007,005,002,002,013
S013C002P007R002A006_rgb.avi,007,006,002,002,013
S013C002P007R002A007_rgb.avi,007,007,002,002,013
S013C002P007R002A008_rgb.avi,007,008,002,002,013
S013C002P007R002A009_rgb.avi,007,009,002,002,013
S013C002P007R002A014_rgb.avi,007,014,002,002,013
S013C002P007R002A015_rgb.avi,007,015,002,002,013
S013C002P008R001A005_rgb.avi,008,005,002,001,013
S013C002P008R001A006_rgb.avi,008,006,002,001,013
S013C002P008R001A007_rgb.avi,008,007,002,001,013
S013C002P008R001A008_rgb.avi,008,008,002,001,013
S013C002P008R001A009_rgb.avi,008,009,002,001,013
S013C002P008R001A014_rgb.avi,008,014,002,001,013
S013C002P008R001A015_rgb.avi,008,015,002,001,013
S013C002P008R002A005_rgb.avi,008,005,002,002,013
S013C002P008R002A006_rgb.avi,008,006,002,002,013
S013C002P008R002A007_rgb.avi,008,007,002,002,013
S013C002P008R002A008_rgb.avi,008,008,002,002,013
S013C002P008R002A009_rgb.avi,008,009,002,002,013
S013C002P008R002A014_rgb.avi,008,014,002,002,013
S013C002P008R002A015_rgb.avi,008,015,002,002,013
S013C002P015R001A005_rgb.avi,015,005,002,001,013
S013C002P015R001A006_rgb.avi,015,006,002,001,013
S013C002P015R001A007_rgb.avi,015,007,002,001,013
S013C002P015R001A008_rgb.avi,015,008,002,001,013
S013C002P015R001A009_rgb.avi,015,009,002,001,013
S013C002P015R001A014_rgb.avi,015,014,002,001,013
S013C002P015R001A015_rgb.avi,015,015,002,001,013
S013C002P015R002A005_rgb.avi,015,005,002,002,013
S013C002P015R002A006_rgb.avi,015,006,002,002,013
S013C002P015R002A007_rgb.avi,015,007,002,002,013
S013C002P015R002A008_rgb.avi,015,008,002,002,013
S013C002P015R002A009_rgb.avi,015,009,002,002,013
S013C002P015R002A014_rgb.avi,015,014,002,002,013
S013C002P015R002A015_rgb.avi,015,015,002,002,013
S013C002P016R001A005_rgb.avi,016,005,002,001,013
S013C002P016R001A006_rgb.avi,016,006,002,001,013
S013C002P016R001A007_rgb.avi,016,007,002,001,013
S013C002P016R001A008_rgb.avi,016,008,002,001,013
S013C002P016R001A009_rgb.avi,016,009,002,001,013
S013C002P016R001A014_rgb.avi,016,014,002,001,013
S013C002P016R001A015_rgb.avi,016,015,002,001,013
S013C002P016R002A005_rgb.avi,016,005,002,002,013
S013C002P016R002A006_rgb.avi,016,006,002,002,013
S013C002P016R002A007_rgb.avi,016,007,002,002,013
S013C002P016R002A008_rgb.avi,016,008,002,002,013
S013C002P016R002A009_rgb.avi,016,009,002,002,013
S013C002P016R002A014_rgb.avi,016,014,002,002,013
S013C002P016R002A015_rgb.avi,016,015,002,002,013
S013C002P017R001A005_rgb.avi,017,005,002,001,013
S013C002P017R001A006_rgb.avi,017,006,002,001,013
S013C002P017R001A007_rgb.avi,017,007,002,001,013
S013C002P017R001A008_rgb.avi,017,008,002,001,013
S013C002P017R001A009_rgb.avi,017,009,002,001,013
S013C002P017R001A014_rgb.avi,017,014,002,001,013
S013C002P017R001A015_rgb.avi,017,015,002,001,013
S013C002P017R002A005_rgb.avi,017,005,002,002,013
S013C002P017R002A006_rgb.avi,017,006,002,002,013
S013C002P017R002A007_rgb.avi,017,007,002,002,013
S013C002P017R002A008_rgb.avi,017,008,002,002,013
S013C002P017R002A009_rgb.avi,017,009,002,002,013
S013C002P017R002A014_rgb.avi,017,014,002,002,013
S013C002P017R002A015_rgb.avi,017,015,002,002,013
S013C002P018R001A005_rgb.avi,018,005,002,001,013
S013C002P018R001A006_rgb.avi,018,006,002,001,013
S013C002P018R001A007_rgb.avi,018,007,002,001,013
S013C002P018R001A008_rgb.avi,018,008,002,001,013
S013C002P018R001A009_rgb.avi,018,009,002,001,013
S013C002P018R001A014_rgb.avi,018,014,002,001,013
S013C002P018R001A015_rgb.avi,018,015,002,001,013
S013C002P018R002A005_rgb.avi,018,005,002,002,013
S013C002P018R002A006_rgb.avi,018,006,002,002,013
S013C002P018R002A007_rgb.avi,018,007,002,002,013
S013C002P018R002A008_rgb.avi,018,008,002,002,013
S013C002P018R002A009_rgb.avi,018,009,002,002,013
S013C002P018R002A014_rgb.avi,018,014,002,002,013
S013C002P018R002A015_rgb.avi,018,015,002,002,013
S013C002P019R001A005_rgb.avi,019,005,002,001,013
S013C002P019R001A006_rgb.avi,019,006,002,001,013
S013C002P019R001A007_rgb.avi,019,007,002,001,013
S013C002P019R001A008_rgb.avi,019,008,002,001,013
S013C002P019R001A009_rgb.avi,019,009,002,001,013
S013C002P019R001A014_rgb.avi,019,014,002,001,013
S013C002P019R001A015_rgb.avi,019,015,002,001,013
S013C002P019R002A005_rgb.avi,019,005,002,002,013
S013C002P019R002A006_rgb.avi,019,006,002,002,013
S013C002P019R002A007_rgb.avi,019,007,002,002,013
S013C002P019R002A008_rgb.avi,019,008,002,002,013
S013C002P019R002A009_rgb.avi,019,009,002,002,013
S013C002P019R002A014_rgb.avi,019,014,002,002,013
S013C002P019R002A015_rgb.avi,019,015,002,002,013
S013C002P025R001A005_rgb.avi,025,005,002,001,013
S013C002P025R001A006_rgb.avi,025,006,002,001,013
S013C002P025R001A007_rgb.avi,025,007,002,001,013
S013C002P025R001A008_rgb.avi,025,008,002,001,013
S013C002P025R001A009_rgb.avi,025,009,002,001,013
S013C002P025R001A014_rgb.avi,025,014,002,001,013
S013C002P025R001A015_rgb.avi,025,015,002,001,013
S013C002P025R002A005_rgb.avi,025,005,002,002,013
S013C002P025R002A006_rgb.avi,025,006,002,002,013
S013C002P025R002A007_rgb.avi,025,007,002,002,013
S013C002P025R002A008_rgb.avi,025,008,002,002,013
S013C002P025R002A009_rgb.avi,025,009,002,002,013
S013C002P025R002A014_rgb.avi,025,014,002,002,013
S013C002P025R002A015_rgb.avi,025,015,002,002,013
S013C002P027R001A005_rgb.avi,027,005,002,001,013
S013C002P027R001A006_rgb.avi,027,006,002,001,013
S013C002P027R001A007_rgb.avi,027,007,002,001,013
S013C002P027R001A008_rgb.avi,027,008,002,001,013
S013C002P027R001A009_rgb.avi,027,009,002,001,013
S013C002P027R001A014_rgb.avi,027,014,002,001,013
S013C002P027R001A015_rgb.avi,027,015,002,001,013
S013C002P027R002A005_rgb.avi,027,005,002,002,013
S013C002P027R002A006_rgb.avi,027,006,002,002,013
S013C002P027R002A007_rgb.avi,027,007,002,002,013
S013C002P027R002A008_rgb.avi,027,008,002,002,013
S013C002P027R002A009_rgb.avi,027,009,002,002,013
S013C002P027R002A014_rgb.avi,027,014,002,002,013
S013C002P027R002A015_rgb.avi,027,015,002,002,013
S013C002P028R001A005_rgb.avi,028,005,002,001,013
S013C002P028R001A006_rgb.avi,028,006,002,001,013
S013C002P028R001A007_rgb.avi,028,007,002,001,013
S013C002P028R001A008_rgb.avi,028,008,002,001,013
S013C002P028R001A009_rgb.avi,028,009,002,001,013
S013C002P028R001A014_rgb.avi,028,014,002,001,013
S013C002P028R001A015_rgb.avi,028,015,002,001,013
S013C002P028R002A005_rgb.avi,028,005,002,002,013
S013C002P028R002A006_rgb.avi,028,006,002,002,013
S013C002P028R002A007_rgb.avi,028,007,002,002,013
S013C002P028R002A008_rgb.avi,028,008,002,002,013
S013C002P028R002A009_rgb.avi,028,009,002,002,013
S013C002P028R002A014_rgb.avi,028,014,002,002,013
S013C002P028R002A015_rgb.avi,028,015,002,002,013
S013C002P037R001A005_rgb.avi,037,005,002,001,013
S013C002P037R001A006_rgb.avi,037,006,002,001,013
S013C002P037R001A007_rgb.avi,037,007,002,001,013
S013C002P037R001A008_rgb.avi,037,008,002,001,013
S013C002P037R001A009_rgb.avi,037,009,002,001,013
S013C002P037R001A014_rgb.avi,037,014,002,001,013
S013C002P037R001A015_rgb.avi,037,015,002,001,013
S013C002P037R002A005_rgb.avi,037,005,002,002,013
S013C002P037R002A006_rgb.avi,037,006,002,002,013
S013C002P037R002A007_rgb.avi,037,007,002,002,013
S013C002P037R002A008_rgb.avi,037,008,002,002,013
S013C002P037R002A009_rgb.avi,037,009,002,002,013
S013C002P037R002A014_rgb.avi,037,014,002,002,013
S013C002P037R002A015_rgb.avi,037,015,002,002,013
S013C003P007R001A005_rgb.avi,007,005,003,001,013
S013C003P007R001A006_rgb.avi,007,006,003,001,013
S013C003P007R001A007_rgb.avi,007,007,003,001,013
S013C003P007R001A008_rgb.avi,007,008,003,001,013
S013C003P007R001A009_rgb.avi,007,009,003,001,013
S013C003P007R001A014_rgb.avi,007,014,003,001,013
S013C003P007R001A015_rgb.avi,007,015,003,001,013
S013C003P007R002A005_rgb.avi,007,005,003,002,013
S013C003P007R002A006_rgb.avi,007,006,003,002,013
S013C003P007R002A007_rgb.avi,007,007,003,002,013
S013C003P007R002A008_rgb.avi,007,008,003,002,013
S013C003P007R002A009_rgb.avi,007,009,003,002,013
S013C003P007R002A014_rgb.avi,007,014,003,002,013
S013C003P007R002A015_rgb.avi,007,015,003,002,013
S013C003P008R001A005_rgb.avi,008,005,003,001,013
S013C003P008R001A006_rgb.avi,008,006,003,001,013
S013C003P008R001A007_rgb.avi,008,007,003,001,013
S013C003P008R001A008_rgb.avi,008,008,003,001,013
S013C003P008R001A009_rgb.avi,008,009,003,001,013
S013C003P008R001A014_rgb.avi,008,014,003,001,013
S013C003P008R001A015_rgb.avi,008,015,003,001,013
S013C003P008R002A005_rgb.avi,008,005,003,002,013
S013C003P008R002A006_rgb.avi,008,006,003,002,013
S013C003P008R002A007_rgb.avi,008,007,003,002,013
S013C003P008R002A008_rgb.avi,008,008,003,002,013
S013C003P008R002A009_rgb.avi,008,009,003,002,013
S013C003P008R002A014_rgb.avi,008,014,003,002,013
S013C003P008R002A015_rgb.avi,008,015,003,002,013
S013C003P015R001A005_rgb.avi,015,005,003,001,013
S013C003P015R001A006_rgb.avi,015,006,003,001,013
S013C003P015R001A007_rgb.avi,015,007,003,001,013
S013C003P015R001A008_rgb.avi,015,008,003,001,013
S013C003P015R001A009_rgb.avi,015,009,003,001,013
S013C003P015R001A014_rgb.avi,015,014,003,001,013
S013C003P015R001A015_rgb.avi,015,015,003,001,013
S013C003P015R002A005_rgb.avi,015,005,003,002,013
S013C003P015R002A006_rgb.avi,015,006,003,002,013
S013C003P015R002A007_rgb.avi,015,007,003,002,013
S013C003P015R002A008_rgb.avi,015,008,003,002,013
S013C003P015R002A009_rgb.avi,015,009,003,002,013
S013C003P015R002A014_rgb.avi,015,014,003,002,013
S013C003P015R002A015_rgb.avi,015,015,003,002,013
S013C003P016R001A005_rgb.avi,016,005,003,001,013
S013C003P016R001A006_rgb.avi,016,006,003,001,013
S013C003P016R001A007_rgb.avi,016,007,003,001,013
S013C003P016R001A008_rgb.avi,016,008,003,001,013
S013C003P016R001A009_rgb.avi,016,009,003,001,013
S013C003P016R001A014_rgb.avi,016,014,003,001,013
S013C003P016R001A015_rgb.avi,016,015,003,001,013
S013C003P016R002A005_rgb.avi,016,005,003,002,013
S013C003P016R002A006_rgb.avi,016,006,003,002,013
S013C003P016R002A007_rgb.avi,016,007,003,002,013
S013C003P016R002A008_rgb.avi,016,008,003,002,013
S013C003P016R002A009_rgb.avi,016,009,003,002,013
S013C003P016R002A014_rgb.avi,016,014,003,002,013
S013C003P016R002A015_rgb.avi,016,015,003,002,013
S013C003P017R001A005_rgb.avi,017,005,003,001,013
S013C003P017R001A006_rgb.avi,017,006,003,001,013
S013C003P017R001A007_rgb.avi,017,007,003,001,013
S013C003P017R001A008_rgb.avi,017,008,003,001,013
S013C003P017R001A009_rgb.avi,017,009,003,001,013
S013C003P017R001A014_rgb.avi,017,014,003,001,013
S013C003P017R001A015_rgb.avi,017,015,003,001,013
S013C003P017R002A005_rgb.avi,017,005,003,002,013
S013C003P017R002A006_rgb.avi,017,006,003,002,013
S013C003P017R002A007_rgb.avi,017,007,003,002,013
S013C003P017R002A008_rgb.avi,017,008,003,002,013
S013C003P017R002A009_rgb.avi,017,009,003,002,013
S013C003P017R002A014_rgb.avi,017,014,003,002,013
S013C003P017R002A015_rgb.avi,017,015,003,002,013
S013C003P018R001A005_rgb.avi,018,005,003,001,013
S013C003P018R001A006_rgb.avi,018,006,003,001,013
S013C003P018R001A007_rgb.avi,018,007,003,001,013
S013C003P018R001A008_rgb.avi,018,008,003,001,013
S013C003P018R001A009_rgb.avi,018,009,003,001,013
S013C003P018R001A014_rgb.avi,018,014,003,001,013
S013C003P018R001A015_rgb.avi,018,015,003,001,013
S013C003P018R002A005_rgb.avi,018,005,003,002,013
S013C003P018R002A006_rgb.avi,018,006,003,002,013
S013C003P018R002A007_rgb.avi,018,007,003,002,013
S013C003P018R002A008_rgb.avi,018,008,003,002,013
S013C003P018R002A009_rgb.avi,018,009,003,002,013
S013C003P018R002A014_rgb.avi,018,014,003,002,013
S013C003P018R002A015_rgb.avi,018,015,003,002,013
S013C003P019R001A005_rgb.avi,019,005,003,001,013
S013C003P019R001A006_rgb.avi,019,006,003,001,013
S013C003P019R001A007_rgb.avi,019,007,003,001,013
S013C003P019R001A008_rgb.avi,019,008,003,001,013
S013C003P019R001A009_rgb.avi,019,009,003,001,013
S013C003P019R001A014_rgb.avi,019,014,003,001,013
S013C003P019R001A015_rgb.avi,019,015,003,001,013
S013C003P019R002A005_rgb.avi,019,005,003,002,013
S013C003P019R002A006_rgb.avi,019,006,003,002,013
S013C003P019R002A007_rgb.avi,019,007,003,002,013
S013C003P019R002A008_rgb.avi,019,008,003,002,013
S013C003P019R002A009_rgb.avi,019,009,003,002,013
S013C003P019R002A014_rgb.avi,019,014,003,002,013
S013C003P019R002A015_rgb.avi,019,015,003,002,013
S013C003P025R001A005_rgb.avi,025,005,003,001,013
S013C003P025R001A006_rgb.avi,025,006,003,001,013
S013C003P025R001A007_rgb.avi,025,007,003,001,013
S013C003P025R001A008_rgb.avi,025,008,003,001,013
S013C003P025R001A009_rgb.avi,025,009,003,001,013
S013C003P025R001A014_rgb.avi,025,014,003,001,013
S013C003P025R001A015_rgb.avi,025,015,003,001,013
S013C003P025R002A005_rgb.avi,025,005,003,002,013
S013C003P025R002A006_rgb.avi,025,006,003,002,013
S013C003P025R002A007_rgb.avi,025,007,003,002,013
S013C003P025R002A008_rgb.avi,025,008,003,002,013
S013C003P025R002A009_rgb.avi,025,009,003,002,013
S013C003P025R002A014_rgb.avi,025,014,003,002,013
S013C003P025R002A015_rgb.avi,025,015,003,002,013
S013C003P027R001A005_rgb.avi,027,005,003,001,013
S013C003P027R001A006_rgb.avi,027,006,003,001,013
S013C003P027R001A007_rgb.avi,027,007,003,001,013
S013C003P027R001A008_rgb.avi,027,008,003,001,013
S013C003P027R001A009_rgb.avi,027,009,003,001,013
S013C003P027R001A014_rgb.avi,027,014,003,001,013
S013C003P027R001A015_rgb.avi,027,015,003,001,013
S013C003P027R002A005_rgb.avi,027,005,003,002,013
S013C003P027R002A006_rgb.avi,027,006,003,002,013
S013C003P027R002A007_rgb.avi,027,007,003,002,013
S013C003P027R002A008_rgb.avi,027,008,003,002,013
S013C003P027R002A009_rgb.avi,027,009,003,002,013
S013C003P027R002A014_rgb.avi,027,014,003,002,013
S013C003P027R002A015_rgb.avi,027,015,003,002,013
S013C003P028R001A005_rgb.avi,028,005,003,001,013
S013C003P028R001A006_rgb.avi,028,006,003,001,013
S013C003P028R001A007_rgb.avi,028,007,003,001,013
S013C003P028R001A008_rgb.avi,028,008,003,001,013
S013C003P028R001A009_rgb.avi,028,009,003,001,013
S013C003P028R001A014_rgb.avi,028,014,003,001,013
S013C003P028R001A015_rgb.avi,028,015,003,001,013
S013C003P028R002A005_rgb.avi,028,005,003,002,013
S013C003P028R002A006_rgb.avi,028,006,003,002,013
S013C003P028R002A007_rgb.avi,028,007,003,002,013
S013C003P028R002A008_rgb.avi,028,008,003,002,013
S013C003P028R002A009_rgb.avi,028,009,003,002,013
S013C003P028R002A014_rgb.avi,028,014,003,002,013
S013C003P028R002A015_rgb.avi,028,015,003,002,013
S013C003P037R001A005_rgb.avi,037,005,003,001,013
S013C003P037R001A006_rgb.avi,037,006,003,001,013
S013C003P037R001A007_rgb.avi,037,007,003,001,013
S013C003P037R001A008_rgb.avi,037,008,003,001,013
S013C003P037R001A009_rgb.avi,037,009,003,001,013
S013C003P037R001A014_rgb.avi,037,014,003,001,013
S013C003P037R001A015_rgb.avi,037,015,003,001,013
S013C003P037R002A005_rgb.avi,037,005,003,002,013
S013C003P037R002A006_rgb.avi,037,006,003,002,013
S013C003P037R002A007_rgb.avi,037,007,003,002,013
S013C003P037R002A008_rgb.avi,037,008,003,002,013
S013C003P037R002A009_rgb.avi,037,009,003,002,013
S013C003P037R002A014_rgb.avi,037,014,003,002,013
S013C003P037R002A015_rgb.avi,037,015,003,002,013
S014C001P007R001A005_rgb.avi,007,005,001,001,014
S014C001P007R001A006_rgb.avi,007,006,001,001,014
S014C001P007R001A007_rgb.avi,007,007,001,001,014
S014C001P007R001A008_rgb.avi,007,008,001,001,014
S014C001P007R001A009_rgb.avi,007,009,001,001,014
S014C001P007R001A014_rgb.avi,007,014,001,001,014
S014C001P007R001A015_rgb.avi,007,015,001,001,014
S014C001P007R002A005_rgb.avi,007,005,001,002,014
S014C001P007R002A006_rgb.avi,007,006,001,002,014
S014C001P007R002A007_rgb.avi,007,007,001,002,014
S014C001P007R002A008_rgb.avi,007,008,001,002,014
S014C001P007R002A009_rgb.avi,007,009,001,002,014
S014C001P007R002A014_rgb.avi,007,014,001,002,014
S014C001P007R002A015_rgb.avi,007,015,001,002,014
S014C001P008R001A005_rgb.avi,008,005,001,001,014
S014C001P008R001A006_rgb.avi,008,006,001,001,014
S014C001P008R001A007_rgb.avi,008,007,001,001,014
S014C001P008R001A008_rgb.avi,008,008,001,001,014
S014C001P008R001A009_rgb.avi,008,009,001,001,014
S014C001P008R001A014_rgb.avi,008,014,001,001,014
S014C001P008R001A015_rgb.avi,008,015,001,001,014
S014C001P008R002A005_rgb.avi,008,005,001,002,014
S014C001P008R002A006_rgb.avi,008,006,001,002,014
S014C001P008R002A007_rgb.avi,008,007,001,002,014
S014C001P008R002A008_rgb.avi,008,008,001,002,014
S014C001P008R002A009_rgb.avi,008,009,001,002,014
S014C001P008R002A014_rgb.avi,008,014,001,002,014
S014C001P008R002A015_rgb.avi,008,015,001,002,014
S014C001P015R001A005_rgb.avi,015,005,001,001,014
S014C001P015R001A006_rgb.avi,015,006,001,001,014
S014C001P015R001A007_rgb.avi,015,007,001,001,014
S014C001P015R001A008_rgb.avi,015,008,001,001,014
S014C001P015R001A009_rgb.avi,015,009,001,001,014
S014C001P015R001A014_rgb.avi,015,014,001,001,014
S014C001P015R001A015_rgb.avi,015,015,001,001,014
S014C001P015R002A005_rgb.avi,015,005,001,002,014
S014C001P015R002A006_rgb.avi,015,006,001,002,014
S014C001P015R002A007_rgb.avi,015,007,001,002,014
S014C001P015R002A008_rgb.avi,015,008,001,002,014
S014C001P015R002A009_rgb.avi,015,009,001,002,014
S014C001P015R002A014_rgb.avi,015,014,001,002,014
S014C001P015R002A015_rgb.avi,015,015,001,002,014
S014C001P017R001A005_rgb.avi,017,005,001,001,014
S014C001P017R001A006_rgb.avi,017,006,001,001,014
S014C001P017R001A007_rgb.avi,017,007,001,001,014
S014C001P017R001A008_rgb.avi,017,008,001,001,014
S014C001P017R001A009_rgb.avi,017,009,001,001,014
S014C001P017R001A014_rgb.avi,017,014,001,001,014
S014C001P017R001A015_rgb.avi,017,015,001,001,014
S014C001P017R002A005_rgb.avi,017,005,001,002,014
S014C001P017R002A006_rgb.avi,017,006,001,002,014
S014C001P017R002A007_rgb.avi,017,007,001,002,014
S014C001P017R002A008_rgb.avi,017,008,001,002,014
S014C001P017R002A009_rgb.avi,017,009,001,002,014
S014C001P017R002A014_rgb.avi,017,014,001,002,014
S014C001P017R002A015_rgb.avi,017,015,001,002,014
S014C001P019R001A005_rgb.avi,019,005,001,001,014
S014C001P019R001A006_rgb.avi,019,006,001,001,014
S014C001P019R001A007_rgb.avi,019,007,001,001,014
S014C001P019R001A008_rgb.avi,019,008,001,001,014
S014C001P019R001A009_rgb.avi,019,009,001,001,014
S014C001P019R001A014_rgb.avi,019,014,001,001,014
S014C001P019R001A015_rgb.avi,019,015,001,001,014
S014C001P019R002A005_rgb.avi,019,005,001,002,014
S014C001P019R002A006_rgb.avi,019,006,001,002,014
S014C001P019R002A007_rgb.avi,019,007,001,002,014
S014C001P019R002A008_rgb.avi,019,008,001,002,014
S014C001P019R002A009_rgb.avi,019,009,001,002,014
S014C001P019R002A014_rgb.avi,019,014,001,002,014
S014C001P019R002A015_rgb.avi,019,015,001,002,014
S014C001P025R001A005_rgb.avi,025,005,001,001,014
S014C001P025R001A006_rgb.avi,025,006,001,001,014
S014C001P025R001A007_rgb.avi,025,007,001,001,014
S014C001P025R001A008_rgb.avi,025,008,001,001,014
S014C001P025R001A009_rgb.avi,025,009,001,001,014
S014C001P025R001A014_rgb.avi,025,014,001,001,014
S014C001P025R001A015_rgb.avi,025,015,001,001,014
S014C001P025R002A005_rgb.avi,025,005,001,002,014
S014C001P025R002A006_rgb.avi,025,006,001,002,014
S014C001P025R002A007_rgb.avi,025,007,001,002,014
S014C001P025R002A008_rgb.avi,025,008,001,002,014
S014C001P025R002A009_rgb.avi,025,009,001,002,014
S014C001P025R002A014_rgb.avi,025,014,001,002,014
S014C001P025R002A015_rgb.avi,025,015,001,002,014
S014C001P027R001A005_rgb.avi,027,005,001,001,014
S014C001P027R001A006_rgb.avi,027,006,001,001,014
S014C001P027R001A007_rgb.avi,027,007,001,001,014
S014C001P027R001A008_rgb.avi,027,008,001,001,014
S014C001P027R001A009_rgb.avi,027,009,001,001,014
S014C001P027R001A014_rgb.avi,027,014,001,001,014
S014C001P027R001A015_rgb.avi,027,015,001,001,014
S014C001P027R002A005_rgb.avi,027,005,001,002,014
S014C001P027R002A006_rgb.avi,027,006,001,002,014
S014C001P027R002A007_rgb.avi,027,007,001,002,014
S014C001P027R002A008_rgb.avi,027,008,001,002,014
S014C001P027R002A009_rgb.avi,027,009,001,002,014
S014C001P027R002A014_rgb.avi,027,014,001,002,014
S014C001P027R002A015_rgb.avi,027,015,001,002,014
S014C001P037R001A005_rgb.avi,037,005,001,001,014
S014C001P037R001A006_rgb.avi,037,006,001,001,014
S014C001P037R001A007_rgb.avi,037,007,001,001,014
S014C001P037R001A008_rgb.avi,037,008,001,001,014
S014C001P037R001A009_rgb.avi,037,009,001,001,014
S014C001P037R001A014_rgb.avi,037,014,001,001,014
S014C001P037R001A015_rgb.avi,037,015,001,001,014
S014C001P037R002A005_rgb.avi,037,005,001,002,014
S014C001P037R002A006_rgb.avi,037,006,001,002,014
S014C001P037R002A007_rgb.avi,037,007,001,002,014
S014C001P037R002A008_rgb.avi,037,008,001,002,014
S014C001P037R002A009_rgb.avi,037,009,001,002,014
S014C001P037R002A014_rgb.avi,037,014,001,002,014
S014C001P037R002A015_rgb.avi,037,015,001,002,014
S014C001P039R001A005_rgb.avi,039,005,001,001,014
S014C001P039R001A006_rgb.avi,039,006,001,001,014
S014C001P039R001A007_rgb.avi,039,007,001,001,014
S014C001P039R001A008_rgb.avi,039,008,001,001,014
S014C001P039R001A009_rgb.avi,039,009,001,001,014
S014C001P039R001A014_rgb.avi,039,014,001,001,014
S014C001P039R001A015_rgb.avi,039,015,001,001,014
S014C001P039R002A005_rgb.avi,039,005,001,002,014
S014C001P039R002A006_rgb.avi,039,006,001,002,014
S014C001P039R002A007_rgb.avi,039,007,001,002,014
S014C001P039R002A008_rgb.avi,039,008,001,002,014
S014C001P039R002A009_rgb.avi,039,009,001,002,014
S014C001P039R002A014_rgb.avi,039,014,001,002,014
S014C001P039R002A015_rgb.avi,039,015,001,002,014
S014C002P007R001A005_rgb.avi,007,005,002,001,014
S014C002P007R001A006_rgb.avi,007,006,002,001,014
S014C002P007R001A007_rgb.avi,007,007,002,001,014
S014C002P007R001A008_rgb.avi,007,008,002,001,014
S014C002P007R001A009_rgb.avi,007,009,002,001,014
S014C002P007R001A014_rgb.avi,007,014,002,001,014
S014C002P007R001A015_rgb.avi,007,015,002,001,014
S014C002P007R002A005_rgb.avi,007,005,002,002,014
S014C002P007R002A006_rgb.avi,007,006,002,002,014
S014C002P007R002A007_rgb.avi,007,007,002,002,014
S014C002P007R002A008_rgb.avi,007,008,002,002,014
S014C002P007R002A009_rgb.avi,007,009,002,002,014
S014C002P007R002A014_rgb.avi,007,014,002,002,014
S014C002P007R002A015_rgb.avi,007,015,002,002,014
S014C002P008R001A005_rgb.avi,008,005,002,001,014
S014C002P008R001A006_rgb.avi,008,006,002,001,014
S014C002P008R001A007_rgb.avi,008,007,002,001,014
S014C002P008R001A008_rgb.avi,008,008,002,001,014
S014C002P008R001A009_rgb.avi,008,009,002,001,014
S014C002P008R001A014_rgb.avi,008,014,002,001,014
S014C002P008R001A015_rgb.avi,008,015,002,001,014
S014C002P008R002A005_rgb.avi,008,005,002,002,014
S014C002P008R002A006_rgb.avi,008,006,002,002,014
S014C002P008R002A007_rgb.avi,008,007,002,002,014
S014C002P008R002A008_rgb.avi,008,008,002,002,014
S014C002P008R002A009_rgb.avi,008,009,002,002,014
S014C002P008R002A014_rgb.avi,008,014,002,002,014
S014C002P008R002A015_rgb.avi,008,015,002,002,014
S014C002P015R001A005_rgb.avi,015,005,002,001,014
S014C002P015R001A006_rgb.avi,015,006,002,001,014
S014C002P015R001A007_rgb.avi,015,007,002,001,014
S014C002P015R001A008_rgb.avi,015,008,002,001,014
S014C002P015R001A009_rgb.avi,015,009,002,001,014
S014C002P015R001A014_rgb.avi,015,014,002,001,014
S014C002P015R001A015_rgb.avi,015,015,002,001,014
S014C002P015R002A005_rgb.avi,015,005,002,002,014
S014C002P015R002A006_rgb.avi,015,006,002,002,014
S014C002P015R002A007_rgb.avi,015,007,002,002,014
S014C002P015R002A008_rgb.avi,015,008,002,002,014
S014C002P015R002A009_rgb.avi,015,009,002,002,014
S014C002P015R002A014_rgb.avi,015,014,002,002,014
S014C002P015R002A015_rgb.avi,015,015,002,002,014
S014C002P017R001A005_rgb.avi,017,005,002,001,014
S014C002P017R001A006_rgb.avi,017,006,002,001,014
S014C002P017R001A007_rgb.avi,017,007,002,001,014
S014C002P017R001A008_rgb.avi,017,008,002,001,014
S014C002P017R001A009_rgb.avi,017,009,002,001,014
S014C002P017R001A014_rgb.avi,017,014,002,001,014
S014C002P017R001A015_rgb.avi,017,015,002,001,014
S014C002P017R002A005_rgb.avi,017,005,002,002,014
S014C002P017R002A006_rgb.avi,017,006,002,002,014
S014C002P017R002A007_rgb.avi,017,007,002,002,014
S014C002P017R002A008_rgb.avi,017,008,002,002,014
S014C002P017R002A009_rgb.avi,017,009,002,002,014
S014C002P017R002A014_rgb.avi,017,014,002,002,014
S014C002P017R002A015_rgb.avi,017,015,002,002,014
S014C002P019R001A005_rgb.avi,019,005,002,001,014
S014C002P019R001A006_rgb.avi,019,006,002,001,014
S014C002P019R001A007_rgb.avi,019,007,002,001,014
S014C002P019R001A008_rgb.avi,019,008,002,001,014
S014C002P019R001A009_rgb.avi,019,009,002,001,014
S014C002P019R001A014_rgb.avi,019,014,002,001,014
S014C002P019R001A015_rgb.avi,019,015,002,001,014
S014C002P019R002A005_rgb.avi,019,005,002,002,014
S014C002P019R002A006_rgb.avi,019,006,002,002,014
S014C002P019R002A007_rgb.avi,019,007,002,002,014
S014C002P019R002A008_rgb.avi,019,008,002,002,014
S014C002P019R002A009_rgb.avi,019,009,002,002,014
S014C002P019R002A014_rgb.avi,019,014,002,002,014
S014C002P019R002A015_rgb.avi,019,015,002,002,014
S014C002P025R001A005_rgb.avi,025,005,002,001,014
S014C002P025R001A006_rgb.avi,025,006,002,001,014
S014C002P025R001A007_rgb.avi,025,007,002,001,014
S014C002P025R001A008_rgb.avi,025,008,002,001,014
S014C002P025R001A009_rgb.avi,025,009,002,001,014
S014C002P025R001A014_rgb.avi,025,014,002,001,014
S014C002P025R001A015_rgb.avi,025,015,002,001,014
S014C002P025R002A005_rgb.avi,025,005,002,002,014
S014C002P025R002A006_rgb.avi,025,006,002,002,014
S014C002P025R002A007_rgb.avi,025,007,002,002,014
S014C002P025R002A008_rgb.avi,025,008,002,002,014
S014C002P025R002A009_rgb.avi,025,009,002,002,014
S014C002P025R002A014_rgb.avi,025,014,002,002,014
S014C002P025R002A015_rgb.avi,025,015,002,002,014
S014C002P027R001A005_rgb.avi,027,005,002,001,014
S014C002P027R001A006_rgb.avi,027,006,002,001,014
S014C002P027R001A007_rgb.avi,027,007,002,001,014
S014C002P027R001A008_rgb.avi,027,008,002,001,014
S014C002P027R001A009_rgb.avi,027,009,002,001,014
S014C002P027R001A014_rgb.avi,027,014,002,001,014
S014C002P027R001A015_rgb.avi,027,015,002,001,014
S014C002P027R002A005_rgb.avi,027,005,002,002,014
S014C002P027R002A006_rgb.avi,027,006,002,002,014
S014C002P027R002A007_rgb.avi,027,007,002,002,014
S014C002P027R002A008_rgb.avi,027,008,002,002,014
S014C002P027R002A009_rgb.avi,027,009,002,002,014
S014C002P027R002A014_rgb.avi,027,014,002,002,014
S014C002P027R002A015_rgb.avi,027,015,002,002,014
S014C002P037R001A005_rgb.avi,037,005,002,001,014
S014C002P037R001A006_rgb.avi,037,006,002,001,014
S014C002P037R001A007_rgb.avi,037,007,002,001,014
S014C002P037R001A008_rgb.avi,037,008,002,001,014
S014C002P037R001A009_rgb.avi,037,009,002,001,014
S014C002P037R001A014_rgb.avi,037,014,002,001,014
S014C002P037R001A015_rgb.avi,037,015,002,001,014
S014C002P037R002A005_rgb.avi,037,005,002,002,014
S014C002P037R002A006_rgb.avi,037,006,002,002,014
S014C002P037R002A007_rgb.avi,037,007,002,002,014
S014C002P037R002A008_rgb.avi,037,008,002,002,014
S014C002P037R002A009_rgb.avi,037,009,002,002,014
S014C002P037R002A014_rgb.avi,037,014,002,002,014
S014C002P037R002A015_rgb.avi,037,015,002,002,014
S014C002P039R001A005_rgb.avi,039,005,002,001,014
S014C002P039R001A006_rgb.avi,039,006,002,001,014
S014C002P039R001A007_rgb.avi,039,007,002,001,014
S014C002P039R001A008_rgb.avi,039,008,002,001,014
S014C002P039R001A009_rgb.avi,039,009,002,001,014
S014C002P039R001A014_rgb.avi,039,014,002,001,014
S014C002P039R001A015_rgb.avi,039,015,002,001,014
S014C002P039R002A005_rgb.avi,039,005,002,002,014
S014C002P039R002A006_rgb.avi,039,006,002,002,014
S014C002P039R002A007_rgb.avi,039,007,002,002,014
S014C002P039R002A008_rgb.avi,039,008,002,002,014
S014C002P039R002A009_rgb.avi,039,009,002,002,014
S014C002P039R002A014_rgb.avi,039,014,002,002,014
S014C002P039R002A015_rgb.avi,039,015,002,002,014
S014C003P007R001A005_rgb.avi,007,005,003,001,014
S014C003P007R001A006_rgb.avi,007,006,003,001,014
S014C003P007R001A007_rgb.avi,007,007,003,001,014
S014C003P007R001A008_rgb.avi,007,008,003,001,014
S014C003P007R001A009_rgb.avi,007,009,003,001,014
S014C003P007R001A014_rgb.avi,007,014,003,001,014
S014C003P007R001A015_rgb.avi,007,015,003,001,014
S014C003P007R002A005_rgb.avi,007,005,003,002,014
S014C003P007R002A006_rgb.avi,007,006,003,002,014
S014C003P007R002A007_rgb.avi,007,007,003,002,014
S014C003P007R002A008_rgb.avi,007,008,003,002,014
S014C003P007R002A009_rgb.avi,007,009,003,002,014
S014C003P007R002A014_rgb.avi,007,014,003,002,014
S014C003P007R002A015_rgb.avi,007,015,003,002,014
S014C003P008R001A005_rgb.avi,008,005,003,001,014
S014C003P008R001A006_rgb.avi,008,006,003,001,014
S014C003P008R001A007_rgb.avi,008,007,003,001,014
S014C003P008R001A008_rgb.avi,008,008,003,001,014
S014C003P008R001A009_rgb.avi,008,009,003,001,014
S014C003P008R001A014_rgb.avi,008,014,003,001,014
S014C003P008R001A015_rgb.avi,008,015,003,001,014
S014C003P008R002A005_rgb.avi,008,005,003,002,014
S014C003P008R002A006_rgb.avi,008,006,003,002,014
S014C003P008R002A007_rgb.avi,008,007,003,002,014
S014C003P008R002A008_rgb.avi,008,008,003,002,014
S014C003P008R002A009_rgb.avi,008,009,003,002,014
S014C003P008R002A014_rgb.avi,008,014,003,002,014
S014C003P008R002A015_rgb.avi,008,015,003,002,014
S014C003P015R001A005_rgb.avi,015,005,003,001,014
S014C003P015R001A006_rgb.avi,015,006,003,001,014
S014C003P015R001A007_rgb.avi,015,007,003,001,014
S014C003P015R001A008_rgb.avi,015,008,003,001,014
S014C003P015R001A009_rgb.avi,015,009,003,001,014
S014C003P015R001A014_rgb.avi,015,014,003,001,014
S014C003P015R001A015_rgb.avi,015,015,003,001,014
S014C003P015R002A005_rgb.avi,015,005,003,002,014
S014C003P015R002A006_rgb.avi,015,006,003,002,014
S014C003P015R002A007_rgb.avi,015,007,003,002,014
S014C003P015R002A008_rgb.avi,015,008,003,002,014
S014C003P015R002A009_rgb.avi,015,009,003,002,014
S014C003P015R002A014_rgb.avi,015,014,003,002,014
S014C003P015R002A015_rgb.avi,015,015,003,002,014
S014C003P017R001A005_rgb.avi,017,005,003,001,014
S014C003P017R001A006_rgb.avi,017,006,003,001,014
S014C003P017R001A007_rgb.avi,017,007,003,001,014
S014C003P017R001A008_rgb.avi,017,008,003,001,014
S014C003P017R001A009_rgb.avi,017,009,003,001,014
S014C003P017R001A014_rgb.avi,017,014,003,001,014
S014C003P017R001A015_rgb.avi,017,015,003,001,014
S014C003P017R002A005_rgb.avi,017,005,003,002,014
S014C003P017R002A006_rgb.avi,017,006,003,002,014
S014C003P017R002A007_rgb.avi,017,007,003,002,014
S014C003P017R002A008_rgb.avi,017,008,003,002,014
S014C003P017R002A009_rgb.avi,017,009,003,002,014
S014C003P017R002A014_rgb.avi,017,014,003,002,014
S014C003P017R002A015_rgb.avi,017,015,003,002,014
S014C003P019R001A005_rgb.avi,019,005,003,001,014
S014C003P019R001A006_rgb.avi,019,006,003,001,014
S014C003P019R001A007_rgb.avi,019,007,003,001,014
S014C003P019R001A008_rgb.avi,019,008,003,001,014
S014C003P019R001A009_rgb.avi,019,009,003,001,014
S014C003P019R001A014_rgb.avi,019,014,003,001,014
S014C003P019R001A015_rgb.avi,019,015,003,001,014
S014C003P019R002A005_rgb.avi,019,005,003,002,014
S014C003P019R002A006_rgb.avi,019,006,003,002,014
S014C003P019R002A007_rgb.avi,019,007,003,002,014
S014C003P019R002A008_rgb.avi,019,008,003,002,014
S014C003P019R002A009_rgb.avi,019,009,003,002,014
S014C003P019R002A014_rgb.avi,019,014,003,002,014
S014C003P019R002A015_rgb.avi,019,015,003,002,014
S014C003P025R001A005_rgb.avi,025,005,003,001,014
S014C003P025R001A006_rgb.avi,025,006,003,001,014
S014C003P025R001A007_rgb.avi,025,007,003,001,014
S014C003P025R001A008_rgb.avi,025,008,003,001,014
S014C003P025R001A009_rgb.avi,025,009,003,001,014
S014C003P025R001A014_rgb.avi,025,014,003,001,014
S014C003P025R001A015_rgb.avi,025,015,003,001,014
S014C003P025R002A005_rgb.avi,025,005,003,002,014
S014C003P025R002A006_rgb.avi,025,006,003,002,014
S014C003P025R002A007_rgb.avi,025,007,003,002,014
S014C003P025R002A008_rgb.avi,025,008,003,002,014
S014C003P025R002A009_rgb.avi,025,009,003,002,014
S014C003P025R002A014_rgb.avi,025,014,003,002,014
S014C003P025R002A015_rgb.avi,025,015,003,002,014
S014C003P027R001A005_rgb.avi,027,005,003,001,014
S014C003P027R001A006_rgb.avi,027,006,003,001,014
S014C003P027R001A007_rgb.avi,027,007,003,001,014
S014C003P027R001A008_rgb.avi,027,008,003,001,014
S014C003P027R001A009_rgb.avi,027,009,003,001,014
S014C003P027R001A014_rgb.avi,027,014,003,001,014
S014C003P027R001A015_rgb.avi,027,015,003,001,014
S014C003P027R002A005_rgb.avi,027,005,003,002,014
S014C003P027R002A006_rgb.avi,027,006,003,002,014
S014C003P027R002A007_rgb.avi,027,007,003,002,014
S014C003P027R002A008_rgb.avi,027,008,003,002,014
S014C003P027R002A009_rgb.avi,027,009,003,002,014
S014C003P027R002A014_rgb.avi,027,014,003,002,014
S014C003P027R002A015_rgb.avi,027,015,003,002,014
S014C003P037R001A005_rgb.avi,037,005,003,001,014
S014C003P037R001A006_rgb.avi,037,006,003,001,014
S014C003P037R001A007_rgb.avi,037,007,003,001,014
S014C003P037R001A008_rgb.avi,037,008,003,001,014
S014C003P037R001A009_rgb.avi,037,009,003,001,014
S014C003P037R001A014_rgb.avi,037,014,003,001,014
S014C003P037R001A015_rgb.avi,037,015,003,001,014
S014C003P037R002A005_rgb.avi,037,005,003,002,014
S014C003P037R002A006_rgb.avi,037,006,003,002,014
S014C003P037R002A007_rgb.avi,037,007,003,002,014
S014C003P037R002A008_rgb.avi,037,008,003,002,014
S014C003P037R002A009_rgb.avi,037,009,003,002,014
S014C003P037R002A014_rgb.avi,037,014,003,002,014
S014C003P037R002A015_rgb.avi,037,015,003,002,014
S014C003P039R001A005_rgb.avi,039,005,003,001,014
S014C003P039R001A006_rgb.avi,039,006,003,001,014
S014C003P039R001A007_rgb.avi,039,007,003,001,014
S014C003P039R001A008_rgb.avi,039,008,003,001,014
S014C003P039R001A009_rgb.avi,039,009,003,001,014
S014C003P039R001A014_rgb.avi,039,014,003,001,014
S014C003P039R001A015_rgb.avi,039,015,003,001,014
S014C003P039R002A005_rgb.avi,039,005,003,002,014
S014C003P039R002A006_rgb.avi,039,006,003,002,014
S014C003P039R002A007_rgb.avi,039,007,003,002,014
S014C003P039R002A008_rgb.avi,039,008,003,002,014
S014C003P039R002A009_rgb.avi,039,009,003,002,014
S014C003P039R002A014_rgb.avi,039,014,003,002,014
S014C003P039R002A015_rgb.avi,039,015,003,002,014
S015C001P007R001A005_rgb.avi,007,005,001,001,015
S015C001P007R001A006_rgb.avi,007,006,001,001,015
S015C001P007R001A007_rgb.avi,007,007,001,001,015
S015C001P007R001A008_rgb.avi,007,008,001,001,015
S015C001P007R001A009_rgb.avi,007,009,001,001,015
S015C001P007R001A014_rgb.avi,007,014,001,001,015
S015C001P007R001A015_rgb.avi,007,015,001,001,015
S015C001P007R002A005_rgb.avi,007,005,001,002,015
S015C001P007R002A006_rgb.avi,007,006,001,002,015
S015C001P007R002A007_rgb.avi,007,007,001,002,015
S015C001P007R002A008_rgb.avi,007,008,001,002,015
S015C001P007R002A009_rgb.avi,007,009,001,002,015
S015C001P007R002A014_rgb.avi,007,014,001,002,015
S015C001P007R002A015_rgb.avi,007,015,001,002,015
S015C001P008R001A005_rgb.avi,008,005,001,001,015
S015C001P008R001A006_rgb.avi,008,006,001,001,015
S015C001P008R001A007_rgb.avi,008,007,001,001,015
S015C001P008R001A008_rgb.avi,008,008,001,001,015
S015C001P008R001A009_rgb.avi,008,009,001,001,015
S015C001P008R001A014_rgb.avi,008,014,001,001,015
S015C001P008R001A015_rgb.avi,008,015,001,001,015
S015C001P008R002A005_rgb.avi,008,005,001,002,015
S015C001P008R002A006_rgb.avi,008,006,001,002,015
S015C001P008R002A007_rgb.avi,008,007,001,002,015
S015C001P008R002A008_rgb.avi,008,008,001,002,015
S015C001P008R002A009_rgb.avi,008,009,001,002,015
S015C001P008R002A014_rgb.avi,008,014,001,002,015
S015C001P008R002A015_rgb.avi,008,015,001,002,015
S015C001P015R001A005_rgb.avi,015,005,001,001,015
S015C001P015R001A006_rgb.avi,015,006,001,001,015
S015C001P015R001A007_rgb.avi,015,007,001,001,015
S015C001P015R001A008_rgb.avi,015,008,001,001,015
S015C001P015R001A009_rgb.avi,015,009,001,001,015
S015C001P015R001A014_rgb.avi,015,014,001,001,015
S015C001P015R001A015_rgb.avi,015,015,001,001,015
S015C001P015R002A005_rgb.avi,015,005,001,002,015
S015C001P015R002A006_rgb.avi,015,006,001,002,015
S015C001P015R002A007_rgb.avi,015,007,001,002,015
S015C001P015R002A008_rgb.avi,015,008,001,002,015
S015C001P015R002A009_rgb.avi,015,009,001,002,015
S015C001P015R002A014_rgb.avi,015,014,001,002,015
S015C001P015R002A015_rgb.avi,015,015,001,002,015
S015C001P016R001A005_rgb.avi,016,005,001,001,015
S015C001P016R001A006_rgb.avi,016,006,001,001,015
S015C001P016R001A007_rgb.avi,016,007,001,001,015
S015C001P016R001A008_rgb.avi,016,008,001,001,015
S015C001P016R001A009_rgb.avi,016,009,001,001,015
S015C001P016R001A014_rgb.avi,016,014,001,001,015
S015C001P016R001A015_rgb.avi,016,015,001,001,015
S015C001P016R002A005_rgb.avi,016,005,001,002,015
S015C001P016R002A006_rgb.avi,016,006,001,002,015
S015C001P016R002A007_rgb.avi,016,007,001,002,015
S015C001P016R002A008_rgb.avi,016,008,001,002,015
S015C001P016R002A009_rgb.avi,016,009,001,002,015
S015C001P016R002A014_rgb.avi,016,014,001,002,015
S015C001P016R002A015_rgb.avi,016,015,001,002,015
S015C001P017R001A005_rgb.avi,017,005,001,001,015
S015C001P017R001A006_rgb.avi,017,006,001,001,015
S015C001P017R001A007_rgb.avi,017,007,001,001,015
S015C001P017R001A008_rgb.avi,017,008,001,001,015
S015C001P017R001A009_rgb.avi,017,009,001,001,015
S015C001P017R001A014_rgb.avi,017,014,001,001,015
S015C001P017R001A015_rgb.avi,017,015,001,001,015
S015C001P017R002A005_rgb.avi,017,005,001,002,015
S015C001P017R002A006_rgb.avi,017,006,001,002,015
S015C001P017R002A007_rgb.avi,017,007,001,002,015
S015C001P017R002A008_rgb.avi,017,008,001,002,015
S015C001P017R002A009_rgb.avi,017,009,001,002,015
S015C001P017R002A014_rgb.avi,017,014,001,002,015
S015C001P017R002A015_rgb.avi,017,015,001,002,015
S015C001P019R001A005_rgb.avi,019,005,001,001,015
S015C001P019R001A006_rgb.avi,019,006,001,001,015
S015C001P019R001A007_rgb.avi,019,007,001,001,015
S015C001P019R001A008_rgb.avi,019,008,001,001,015
S015C001P019R001A009_rgb.avi,019,009,001,001,015
S015C001P019R001A014_rgb.avi,019,014,001,001,015
S015C001P019R001A015_rgb.avi,019,015,001,001,015
S015C001P019R002A005_rgb.avi,019,005,001,002,015
S015C001P019R002A006_rgb.avi,019,006,001,002,015
S015C001P019R002A007_rgb.avi,019,007,001,002,015
S015C001P019R002A008_rgb.avi,019,008,001,002,015
S015C001P019R002A009_rgb.avi,019,009,001,002,015
S015C001P019R002A014_rgb.avi,019,014,001,002,015
S015C001P019R002A015_rgb.avi,019,015,001,002,015
S015C001P025R001A005_rgb.avi,025,005,001,001,015
S015C001P025R001A006_rgb.avi,025,006,001,001,015
S015C001P025R001A007_rgb.avi,025,007,001,001,015
S015C001P025R001A008_rgb.avi,025,008,001,001,015
S015C001P025R001A009_rgb.avi,025,009,001,001,015
S015C001P025R001A014_rgb.avi,025,014,001,001,015
S015C001P025R001A015_rgb.avi,025,015,001,001,015
S015C001P025R002A005_rgb.avi,025,005,001,002,015
S015C001P025R002A006_rgb.avi,025,006,001,002,015
S015C001P025R002A007_rgb.avi,025,007,001,002,015
S015C001P025R002A008_rgb.avi,025,008,001,002,015
S015C001P025R002A009_rgb.avi,025,009,001,002,015
S015C001P025R002A014_rgb.avi,025,014,001,002,015
S015C001P025R002A015_rgb.avi,025,015,001,002,015
S015C001P037R001A005_rgb.avi,037,005,001,001,015
S015C001P037R001A006_rgb.avi,037,006,001,001,015
S015C001P037R001A007_rgb.avi,037,007,001,001,015
S015C001P037R001A008_rgb.avi,037,008,001,001,015
S015C001P037R001A009_rgb.avi,037,009,001,001,015
S015C001P037R001A014_rgb.avi,037,014,001,001,015
S015C001P037R001A015_rgb.avi,037,015,001,001,015
S015C001P037R002A005_rgb.avi,037,005,001,002,015
S015C001P037R002A006_rgb.avi,037,006,001,002,015
S015C001P037R002A007_rgb.avi,037,007,001,002,015
S015C001P037R002A008_rgb.avi,037,008,001,002,015
S015C001P037R002A009_rgb.avi,037,009,001,002,015
S015C001P037R002A014_rgb.avi,037,014,001,002,015
S015C001P037R002A015_rgb.avi,037,015,001,002,015
S015C002P007R001A005_rgb.avi,007,005,002,001,015
S015C002P007R001A006_rgb.avi,007,006,002,001,015
S015C002P007R001A007_rgb.avi,007,007,002,001,015
S015C002P007R001A008_rgb.avi,007,008,002,001,015
S015C002P007R001A009_rgb.avi,007,009,002,001,015
S015C002P007R001A014_rgb.avi,007,014,002,001,015
S015C002P007R001A015_rgb.avi,007,015,002,001,015
S015C002P007R002A005_rgb.avi,007,005,002,002,015
S015C002P007R002A006_rgb.avi,007,006,002,002,015
S015C002P007R002A007_rgb.avi,007,007,002,002,015
S015C002P007R002A008_rgb.avi,007,008,002,002,015
S015C002P007R002A009_rgb.avi,007,009,002,002,015
S015C002P007R002A014_rgb.avi,007,014,002,002,015
S015C002P007R002A015_rgb.avi,007,015,002,002,015
S015C002P008R001A005_rgb.avi,008,005,002,001,015
S015C002P008R001A006_rgb.avi,008,006,002,001,015
S015C002P008R001A007_rgb.avi,008,007,002,001,015
S015C002P008R001A008_rgb.avi,008,008,002,001,015
S015C002P008R001A009_rgb.avi,008,009,002,001,015
S015C002P008R001A014_rgb.avi,008,014,002,001,015
S015C002P008R001A015_rgb.avi,008,015,002,001,015
S015C002P008R002A005_rgb.avi,008,005,002,002,015
S015C002P008R002A006_rgb.avi,008,006,002,002,015
S015C002P008R002A007_rgb.avi,008,007,002,002,015
S015C002P008R002A008_rgb.avi,008,008,002,002,015
S015C002P008R002A009_rgb.avi,008,009,002,002,015
S015C002P008R002A014_rgb.avi,008,014,002,002,015
S015C002P008R002A015_rgb.avi,008,015,002,002,015
S015C002P015R001A005_rgb.avi,015,005,002,001,015
S015C002P015R001A006_rgb.avi,015,006,002,001,015
S015C002P015R001A007_rgb.avi,015,007,002,001,015
S015C002P015R001A008_rgb.avi,015,008,002,001,015
S015C002P015R001A009_rgb.avi,015,009,002,001,015
S015C002P015R001A014_rgb.avi,015,014,002,001,015
S015C002P015R001A015_rgb.avi,015,015,002,001,015
S015C002P015R002A005_rgb.avi,015,005,002,002,015
S015C002P015R002A006_rgb.avi,015,006,002,002,015
S015C002P015R002A007_rgb.avi,015,007,002,002,015
S015C002P015R002A008_rgb.avi,015,008,002,002,015
S015C002P015R002A009_rgb.avi,015,009,002,002,015
S015C002P015R002A014_rgb.avi,015,014,002,002,015
S015C002P015R002A015_rgb.avi,015,015,002,002,015
S015C002P016R001A005_rgb.avi,016,005,002,001,015
S015C002P016R001A006_rgb.avi,016,006,002,001,015
S015C002P016R001A007_rgb.avi,016,007,002,001,015
S015C002P016R001A008_rgb.avi,016,008,002,001,015
S015C002P016R001A009_rgb.avi,016,009,002,001,015
S015C002P016R001A014_rgb.avi,016,014,002,001,015
S015C002P016R001A015_rgb.avi,016,015,002,001,015
S015C002P016R002A005_rgb.avi,016,005,002,002,015
S015C002P016R002A006_rgb.avi,016,006,002,002,015
S015C002P016R002A007_rgb.avi,016,007,002,002,015
S015C002P016R002A008_rgb.avi,016,008,002,002,015
S015C002P016R002A009_rgb.avi,016,009,002,002,015
S015C002P016R002A014_rgb.avi,016,014,002,002,015
S015C002P016R002A015_rgb.avi,016,015,002,002,015
S015C002P017R001A005_rgb.avi,017,005,002,001,015
S015C002P017R001A006_rgb.avi,017,006,002,001,015
S015C002P017R001A007_rgb.avi,017,007,002,001,015
S015C002P017R001A008_rgb.avi,017,008,002,001,015
S015C002P017R001A009_rgb.avi,017,009,002,001,015
S015C002P017R001A014_rgb.avi,017,014,002,001,015
S015C002P017R001A015_rgb.avi,017,015,002,001,015
S015C002P017R002A005_rgb.avi,017,005,002,002,015
S015C002P017R002A006_rgb.avi,017,006,002,002,015
S015C002P017R002A007_rgb.avi,017,007,002,002,015
S015C002P017R002A008_rgb.avi,017,008,002,002,015
S015C002P017R002A009_rgb.avi,017,009,002,002,015
S015C002P017R002A014_rgb.avi,017,014,002,002,015
S015C002P017R002A015_rgb.avi,017,015,002,002,015
S015C002P019R001A005_rgb.avi,019,005,002,001,015
S015C002P019R001A006_rgb.avi,019,006,002,001,015
S015C002P019R001A007_rgb.avi,019,007,002,001,015
S015C002P019R001A008_rgb.avi,019,008,002,001,015
S015C002P019R001A009_rgb.avi,019,009,002,001,015
S015C002P019R001A014_rgb.avi,019,014,002,001,015
S015C002P019R001A015_rgb.avi,019,015,002,001,015
S015C002P019R002A005_rgb.avi,019,005,002,002,015
S015C002P019R002A006_rgb.avi,019,006,002,002,015
S015C002P019R002A007_rgb.avi,019,007,002,002,015
S015C002P019R002A008_rgb.avi,019,008,002,002,015
S015C002P019R002A009_rgb.avi,019,009,002,002,015
S015C002P019R002A014_rgb.avi,019,014,002,002,015
S015C002P019R002A015_rgb.avi,019,015,002,002,015
S015C002P025R001A005_rgb.avi,025,005,002,001,015
S015C002P025R001A006_rgb.avi,025,006,002,001,015
S015C002P025R001A007_rgb.avi,025,007,002,001,015
S015C002P025R001A008_rgb.avi,025,008,002,001,015
S015C002P025R001A009_rgb.avi,025,009,002,001,015
S015C002P025R001A014_rgb.avi,025,014,002,001,015
S015C002P025R001A015_rgb.avi,025,015,002,001,015
S015C002P025R002A005_rgb.avi,025,005,002,002,015
S015C002P025R002A006_rgb.avi,025,006,002,002,015
S015C002P025R002A007_rgb.avi,025,007,002,002,015
S015C002P025R002A008_rgb.avi,025,008,002,002,015
S015C002P025R002A009_rgb.avi,025,009,002,002,015
S015C002P025R002A014_rgb.avi,025,014,002,002,015
S015C002P025R002A015_rgb.avi,025,015,002,002,015
S015C002P037R001A005_rgb.avi,037,005,002,001,015
S015C002P037R001A006_rgb.avi,037,006,002,001,015
S015C002P037R001A007_rgb.avi,037,007,002,001,015
S015C002P037R001A008_rgb.avi,037,008,002,001,015
S015C002P037R001A009_rgb.avi,037,009,002,001,015
S015C002P037R001A014_rgb.avi,037,014,002,001,015
S015C002P037R001A015_rgb.avi,037,015,002,001,015
S015C002P037R002A005_rgb.avi,037,005,002,002,015
S015C002P037R002A006_rgb.avi,037,006,002,002,015
S015C002P037R002A007_rgb.avi,037,007,002,002,015
S015C002P037R002A008_rgb.avi,037,008,002,002,015
S015C002P037R002A009_rgb.avi,037,009,002,002,015
S015C002P037R002A014_rgb.avi,037,014,002,002,015
S015C002P037R002A015_rgb.avi,037,015,002,002,015
S015C003P007R001A005_rgb.avi,007,005,003,001,015
S015C003P007R001A006_rgb.avi,007,006,003,001,015
S015C003P007R001A007_rgb.avi,007,007,003,001,015
S015C003P007R001A008_rgb.avi,007,008,003,001,015
S015C003P007R001A009_rgb.avi,007,009,003,001,015
S015C003P007R001A014_rgb.avi,007,014,003,001,015
S015C003P007R001A015_rgb.avi,007,015,003,001,015
S015C003P007R002A005_rgb.avi,007,005,003,002,015
S015C003P007R002A006_rgb.avi,007,006,003,002,015
S015C003P007R002A007_rgb.avi,007,007,003,002,015
S015C003P007R002A008_rgb.avi,007,008,003,002,015
S015C003P007R002A009_rgb.avi,007,009,003,002,015
S015C003P007R002A014_rgb.avi,007,014,003,002,015
S015C003P007R002A015_rgb.avi,007,015,003,002,015
S015C003P008R001A005_rgb.avi,008,005,003,001,015
S015C003P008R001A006_rgb.avi,008,006,003,001,015
S015C003P008R001A007_rgb.avi,008,007,003,001,015
S015C003P008R001A008_rgb.avi,008,008,003,001,015
S015C003P008R001A009_rgb.avi,008,009,003,001,015
S015C003P008R001A014_rgb.avi,008,014,003,001,015
S015C003P008R001A015_rgb.avi,008,015,003,001,015
S015C003P008R002A005_rgb.avi,008,005,003,002,015
S015C003P008R002A006_rgb.avi,008,006,003,002,015
S015C003P008R002A007_rgb.avi,008,007,003,002,015
S015C003P008R002A008_rgb.avi,008,008,003,002,015
S015C003P008R002A009_rgb.avi,008,009,003,002,015
S015C003P008R002A014_rgb.avi,008,014,003,002,015
S015C003P008R002A015_rgb.avi,008,015,003,002,015
S015C003P015R001A005_rgb.avi,015,005,003,001,015
S015C003P015R001A006_rgb.avi,015,006,003,001,015
S015C003P015R001A007_rgb.avi,015,007,003,001,015
S015C003P015R001A008_rgb.avi,015,008,003,001,015
S015C003P015R001A009_rgb.avi,015,009,003,001,015
S015C003P015R001A014_rgb.avi,015,014,003,001,015
S015C003P015R001A015_rgb.avi,015,015,003,001,015
S015C003P015R002A005_rgb.avi,015,005,003,002,015
S015C003P015R002A006_rgb.avi,015,006,003,002,015
S015C003P015R002A007_rgb.avi,015,007,003,002,015
S015C003P015R002A008_rgb.avi,015,008,003,002,015
S015C003P015R002A009_rgb.avi,015,009,003,002,015
S015C003P015R002A014_rgb.avi,015,014,003,002,015
S015C003P015R002A015_rgb.avi,015,015,003,002,015
S015C003P016R001A005_rgb.avi,016,005,003,001,015
S015C003P016R001A006_rgb.avi,016,006,003,001,015
S015C003P016R001A007_rgb.avi,016,007,003,001,015
S015C003P016R001A008_rgb.avi,016,008,003,001,015
S015C003P016R001A009_rgb.avi,016,009,003,001,015
S015C003P016R001A014_rgb.avi,016,014,003,001,015
S015C003P016R001A015_rgb.avi,016,015,003,001,015
S015C003P016R002A005_rgb.avi,016,005,003,002,015
S015C003P016R002A006_rgb.avi,016,006,003,002,015
S015C003P016R002A007_rgb.avi,016,007,003,002,015
S015C003P016R002A008_rgb.avi,016,008,003,002,015
S015C003P016R002A009_rgb.avi,016,009,003,002,015
S015C003P016R002A014_rgb.avi,016,014,003,002,015
S015C003P016R002A015_rgb.avi,016,015,003,002,015
S015C003P017R001A005_rgb.avi,017,005,003,001,015
S015C003P017R001A006_rgb.avi,017,006,003,001,015
S015C003P017R001A007_rgb.avi,017,007,003,001,015
S015C003P017R001A008_rgb.avi,017,008,003,001,015
S015C003P017R001A009_rgb.avi,017,009,003,001,015
S015C003P017R001A014_rgb.avi,017,014,003,001,015
S015C003P017R001A015_rgb.avi,017,015,003,001,015
S015C003P017R002A005_rgb.avi,017,005,003,002,015
S015C003P017R002A006_rgb.avi,017,006,003,002,015
S015C003P017R002A007_rgb.avi,017,007,003,002,015
S015C003P017R002A008_rgb.avi,017,008,003,002,015
S015C003P017R002A009_rgb.avi,017,009,003,002,015
S015C003P017R002A014_rgb.avi,017,014,003,002,015
S015C003P017R002A015_rgb.avi,017,015,003,002,015
S015C003P019R001A005_rgb.avi,019,005,003,001,015
S015C003P019R001A006_rgb.avi,019,006,003,001,015
S015C003P019R001A007_rgb.avi,019,007,003,001,015
S015C003P019R001A008_rgb.avi,019,008,003,001,015
S015C003P019R001A009_rgb.avi,019,009,003,001,015
S015C003P019R001A014_rgb.avi,019,014,003,001,015
S015C003P019R001A015_rgb.avi,019,015,003,001,015
S015C003P019R002A005_rgb.avi,019,005,003,002,015
S015C003P019R002A006_rgb.avi,019,006,003,002,015
S015C003P019R002A007_rgb.avi,019,007,003,002,015
S015C003P019R002A008_rgb.avi,019,008,003,002,015
S015C003P019R002A009_rgb.avi,019,009,003,002,015
S015C003P019R002A014_rgb.avi,019,014,003,002,015
S015C003P019R002A015_rgb.avi,019,015,003,002,015
S015C003P025R001A005_rgb.avi,025,005,003,001,015
S015C003P025R001A006_rgb.avi,025,006,003,001,015
S015C003P025R001A007_rgb.avi,025,007,003,001,015
S015C003P025R001A008_rgb.avi,025,008,003,001,015
S015C003P025R001A009_rgb.avi,025,009,003,001,015
S015C003P025R001A014_rgb.avi,025,014,003,001,015
S015C003P025R001A015_rgb.avi,025,015,003,001,015
S015C003P025R002A005_rgb.avi,025,005,003,002,015
S015C003P025R002A006_rgb.avi,025,006,003,002,015
S015C003P025R002A007_rgb.avi,025,007,003,002,015
S015C003P025R002A008_rgb.avi,025,008,003,002,015
S015C003P025R002A009_rgb.avi,025,009,003,002,015
S015C003P025R002A014_rgb.avi,025,014,003,002,015
S015C003P025R002A015_rgb.avi,025,015,003,002,015
S015C003P037R001A005_rgb.avi,037,005,003,001,015
S015C003P037R001A006_rgb.avi,037,006,003,001,015
S015C003P037R001A007_rgb.avi,037,007,003,001,015
S015C003P037R001A008_rgb.avi,037,008,003,001,015
S015C003P037R001A009_rgb.avi,037,009,003,001,015
S015C003P037R001A014_rgb.avi,037,014,003,001,015
S015C003P037R001A015_rgb.avi,037,015,003,001,015
S015C003P037R002A005_rgb.avi,037,005,003,002,015
S015C003P037R002A006_rgb.avi,037,006,003,002,015
S015C003P037R002A007_rgb.avi,037,007,003,002,015
S015C003P037R002A008_rgb.avi,037,008,003,002,015
S015C003P037R002A009_rgb.avi,037,009,003,002,015
S015C003P037R002A014_rgb.avi,037,014,003,002,015
S015C003P037R002A015_rgb.avi,037,015,003,002,015
S016C001P007R001A005_rgb.avi,007,005,001,001,016
S016C001P007R001A006_rgb.avi,007,006,001,001,016
S016C001P007R001A007_rgb.avi,007,007,001,001,016
S016C001P007R001A008_rgb.avi,007,008,001,001,016
S016C001P007R001A009_rgb.avi,007,009,001,001,016
S016C001P007R001A014_rgb.avi,007,014,001,001,016
S016C001P007R001A015_rgb.avi,007,015,001,001,016
S016C001P007R002A005_rgb.avi,007,005,001,002,016
S016C001P007R002A006_rgb.avi,007,006,001,002,016
S016C001P007R002A007_rgb.avi,007,007,001,002,016
S016C001P007R002A008_rgb.avi,007,008,001,002,016
S016C001P007R002A009_rgb.avi,007,009,001,002,016
S016C001P007R002A014_rgb.avi,007,014,001,002,016
S016C001P007R002A015_rgb.avi,007,015,001,002,016
S016C001P008R001A005_rgb.avi,008,005,001,001,016
S016C001P008R001A006_rgb.avi,008,006,001,001,016
S016C001P008R001A007_rgb.avi,008,007,001,001,016
S016C001P008R001A008_rgb.avi,008,008,001,001,016
S016C001P008R001A009_rgb.avi,008,009,001,001,016
S016C001P008R001A014_rgb.avi,008,014,001,001,016
S016C001P008R001A015_rgb.avi,008,015,001,001,016
S016C001P008R002A005_rgb.avi,008,005,001,002,016
S016C001P008R002A006_rgb.avi,008,006,001,002,016
S016C001P008R002A007_rgb.avi,008,007,001,002,016
S016C001P008R002A008_rgb.avi,008,008,001,002,016
S016C001P008R002A009_rgb.avi,008,009,001,002,016
S016C001P008R002A014_rgb.avi,008,014,001,002,016
S016C001P008R002A015_rgb.avi,008,015,001,002,016
S016C001P019R001A005_rgb.avi,019,005,001,001,016
S016C001P019R001A006_rgb.avi,019,006,001,001,016
S016C001P019R001A007_rgb.avi,019,007,001,001,016
S016C001P019R001A008_rgb.avi,019,008,001,001,016
S016C001P019R001A009_rgb.avi,019,009,001,001,016
S016C001P019R001A014_rgb.avi,019,014,001,001,016
S016C001P019R001A015_rgb.avi,019,015,001,001,016
S016C001P019R002A005_rgb.avi,019,005,001,002,016
S016C001P019R002A006_rgb.avi,019,006,001,002,016
S016C001P019R002A007_rgb.avi,019,007,001,002,016
S016C001P019R002A008_rgb.avi,019,008,001,002,016
S016C001P019R002A009_rgb.avi,019,009,001,002,016
S016C001P019R002A014_rgb.avi,019,014,001,002,016
S016C001P019R002A015_rgb.avi,019,015,001,002,016
S016C001P021R001A005_rgb.avi,021,005,001,001,016
S016C001P021R001A006_rgb.avi,021,006,001,001,016
S016C001P021R001A007_rgb.avi,021,007,001,001,016
S016C001P021R001A008_rgb.avi,021,008,001,001,016
S016C001P021R001A009_rgb.avi,021,009,001,001,016
S016C001P021R001A014_rgb.avi,021,014,001,001,016
S016C001P021R001A015_rgb.avi,021,015,001,001,016
S016C001P021R002A005_rgb.avi,021,005,001,002,016
S016C001P021R002A006_rgb.avi,021,006,001,002,016
S016C001P021R002A007_rgb.avi,021,007,001,002,016
S016C001P021R002A008_rgb.avi,021,008,001,002,016
S016C001P021R002A009_rgb.avi,021,009,001,002,016
S016C001P021R002A014_rgb.avi,021,014,001,002,016
S016C001P021R002A015_rgb.avi,021,015,001,002,016
S016C001P025R001A005_rgb.avi,025,005,001,001,016
S016C001P025R001A006_rgb.avi,025,006,001,001,016
S016C001P025R001A007_rgb.avi,025,007,001,001,016
S016C001P025R001A008_rgb.avi,025,008,001,001,016
S016C001P025R001A009_rgb.avi,025,009,001,001,016
S016C001P025R001A014_rgb.avi,025,014,001,001,016
S016C001P025R001A015_rgb.avi,025,015,001,001,016
S016C001P025R002A005_rgb.avi,025,005,001,002,016
S016C001P025R002A006_rgb.avi,025,006,001,002,016
S016C001P025R002A007_rgb.avi,025,007,001,002,016
S016C001P025R002A008_rgb.avi,025,008,001,002,016
S016C001P025R002A009_rgb.avi,025,009,001,002,016
S016C001P025R002A014_rgb.avi,025,014,001,002,016
S016C001P025R002A015_rgb.avi,025,015,001,002,016
S016C001P039R001A005_rgb.avi,039,005,001,001,016
S016C001P039R001A006_rgb.avi,039,006,001,001,016
S016C001P039R001A007_rgb.avi,039,007,001,001,016
S016C001P039R001A008_rgb.avi,039,008,001,001,016
S016C001P039R001A009_rgb.avi,039,009,001,001,016
S016C001P039R001A014_rgb.avi,039,014,001,001,016
S016C001P039R001A015_rgb.avi,039,015,001,001,016
S016C001P039R002A005_rgb.avi,039,005,001,002,016
S016C001P039R002A006_rgb.avi,039,006,001,002,016
S016C001P039R002A007_rgb.avi,039,007,001,002,016
S016C001P039R002A008_rgb.avi,039,008,001,002,016
S016C001P039R002A009_rgb.avi,039,009,001,002,016
S016C001P039R002A014_rgb.avi,039,014,001,002,016
S016C001P039R002A015_rgb.avi,039,015,001,002,016
S016C001P040R001A005_rgb.avi,040,005,001,001,016
S016C001P040R001A006_rgb.avi,040,006,001,001,016
S016C001P040R001A007_rgb.avi,040,007,001,001,016
S016C001P040R001A008_rgb.avi,040,008,001,001,016
S016C001P040R001A009_rgb.avi,040,009,001,001,016
S016C001P040R001A014_rgb.avi,040,014,001,001,016
S016C001P040R001A015_rgb.avi,040,015,001,001,016
S016C001P040R002A005_rgb.avi,040,005,001,002,016
S016C001P040R002A006_rgb.avi,040,006,001,002,016
S016C001P040R002A007_rgb.avi,040,007,001,002,016
S016C001P040R002A008_rgb.avi,040,008,001,002,016
S016C001P040R002A009_rgb.avi,040,009,001,002,016
S016C001P040R002A014_rgb.avi,040,014,001,002,016
S016C001P040R002A015_rgb.avi,040,015,001,002,016
S016C002P007R001A005_rgb.avi,007,005,002,001,016
S016C002P007R001A006_rgb.avi,007,006,002,001,016
S016C002P007R001A007_rgb.avi,007,007,002,001,016
S016C002P007R001A008_rgb.avi,007,008,002,001,016
S016C002P007R001A009_rgb.avi,007,009,002,001,016
S016C002P007R001A014_rgb.avi,007,014,002,001,016
S016C002P007R001A015_rgb.avi,007,015,002,001,016
S016C002P007R002A005_rgb.avi,007,005,002,002,016
S016C002P007R002A006_rgb.avi,007,006,002,002,016
S016C002P007R002A007_rgb.avi,007,007,002,002,016
S016C002P007R002A008_rgb.avi,007,008,002,002,016
S016C002P007R002A009_rgb.avi,007,009,002,002,016
S016C002P007R002A014_rgb.avi,007,014,002,002,016
S016C002P007R002A015_rgb.avi,007,015,002,002,016
S016C002P008R001A005_rgb.avi,008,005,002,001,016
S016C002P008R001A006_rgb.avi,008,006,002,001,016
S016C002P008R001A007_rgb.avi,008,007,002,001,016
S016C002P008R001A008_rgb.avi,008,008,002,001,016
S016C002P008R001A009_rgb.avi,008,009,002,001,016
S016C002P008R001A014_rgb.avi,008,014,002,001,016
S016C002P008R001A015_rgb.avi,008,015,002,001,016
S016C002P008R002A005_rgb.avi,008,005,002,002,016
S016C002P008R002A006_rgb.avi,008,006,002,002,016
S016C002P008R002A007_rgb.avi,008,007,002,002,016
S016C002P008R002A008_rgb.avi,008,008,002,002,016
S016C002P008R002A009_rgb.avi,008,009,002,002,016
S016C002P008R002A014_rgb.avi,008,014,002,002,016
S016C002P008R002A015_rgb.avi,008,015,002,002,016
S016C002P019R001A005_rgb.avi,019,005,002,001,016
S016C002P019R001A006_rgb.avi,019,006,002,001,016
S016C002P019R001A007_rgb.avi,019,007,002,001,016
S016C002P019R001A008_rgb.avi,019,008,002,001,016
S016C002P019R001A009_rgb.avi,019,009,002,001,016
S016C002P019R001A014_rgb.avi,019,014,002,001,016
S016C002P019R001A015_rgb.avi,019,015,002,001,016
S016C002P019R002A005_rgb.avi,019,005,002,002,016
S016C002P019R002A006_rgb.avi,019,006,002,002,016
S016C002P019R002A007_rgb.avi,019,007,002,002,016
S016C002P019R002A008_rgb.avi,019,008,002,002,016
S016C002P019R002A009_rgb.avi,019,009,002,002,016
S016C002P019R002A014_rgb.avi,019,014,002,002,016
S016C002P019R002A015_rgb.avi,019,015,002,002,016
S016C002P021R001A005_rgb.avi,021,005,002,001,016
S016C002P021R001A006_rgb.avi,021,006,002,001,016
S016C002P021R001A007_rgb.avi,021,007,002,001,016
S016C002P021R001A008_rgb.avi,021,008,002,001,016
S016C002P021R001A009_rgb.avi,021,009,002,001,016
S016C002P021R001A014_rgb.avi,021,014,002,001,016
S016C002P021R001A015_rgb.avi,021,015,002,001,016
S016C002P021R002A005_rgb.avi,021,005,002,002,016
S016C002P021R002A006_rgb.avi,021,006,002,002,016
S016C002P021R002A007_rgb.avi,021,007,002,002,016
S016C002P021R002A008_rgb.avi,021,008,002,002,016
S016C002P021R002A009_rgb.avi,021,009,002,002,016
S016C002P021R002A014_rgb.avi,021,014,002,002,016
S016C002P021R002A015_rgb.avi,021,015,002,002,016
S016C002P025R001A005_rgb.avi,025,005,002,001,016
S016C002P025R001A006_rgb.avi,025,006,002,001,016
S016C002P025R001A007_rgb.avi,025,007,002,001,016
S016C002P025R001A008_rgb.avi,025,008,002,001,016
S016C002P025R001A009_rgb.avi,025,009,002,001,016
S016C002P025R001A014_rgb.avi,025,014,002,001,016
S016C002P025R001A015_rgb.avi,025,015,002,001,016
S016C002P025R002A005_rgb.avi,025,005,002,002,016
S016C002P025R002A006_rgb.avi,025,006,002,002,016
S016C002P025R002A007_rgb.avi,025,007,002,002,016
S016C002P025R002A008_rgb.avi,025,008,002,002,016
S016C002P025R002A009_rgb.avi,025,009,002,002,016
S016C002P025R002A014_rgb.avi,025,014,002,002,016
S016C002P025R002A015_rgb.avi,025,015,002,002,016
S016C002P039R001A005_rgb.avi,039,005,002,001,016
S016C002P039R001A006_rgb.avi,039,006,002,001,016
S016C002P039R001A007_rgb.avi,039,007,002,001,016
S016C002P039R001A008_rgb.avi,039,008,002,001,016
S016C002P039R001A009_rgb.avi,039,009,002,001,016
S016C002P039R001A014_rgb.avi,039,014,002,001,016
S016C002P039R001A015_rgb.avi,039,015,002,001,016
S016C002P039R002A005_rgb.avi,039,005,002,002,016
S016C002P039R002A006_rgb.avi,039,006,002,002,016
S016C002P039R002A007_rgb.avi,039,007,002,002,016
S016C002P039R002A008_rgb.avi,039,008,002,002,016
S016C002P039R002A009_rgb.avi,039,009,002,002,016
S016C002P039R002A014_rgb.avi,039,014,002,002,016
S016C002P039R002A015_rgb.avi,039,015,002,002,016
S016C002P040R001A005_rgb.avi,040,005,002,001,016
S016C002P040R001A006_rgb.avi,040,006,002,001,016
S016C002P040R001A007_rgb.avi,040,007,002,001,016
S016C002P040R001A008_rgb.avi,040,008,002,001,016
S016C002P040R001A009_rgb.avi,040,009,002,001,016
S016C002P040R001A014_rgb.avi,040,014,002,001,016
S016C002P040R001A015_rgb.avi,040,015,002,001,016
S016C002P040R002A005_rgb.avi,040,005,002,002,016
S016C002P040R002A006_rgb.avi,040,006,002,002,016
S016C002P040R002A007_rgb.avi,040,007,002,002,016
S016C002P040R002A008_rgb.avi,040,008,002,002,016
S016C002P040R002A009_rgb.avi,040,009,002,002,016
S016C002P040R002A014_rgb.avi,040,014,002,002,016
S016C002P040R002A015_rgb.avi,040,015,002,002,016
S016C003P007R001A005_rgb.avi,007,005,003,001,016
S016C003P007R001A006_rgb.avi,007,006,003,001,016
S016C003P007R001A007_rgb.avi,007,007,003,001,016
S016C003P007R001A008_rgb.avi,007,008,003,001,016
S016C003P007R001A009_rgb.avi,007,009,003,001,016
S016C003P007R001A014_rgb.avi,007,014,003,001,016
S016C003P007R001A015_rgb.avi,007,015,003,001,016
S016C003P007R002A005_rgb.avi,007,005,003,002,016
S016C003P007R002A006_rgb.avi,007,006,003,002,016
S016C003P007R002A007_rgb.avi,007,007,003,002,016
S016C003P007R002A008_rgb.avi,007,008,003,002,016
S016C003P007R002A009_rgb.avi,007,009,003,002,016
S016C003P007R002A014_rgb.avi,007,014,003,002,016
S016C003P007R002A015_rgb.avi,007,015,003,002,016
S016C003P008R001A005_rgb.avi,008,005,003,001,016
S016C003P008R001A006_rgb.avi,008,006,003,001,016
S016C003P008R001A007_rgb.avi,008,007,003,001,016
S016C003P008R001A008_rgb.avi,008,008,003,001,016
S016C003P008R001A009_rgb.avi,008,009,003,001,016
S016C003P008R001A014_rgb.avi,008,014,003,001,016
S016C003P008R001A015_rgb.avi,008,015,003,001,016
S016C003P008R002A005_rgb.avi,008,005,003,002,016
S016C003P008R002A006_rgb.avi,008,006,003,002,016
S016C003P008R002A007_rgb.avi,008,007,003,002,016
S016C003P008R002A008_rgb.avi,008,008,003,002,016
S016C003P008R002A009_rgb.avi,008,009,003,002,016
S016C003P008R002A014_rgb.avi,008,014,003,002,016
S016C003P008R002A015_rgb.avi,008,015,003,002,016
S016C003P019R001A005_rgb.avi,019,005,003,001,016
S016C003P019R001A006_rgb.avi,019,006,003,001,016
S016C003P019R001A007_rgb.avi,019,007,003,001,016
S016C003P019R001A008_rgb.avi,019,008,003,001,016
S016C003P019R001A009_rgb.avi,019,009,003,001,016
S016C003P019R001A014_rgb.avi,019,014,003,001,016
S016C003P019R001A015_rgb.avi,019,015,003,001,016
S016C003P019R002A005_rgb.avi,019,005,003,002,016
S016C003P019R002A006_rgb.avi,019,006,003,002,016
S016C003P019R002A007_rgb.avi,019,007,003,002,016
S016C003P019R002A008_rgb.avi,019,008,003,002,016
S016C003P019R002A009_rgb.avi,019,009,003,002,016
S016C003P019R002A014_rgb.avi,019,014,003,002,016
S016C003P019R002A015_rgb.avi,019,015,003,002,016
S016C003P021R001A005_rgb.avi,021,005,003,001,016
S016C003P021R001A006_rgb.avi,021,006,003,001,016
S016C003P021R001A007_rgb.avi,021,007,003,001,016
S016C003P021R001A008_rgb.avi,021,008,003,001,016
S016C003P021R001A009_rgb.avi,021,009,003,001,016
S016C003P021R001A014_rgb.avi,021,014,003,001,016
S016C003P021R001A015_rgb.avi,021,015,003,001,016
S016C003P021R002A005_rgb.avi,021,005,003,002,016
S016C003P021R002A006_rgb.avi,021,006,003,002,016
S016C003P021R002A007_rgb.avi,021,007,003,002,016
S016C003P021R002A008_rgb.avi,021,008,003,002,016
S016C003P021R002A009_rgb.avi,021,009,003,002,016
S016C003P021R002A014_rgb.avi,021,014,003,002,016
S016C003P021R002A015_rgb.avi,021,015,003,002,016
S016C003P025R001A005_rgb.avi,025,005,003,001,016
S016C003P025R001A006_rgb.avi,025,006,003,001,016
S016C003P025R001A007_rgb.avi,025,007,003,001,016
S016C003P025R001A008_rgb.avi,025,008,003,001,016
S016C003P025R001A009_rgb.avi,025,009,003,001,016
S016C003P025R001A014_rgb.avi,025,014,003,001,016
S016C003P025R001A015_rgb.avi,025,015,003,001,016
S016C003P025R002A005_rgb.avi,025,005,003,002,016
S016C003P025R002A006_rgb.avi,025,006,003,002,016
S016C003P025R002A007_rgb.avi,025,007,003,002,016
S016C003P025R002A008_rgb.avi,025,008,003,002,016
S016C003P025R002A009_rgb.avi,025,009,003,002,016
S016C003P025R002A014_rgb.avi,025,014,003,002,016
S016C003P025R002A015_rgb.avi,025,015,003,002,016
S016C003P039R001A005_rgb.avi,039,005,003,001,016
S016C003P039R001A006_rgb.avi,039,006,003,001,016
S016C003P039R001A007_rgb.avi,039,007,003,001,016
S016C003P039R001A008_rgb.avi,039,008,003,001,016
S016C003P039R001A009_rgb.avi,039,009,003,001,016
S016C003P039R001A014_rgb.avi,039,014,003,001,016
S016C003P039R001A015_rgb.avi,039,015,003,001,016
S016C003P039R002A005_rgb.avi,039,005,003,002,016
S016C003P039R002A006_rgb.avi,039,006,003,002,016
S016C003P039R002A007_rgb.avi,039,007,003,002,016
S016C003P039R002A008_rgb.avi,039,008,003,002,016
S016C003P039R002A009_rgb.avi,039,009,003,002,016
S016C003P039R002A014_rgb.avi,039,014,003,002,016
S016C003P039R002A015_rgb.avi,039,015,003,002,016
S016C003P040R001A005_rgb.avi,040,005,003,001,016
S016C003P040R001A006_rgb.avi,040,006,003,001,016
S016C003P040R001A007_rgb.avi,040,007,003,001,016
S016C003P040R001A008_rgb.avi,040,008,003,001,016
S016C003P040R001A009_rgb.avi,040,009,003,001,016
S016C003P040R001A014_rgb.avi,040,014,003,001,016
S016C003P040R001A015_rgb.avi,040,015,003,001,016
S016C003P040R002A005_rgb.avi,040,005,003,002,016
S016C003P040R002A006_rgb.avi,040,006,003,002,016
S016C003P040R002A007_rgb.avi,040,007,003,002,016
S016C003P040R002A008_rgb.avi,040,008,003,002,016
S016C003P040R002A009_rgb.avi,040,009,003,002,016
S016C003P040R002A014_rgb.avi,040,014,003,002,016
S016C003P040R002A015_rgb.avi,040,015,003,002,016
S017C001P003R001A005_rgb.avi,003,005,001,001,017
S017C001P003R001A006_rgb.avi,003,006,001,001,017
S017C001P003R001A007_rgb.avi,003,007,001,001,017
S017C001P003R001A008_rgb.avi,003,008,001,001,017
S017C001P003R001A009_rgb.avi,003,009,001,001,017
S017C001P003R001A014_rgb.avi,003,014,001,001,017
S017C001P003R001A015_rgb.avi,003,015,001,001,017
S017C001P003R002A005_rgb.avi,003,005,001,002,017
S017C001P003R002A006_rgb.avi,003,006,001,002,017
S017C001P003R002A007_rgb.avi,003,007,001,002,017
S017C001P003R002A008_rgb.avi,003,008,001,002,017
S017C001P003R002A009_rgb.avi,003,009,001,002,017
S017C001P003R002A014_rgb.avi,003,014,001,002,017
S017C001P003R002A015_rgb.avi,003,015,001,002,017
S017C001P007R001A005_rgb.avi,007,005,001,001,017
S017C001P007R001A006_rgb.avi,007,006,001,001,017
S017C001P007R001A007_rgb.avi,007,007,001,001,017
S017C001P007R001A008_rgb.avi,007,008,001,001,017
S017C001P007R001A009_rgb.avi,007,009,001,001,017
S017C001P007R001A014_rgb.avi,007,014,001,001,017
S017C001P007R001A015_rgb.avi,007,015,001,001,017
S017C001P007R002A005_rgb.avi,007,005,001,002,017
S017C001P007R002A006_rgb.avi,007,006,001,002,017
S017C001P007R002A007_rgb.avi,007,007,001,002,017
S017C001P007R002A008_rgb.avi,007,008,001,002,017
S017C001P007R002A009_rgb.avi,007,009,001,002,017
S017C001P007R002A014_rgb.avi,007,014,001,002,017
S017C001P007R002A015_rgb.avi,007,015,001,002,017
S017C001P008R001A005_rgb.avi,008,005,001,001,017
S017C001P008R001A006_rgb.avi,008,006,001,001,017
S017C001P008R001A007_rgb.avi,008,007,001,001,017
S017C001P008R001A008_rgb.avi,008,008,001,001,017
S017C001P008R001A009_rgb.avi,008,009,001,001,017
S017C001P008R001A014_rgb.avi,008,014,001,001,017
S017C001P008R001A015_rgb.avi,008,015,001,001,017
S017C001P008R002A005_rgb.avi,008,005,001,002,017
S017C001P008R002A006_rgb.avi,008,006,001,002,017
S017C001P008R002A007_rgb.avi,008,007,001,002,017
S017C001P008R002A008_rgb.avi,008,008,001,002,017
S017C001P008R002A009_rgb.avi,008,009,001,002,017
S017C001P008R002A014_rgb.avi,008,014,001,002,017
S017C001P008R002A015_rgb.avi,008,015,001,002,017
S017C001P009R001A005_rgb.avi,009,005,001,001,017
S017C001P009R001A006_rgb.avi,009,006,001,001,017
S017C001P009R001A007_rgb.avi,009,007,001,001,017
S017C001P009R001A008_rgb.avi,009,008,001,001,017
S017C001P009R001A009_rgb.avi,009,009,001,001,017
S017C001P009R001A014_rgb.avi,009,014,001,001,017
S017C001P009R001A015_rgb.avi,009,015,001,001,017
S017C001P009R002A005_rgb.avi,009,005,001,002,017
S017C001P009R002A006_rgb.avi,009,006,001,002,017
S017C001P009R002A007_rgb.avi,009,007,001,002,017
S017C001P009R002A008_rgb.avi,009,008,001,002,017
S017C001P009R002A009_rgb.avi,009,009,001,002,017
S017C001P009R002A014_rgb.avi,009,014,001,002,017
S017C001P009R002A015_rgb.avi,009,015,001,002,017
S017C001P015R001A005_rgb.avi,015,005,001,001,017
S017C001P015R001A006_rgb.avi,015,006,001,001,017
S017C001P015R001A007_rgb.avi,015,007,001,001,017
S017C001P015R001A008_rgb.avi,015,008,001,001,017
S017C001P015R001A009_rgb.avi,015,009,001,001,017
S017C001P015R001A014_rgb.avi,015,014,001,001,017
S017C001P015R001A015_rgb.avi,015,015,001,001,017
S017C001P015R002A005_rgb.avi,015,005,001,002,017
S017C001P015R002A006_rgb.avi,015,006,001,002,017
S017C001P015R002A007_rgb.avi,015,007,001,002,017
S017C001P015R002A008_rgb.avi,015,008,001,002,017
S017C001P015R002A009_rgb.avi,015,009,001,002,017
S017C001P015R002A014_rgb.avi,015,014,001,002,017
S017C001P015R002A015_rgb.avi,015,015,001,002,017
S017C001P016R001A005_rgb.avi,016,005,001,001,017
S017C001P016R001A006_rgb.avi,016,006,001,001,017
S017C001P016R001A007_rgb.avi,016,007,001,001,017
S017C001P016R001A008_rgb.avi,016,008,001,001,017
S017C001P016R001A009_rgb.avi,016,009,001,001,017
S017C001P016R001A014_rgb.avi,016,014,001,001,017
S017C001P016R001A015_rgb.avi,016,015,001,001,017
S017C001P016R002A005_rgb.avi,016,005,001,002,017
S017C001P016R002A006_rgb.avi,016,006,001,002,017
S017C001P016R002A007_rgb.avi,016,007,001,002,017
S017C001P016R002A008_rgb.avi,016,008,001,002,017
S017C001P016R002A009_rgb.avi,016,009,001,002,017
S017C001P016R002A014_rgb.avi,016,014,001,002,017
S017C001P016R002A015_rgb.avi,016,015,001,002,017
S017C001P017R001A005_rgb.avi,017,005,001,001,017
S017C001P017R001A006_rgb.avi,017,006,001,001,017
S017C001P017R001A007_rgb.avi,017,007,001,001,017
S017C001P017R001A008_rgb.avi,017,008,001,001,017
S017C001P017R001A009_rgb.avi,017,009,001,001,017
S017C001P017R001A014_rgb.avi,017,014,001,001,017
S017C001P017R001A015_rgb.avi,017,015,001,001,017
S017C001P017R002A005_rgb.avi,017,005,001,002,017
S017C001P017R002A006_rgb.avi,017,006,001,002,017
S017C001P017R002A007_rgb.avi,017,007,001,002,017
S017C001P017R002A008_rgb.avi,017,008,001,002,017
S017C001P017R002A009_rgb.avi,017,009,001,002,017
S017C001P017R002A014_rgb.avi,017,014,001,002,017
S017C001P017R002A015_rgb.avi,017,015,001,002,017
S017C001P020R001A005_rgb.avi,020,005,001,001,017
S017C001P020R001A006_rgb.avi,020,006,001,001,017
S017C001P020R001A007_rgb.avi,020,007,001,001,017
S017C001P020R001A008_rgb.avi,020,008,001,001,017
S017C001P020R001A009_rgb.avi,020,009,001,001,017
S017C001P020R001A014_rgb.avi,020,014,001,001,017
S017C001P020R001A015_rgb.avi,020,015,001,001,017
S017C001P020R002A005_rgb.avi,020,005,001,002,017
S017C001P020R002A006_rgb.avi,020,006,001,002,017
S017C001P020R002A007_rgb.avi,020,007,001,002,017
S017C001P020R002A008_rgb.avi,020,008,001,002,017
S017C001P020R002A009_rgb.avi,020,009,001,002,017
S017C001P020R002A014_rgb.avi,020,014,001,002,017
S017C001P020R002A015_rgb.avi,020,015,001,002,017
S017C002P003R001A005_rgb.avi,003,005,002,001,017
S017C002P003R001A006_rgb.avi,003,006,002,001,017
S017C002P003R001A007_rgb.avi,003,007,002,001,017
S017C002P003R001A008_rgb.avi,003,008,002,001,017
S017C002P003R001A009_rgb.avi,003,009,002,001,017
S017C002P003R001A014_rgb.avi,003,014,002,001,017
S017C002P003R001A015_rgb.avi,003,015,002,001,017
S017C002P003R002A005_rgb.avi,003,005,002,002,017
S017C002P003R002A006_rgb.avi,003,006,002,002,017
S017C002P003R002A007_rgb.avi,003,007,002,002,017
S017C002P003R002A008_rgb.avi,003,008,002,002,017
S017C002P003R002A009_rgb.avi,003,009,002,002,017
S017C002P003R002A014_rgb.avi,003,014,002,002,017
S017C002P003R002A015_rgb.avi,003,015,002,002,017
S017C002P007R001A005_rgb.avi,007,005,002,001,017
S017C002P007R001A006_rgb.avi,007,006,002,001,017
S017C002P007R001A007_rgb.avi,007,007,002,001,017
S017C002P007R001A008_rgb.avi,007,008,002,001,017
S017C002P007R001A009_rgb.avi,007,009,002,001,017
S017C002P007R001A014_rgb.avi,007,014,002,001,017
S017C002P007R001A015_rgb.avi,007,015,002,001,017
S017C002P007R002A005_rgb.avi,007,005,002,002,017
S017C002P007R002A006_rgb.avi,007,006,002,002,017
S017C002P007R002A007_rgb.avi,007,007,002,002,017
S017C002P007R002A008_rgb.avi,007,008,002,002,017
S017C002P007R002A009_rgb.avi,007,009,002,002,017
S017C002P007R002A014_rgb.avi,007,014,002,002,017
S017C002P007R002A015_rgb.avi,007,015,002,002,017
S017C002P008R001A005_rgb.avi,008,005,002,001,017
S017C002P008R001A006_rgb.avi,008,006,002,001,017
S017C002P008R001A007_rgb.avi,008,007,002,001,017
S017C002P008R001A008_rgb.avi,008,008,002,001,017
S017C002P008R001A009_rgb.avi,008,009,002,001,017
S017C002P008R001A014_rgb.avi,008,014,002,001,017
S017C002P008R001A015_rgb.avi,008,015,002,001,017
S017C002P008R002A005_rgb.avi,008,005,002,002,017
S017C002P008R002A006_rgb.avi,008,006,002,002,017
S017C002P008R002A007_rgb.avi,008,007,002,002,017
S017C002P008R002A008_rgb.avi,008,008,002,002,017
S017C002P008R002A009_rgb.avi,008,009,002,002,017
S017C002P008R002A014_rgb.avi,008,014,002,002,017
S017C002P008R002A015_rgb.avi,008,015,002,002,017
S017C002P009R001A005_rgb.avi,009,005,002,001,017
S017C002P009R001A006_rgb.avi,009,006,002,001,017
S017C002P009R001A007_rgb.avi,009,007,002,001,017
S017C002P009R001A008_rgb.avi,009,008,002,001,017
S017C002P009R001A009_rgb.avi,009,009,002,001,017
S017C002P009R001A014_rgb.avi,009,014,002,001,017
S017C002P009R001A015_rgb.avi,009,015,002,001,017
S017C002P009R002A005_rgb.avi,009,005,002,002,017
S017C002P009R002A006_rgb.avi,009,006,002,002,017
S017C002P009R002A007_rgb.avi,009,007,002,002,017
S017C002P009R002A008_rgb.avi,009,008,002,002,017
S017C002P009R002A009_rgb.avi,009,009,002,002,017
S017C002P009R002A014_rgb.avi,009,014,002,002,017
S017C002P009R002A015_rgb.avi,009,015,002,002,017
S017C002P015R001A005_rgb.avi,015,005,002,001,017
S017C002P015R001A006_rgb.avi,015,006,002,001,017
S017C002P015R001A007_rgb.avi,015,007,002,001,017
S017C002P015R001A008_rgb.avi,015,008,002,001,017
S017C002P015R001A009_rgb.avi,015,009,002,001,017
S017C002P015R001A014_rgb.avi,015,014,002,001,017
S017C002P015R001A015_rgb.avi,015,015,002,001,017
S017C002P015R002A005_rgb.avi,015,005,002,002,017
S017C002P015R002A006_rgb.avi,015,006,002,002,017
S017C002P015R002A007_rgb.avi,015,007,002,002,017
S017C002P015R002A008_rgb.avi,015,008,002,002,017
S017C002P015R002A009_rgb.avi,015,009,002,002,017
S017C002P015R002A014_rgb.avi,015,014,002,002,017
S017C002P015R002A015_rgb.avi,015,015,002,002,017
S017C002P016R001A005_rgb.avi,016,005,002,001,017
S017C002P016R001A006_rgb.avi,016,006,002,001,017
S017C002P016R001A007_rgb.avi,016,007,002,001,017
S017C002P016R001A008_rgb.avi,016,008,002,001,017
S017C002P016R001A009_rgb.avi,016,009,002,001,017
S017C002P016R001A014_rgb.avi,016,014,002,001,017
S017C002P016R001A015_rgb.avi,016,015,002,001,017
S017C002P016R002A005_rgb.avi,016,005,002,002,017
S017C002P016R002A006_rgb.avi,016,006,002,002,017
S017C002P016R002A007_rgb.avi,016,007,002,002,017
S017C002P016R002A008_rgb.avi,016,008,002,002,017
S017C002P016R002A009_rgb.avi,016,009,002,002,017
S017C002P016R002A014_rgb.avi,016,014,002,002,017
S017C002P016R002A015_rgb.avi,016,015,002,002,017
S017C002P017R001A005_rgb.avi,017,005,002,001,017
S017C002P017R001A006_rgb.avi,017,006,002,001,017
S017C002P017R001A007_rgb.avi,017,007,002,001,017
S017C002P017R001A008_rgb.avi,017,008,002,001,017
S017C002P017R001A009_rgb.avi,017,009,002,001,017
S017C002P017R001A014_rgb.avi,017,014,002,001,017
S017C002P017R001A015_rgb.avi,017,015,002,001,017
S017C002P017R002A005_rgb.avi,017,005,002,002,017
S017C002P017R002A006_rgb.avi,017,006,002,002,017
S017C002P017R002A007_rgb.avi,017,007,002,002,017
S017C002P017R002A008_rgb.avi,017,008,002,002,017
S017C002P017R002A009_rgb.avi,017,009,002,002,017
S017C002P017R002A014_rgb.avi,017,014,002,002,017
S017C002P017R002A015_rgb.avi,017,015,002,002,017
S017C002P020R001A005_rgb.avi,020,005,002,001,017
S017C002P020R001A006_rgb.avi,020,006,002,001,017
S017C002P020R001A007_rgb.avi,020,007,002,001,017
S017C002P020R001A008_rgb.avi,020,008,002,001,017
S017C002P020R001A009_rgb.avi,020,009,002,001,017
S017C002P020R001A014_rgb.avi,020,014,002,001,017
S017C002P020R001A015_rgb.avi,020,015,002,001,017
S017C002P020R002A005_rgb.avi,020,005,002,002,017
S017C002P020R002A006_rgb.avi,020,006,002,002,017
S017C002P020R002A007_rgb.avi,020,007,002,002,017
S017C002P020R002A008_rgb.avi,020,008,002,002,017
S017C002P020R002A009_rgb.avi,020,009,002,002,017
S017C002P020R002A014_rgb.avi,020,014,002,002,017
S017C002P020R002A015_rgb.avi,020,015,002,002,017
S017C003P003R001A005_rgb.avi,003,005,003,001,017
S017C003P003R001A006_rgb.avi,003,006,003,001,017
S017C003P003R001A007_rgb.avi,003,007,003,001,017
S017C003P003R001A008_rgb.avi,003,008,003,001,017
S017C003P003R001A009_rgb.avi,003,009,003,001,017
S017C003P003R001A014_rgb.avi,003,014,003,001,017
S017C003P003R001A015_rgb.avi,003,015,003,001,017
S017C003P003R002A005_rgb.avi,003,005,003,002,017
S017C003P003R002A006_rgb.avi,003,006,003,002,017
S017C003P003R002A007_rgb.avi,003,007,003,002,017
S017C003P003R002A008_rgb.avi,003,008,003,002,017
S017C003P003R002A009_rgb.avi,003,009,003,002,017
S017C003P003R002A014_rgb.avi,003,014,003,002,017
S017C003P003R002A015_rgb.avi,003,015,003,002,017
S017C003P007R001A005_rgb.avi,007,005,003,001,017
S017C003P007R001A006_rgb.avi,007,006,003,001,017
S017C003P007R001A007_rgb.avi,007,007,003,001,017
S017C003P007R001A008_rgb.avi,007,008,003,001,017
S017C003P007R001A009_rgb.avi,007,009,003,001,017
S017C003P007R001A014_rgb.avi,007,014,003,001,017
S017C003P007R001A015_rgb.avi,007,015,003,001,017
S017C003P007R002A005_rgb.avi,007,005,003,002,017
S017C003P007R002A006_rgb.avi,007,006,003,002,017
S017C003P007R002A007_rgb.avi,007,007,003,002,017
S017C003P007R002A008_rgb.avi,007,008,003,002,017
S017C003P007R002A009_rgb.avi,007,009,003,002,017
S017C003P007R002A014_rgb.avi,007,014,003,002,017
S017C003P007R002A015_rgb.avi,007,015,003,002,017
S017C003P008R001A005_rgb.avi,008,005,003,001,017
S017C003P008R001A006_rgb.avi,008,006,003,001,017
S017C003P008R001A007_rgb.avi,008,007,003,001,017
S017C003P008R001A008_rgb.avi,008,008,003,001,017
S017C003P008R001A009_rgb.avi,008,009,003,001,017
S017C003P008R001A014_rgb.avi,008,014,003,001,017
S017C003P008R001A015_rgb.avi,008,015,003,001,017
S017C003P008R002A005_rgb.avi,008,005,003,002,017
S017C003P008R002A006_rgb.avi,008,006,003,002,017
S017C003P008R002A007_rgb.avi,008,007,003,002,017
S017C003P008R002A008_rgb.avi,008,008,003,002,017
S017C003P008R002A009_rgb.avi,008,009,003,002,017
S017C003P008R002A014_rgb.avi,008,014,003,002,017
S017C003P008R002A015_rgb.avi,008,015,003,002,017
S017C003P009R001A005_rgb.avi,009,005,003,001,017
S017C003P009R001A006_rgb.avi,009,006,003,001,017
S017C003P009R001A007_rgb.avi,009,007,003,001,017
S017C003P009R001A008_rgb.avi,009,008,003,001,017
S017C003P009R001A009_rgb.avi,009,009,003,001,017
S017C003P009R001A014_rgb.avi,009,014,003,001,017
S017C003P009R001A015_rgb.avi,009,015,003,001,017
S017C003P009R002A005_rgb.avi,009,005,003,002,017
S017C003P009R002A006_rgb.avi,009,006,003,002,017
S017C003P009R002A007_rgb.avi,009,007,003,002,017
S017C003P009R002A008_rgb.avi,009,008,003,002,017
S017C003P009R002A009_rgb.avi,009,009,003,002,017
S017C003P009R002A014_rgb.avi,009,014,003,002,017
S017C003P009R002A015_rgb.avi,009,015,003,002,017
S017C003P015R001A005_rgb.avi,015,005,003,001,017
S017C003P015R001A006_rgb.avi,015,006,003,001,017
S017C003P015R001A007_rgb.avi,015,007,003,001,017
S017C003P015R001A008_rgb.avi,015,008,003,001,017
S017C003P015R001A009_rgb.avi,015,009,003,001,017
S017C003P015R001A014_rgb.avi,015,014,003,001,017
S017C003P015R001A015_rgb.avi,015,015,003,001,017
S017C003P015R002A005_rgb.avi,015,005,003,002,017
S017C003P015R002A006_rgb.avi,015,006,003,002,017
S017C003P015R002A007_rgb.avi,015,007,003,002,017
S017C003P015R002A008_rgb.avi,015,008,003,002,017
S017C003P015R002A009_rgb.avi,015,009,003,002,017
S017C003P015R002A014_rgb.avi,015,014,003,002,017
S017C003P015R002A015_rgb.avi,015,015,003,002,017
S017C003P016R001A005_rgb.avi,016,005,003,001,017
S017C003P016R001A006_rgb.avi,016,006,003,001,017
S017C003P016R001A007_rgb.avi,016,007,003,001,017
S017C003P016R001A008_rgb.avi,016,008,003,001,017
S017C003P016R001A009_rgb.avi,016,009,003,001,017
S017C003P016R001A014_rgb.avi,016,014,003,001,017
S017C003P016R001A015_rgb.avi,016,015,003,001,017
S017C003P016R002A005_rgb.avi,016,005,003,002,017
S017C003P016R002A006_rgb.avi,016,006,003,002,017
S017C003P016R002A007_rgb.avi,016,007,003,002,017
S017C003P016R002A008_rgb.avi,016,008,003,002,017
S017C003P016R002A009_rgb.avi,016,009,003,002,017
S017C003P016R002A014_rgb.avi,016,014,003,002,017
S017C003P016R002A015_rgb.avi,016,015,003,002,017
S017C003P017R001A005_rgb.avi,017,005,003,001,017
S017C003P017R001A006_rgb.avi,017,006,003,001,017
S017C003P017R001A007_rgb.avi,017,007,003,001,017
S017C003P017R001A008_rgb.avi,017,008,003,001,017
S017C003P017R001A009_rgb.avi,017,009,003,001,017
S017C003P017R001A014_rgb.avi,017,014,003,001,017
S017C003P017R001A015_rgb.avi,017,015,003,001,017
S017C003P017R002A005_rgb.avi,017,005,003,002,017
S017C003P017R002A006_rgb.avi,017,006,003,002,017
S017C003P017R002A007_rgb.avi,017,007,003,002,017
S017C003P017R002A008_rgb.avi,017,008,003,002,017
S017C003P017R002A009_rgb.avi,017,009,003,002,017
S017C003P017R002A014_rgb.avi,017,014,003,002,017
S017C003P017R002A015_rgb.avi,017,015,003,002,017
S017C003P020R001A005_rgb.avi,020,005,003,001,017
S017C003P020R001A006_rgb.avi,020,006,003,001,017
S017C003P020R001A007_rgb.avi,020,007,003,001,017
S017C003P020R001A008_rgb.avi,020,008,003,001,017
S017C003P020R001A009_rgb.avi,020,009,003,001,017
S017C003P020R001A014_rgb.avi,020,014,003,001,017
S017C003P020R001A015_rgb.avi,020,015,003,001,017
S017C003P020R002A005_rgb.avi,020,005,003,002,017
S017C003P020R002A006_rgb.avi,020,006,003,002,017
S017C003P020R002A007_rgb.avi,020,007,003,002,017
S017C003P020R002A008_rgb.avi,020,008,003,002,017
S017C003P020R002A009_rgb.avi,020,009,003,002,017
S017C003P020R002A014_rgb.avi,020,014,003,002,017
S017C003P020R002A015_rgb.avi,020,015,003,002,017
