video_id,subject,action,camera,repetition,setup
S001C001P001R001A005_rgb.avi,001,005,001,001,001
S001C001P001R001A006_rgb.avi,001,006,001,001,001
S001C001P001R001A007_rgb.avi,001,007,001,001,001
S001C001P001R001A008_rgb.avi,001,008,001,001,001
S001C001P001R001A009_rgb.avi,001,009,001,001,001
S001C001P001R001A014_rgb.avi,001,014,001,001,001
S001C001P001R001A015_rgb.avi,001,015,001,001,001
S001C001P001R002A005_rgb.avi,001,005,001,002,001
S001C001P001R002A006_rgb.avi,001,006,001,002,001
S001C001P001R002A007_rgb.avi,001,007,001,002,001
S001C001P001R002A008_rgb.avi,001,008,001,002,001
S001C001P001R002A009_rgb.avi,001,009,001,002,001
S001C001P001R002A014_rgb.avi,001,014,001,002,001
S001C001P001R002A015_rgb.avi,001,015,001,002,001
S001C001P002R001A005_rgb.avi,002,005,001,001,001
S001C001P002R001A006_rgb.avi,002,006,001,001,001
S001C001P002R001A007_rgb.avi,002,007,001,001,001
S001C001P002R001A008_rgb.avi,002,008,001,001,001
S001C001P002R001A009_rgb.avi,002,009,001,001,001
S001C001P002R001A014_rgb.avi,002,014,001,001,001
S001C001P002R001A015_rgb.avi,002,015,001,001,001
S001C001P002R002A005_rgb.avi,002,005,001,002,001
S001C001P002R002A006_rgb.avi,002,006,001,002,001
S001C001P002R002A007_rgb.avi,002,007,001,002,001
S001C001P002R002A008_rgb.avi,002,008,001,002,001
S001C001P002R002A009_rgb.avi,002,009,001,002,001
S001C001P002R002A014_rgb.avi,002,014,001,002,001
S001C001P002R002A015_rgb.avi,002,015,001,002,001
S001C001P004R001A005_rgb.avi,004,005,001,001,001
S001C001P004R001A006_rgb.avi,004,006,001,001,001
S001C001P004R001A007_rgb.avi,004,007,001,001,001
S001C001P004R001A008_rgb.avi,004,008,001,001,001
S001C001P004R001A009_rgb.avi,004,009,001,001,001
S001C001P004R001A014_rgb.avi,004,014,001,001,001
S001C001P004R001A015_rgb.avi,004,015,001,001,001
S001C001P004R002A005_rgb.avi,004,005,001,002,001
S001C001P004R002A006_rgb.avi,004,006,001,002,001
S001C001P004R002A007_rgb.avi,004,007,001,002,001
S001C001P004R002A008_rgb.avi,004,008,001,002,001
S001C001P004R002A009_rgb.avi,004,009,001,002,001
S001C001P004R002A014_rgb.avi,004,014,001,002,001
S001C001P004R002A015_rgb.avi,004,015,001,002,001
S001C001P005R001A005_rgb.avi,005,005,001,001,001
S001C001P005R001A006_rgb.avi,005,006,001,001,001
S001C001P005R001A007_rgb.avi,005,007,001,001,001
S001C001P005R001A008_rgb.avi,005,008,001,001,001
S001C001P005R001A009_rgb.avi,005,009,001,001,001
S001C001P005R001A014_rgb.avi,005,014,001,001,001
S001C001P005R001A015_rgb.avi,005,015,001,001,001
S001C001P005R002A005_rgb.avi,005,005,001,002,001
S001C001P005R002A006_rgb.avi,005,006,001,002,001
S001C001P005R002A007_rgb.avi,005,007,001,002,001
S001C001P005R002A008_rgb.avi,005,008,001,002,001
S001C001P005R002A009_rgb.avi,005,009,001,002,001
S001C001P005R002A014_rgb.avi,005,014,001,002,001
S001C001P005R002A015_rgb.avi,005,015,001,002,001
S001C001P008R001A005_rgb.avi,008,005,001,001,001
S001C001P008R001A006_rgb.avi,008,006,001,001,001
S001C001P008R001A007_rgb.avi,008,007,001,001,001
S001C001P008R001A008_rgb.avi,008,008,001,001,001
S001C001P008R001A009_rgb.avi,008,009,001,001,001
S001C001P008R001A014_rgb.avi,008,014,001,001,001
S001C001P008R001A015_rgb.avi,008,015,001,001,001
S001C001P008R002A005_rgb.avi,008,005,001,002,001
S001C001P008R002A006_rgb.avi,008,006,001,002,001
S001C001P008R002A007_rgb.avi,008,007,001,002,001
S001C001P008R002A008_rgb.avi,008,008,001,002,001
S001C001P008R002A009_rgb.avi,008,009,001,002,001
S001C001P008R002A014_rgb.avi,008,014,001,002,001
S001C001P008R002A015_rgb.avi,008,015,001,002,001
S001C002P001R001A005_rgb.avi,001,005,002,001,001
S001C002P001R001A006_rgb.avi,001,006,002,001,001
S001C002P001R001A007_rgb.avi,001,007,002,001,001
S001C002P001R001A008_rgb.avi,001,008,002,001,001
S001C002P001R001A009_rgb.avi,001,009,002,001,001
S001C002P001R001A014_rgb.avi,001,014,002,001,001
S001C002P001R001A015_rgb.avi,001,015,002,001,001
S001C002P001R002A005_rgb.avi,001,005,002,002,001
S001C002P001R002A006_rgb.avi,001,006,002,002,001
S001C002P001R002A007_rgb.avi,001,007,002,002,001
S001C002P001R002A008_rgb.avi,001,008,002,002,001
S001C002P001R002A009_rgb.avi,001,009,002,002,001
S001C002P001R002A014_rgb.avi,001,014,002,002,001
S001C002P001R002A015_rgb.avi,001,015,002,002,001
S001C002P002R001A005_rgb.avi,002,005,002,001,001
S001C002P002R001A006_rgb.avi,002,006,002,001,001
S001C002P002R001A007_rgb.avi,002,007,002,001,001
S001C002P002R001A008_rgb.avi,002,008,002,001,001
S001C002P002R001A009_rgb.avi,002,009,002,001,001
S001C002P002R001A014_rgb.avi,002,014,002,001,001
S001C002P002R001A015_rgb.avi,002,015,002,001,001
S001C002P002R002A005_rgb.avi,002,005,002,002,001
S001C002P002R002A006_rgb.avi,002,006,002,002,001
S001C002P002R002A007_rgb.avi,002,007,002,002,001
S001C002P002R002A008_rgb.avi,002,008,002,002,001
S001C002P002R002A009_rgb.avi,002,009,002,002,001
S001C002P002R002A014_rgb.avi,002,014,002,002,001
S001C002P002R002A015_rgb.avi,002,015,002,002,001
S001C002P004R001A005_rgb.avi,004,005,002,001,001
S001C002P004R001A006_rgb.avi,004,006,002,001,001
S001C002P004R001A007_rgb.avi,004,007,002,001,001
S001C002P004R001A008_rgb.avi,004,008,002,001,001
S001C002P004R001A009_rgb.avi,004,009,002,001,001
S001C002P004R001A014_rgb.avi,004,014,002,001,001
S001C002P004R001A015_rgb.avi,004,015,002,001,001
S001C002P004R002A005_rgb.avi,004,005,002,002,001
S001C002P004R002A006_rgb.avi,004,006,002,002,001
S001C002P004R002A007_rgb.avi,004,007,002,002,001
S001C002P004R002A008_rgb.avi,004,008,002,002,001
S001C002P004R002A009_rgb.avi,004,009,002,002,001
S001C002P004R002A014_rgb.avi,004,014,002,002,001
S001C002P004R002A015_rgb.avi,004,015,002,002,001
S001C002P005R001A005_rgb.avi,005,005,002,001,001
S001C002P005R001A006_rgb.avi,005,006,002,001,001
S001C002P005R001A007_rgb.avi,005,007,002,001,001
S001C002P005R001A008_rgb.avi,005,008,002,001,001
S001C002P005R001A009_rgb.avi,005,009,002,001,001
S001C002P005R001A014_rgb.avi,005,014,002,001,001
S001C002P005R001A015_rgb.avi,005,015,002,001,001
S001C002P005R002A005_rgb.avi,005,005,002,002,001
S001C002P005R002A006_rgb.avi,005,006,002,002,001
S001C002P005R002A007_rgb.avi,005,007,002,002,001
S001C002P005R002A008_rgb.avi,005,008,002,002,001
S001C002P005R002A009_rgb.avi,005,009,002,002,001
S001C002P005R002A014_rgb.avi,005,014,002,002,001
S001C002P005R002A015_rgb.avi,005,015,002,002,001
S001C002P008R001A005_rgb.avi,008,005,002,001,001
S001C002P008R001A006_rgb.avi,008,006,002,001,001
S001C002P008R001A007_rgb.avi,008,007,002,001,001
S001C002P008R001A008_rgb.avi,008,008,002,001,001
S001C002P008R001A009_rgb.avi,008,009,002,001,001
S001C002P008R001A014_rgb.avi,008,014,002,001,001
S001C002P008R001A015_rgb.avi,008,015,002,001,001
S001C002P008R002A005_rgb.avi,008,005,002,002,001
S001C002P008R002A006_rgb.avi,008,006,002,002,001
S001C002P008R002A007_rgb.avi,008,007,002,002,001
S001C002P008R002A008_rgb.avi,008,008,002,002,001
S001C002P008R002A009_rgb.avi,008,009,002,002,001
S001C002P008R002A014_rgb.avi,008,014,002,002,001
S001C002P008R002A015_rgb.avi,008,015,002,002,001
S001C003P001R001A005_rgb.avi,001,005,003,001,001
S001C003P001R001A006_rgb.avi,001,006,003,001,001
S001C003P001R001A007_rgb.avi,001,007,003,001,001
S001C003P001R001A008_rgb.avi,001,008,003,001,001
S001C003P001R001A009_rgb.avi,001,009,003,001,001
S001C003P001R001A014_rgb.avi,001,014,003,001,001
S001C003P001R001A015_rgb.avi,001,015,003,001,001
S001C003P001R002A005_rgb.avi,001,005,003,002,001
S001C003P001R002A006_rgb.avi,001,006,003,002,001
S001C003P001R002A007_rgb.avi,001,007,003,002,001
S001C003P001R002A008_rgb.avi,001,008,003,002,001
S001C003P001R002A009_rgb.avi,001,009,003,002,001
S001C003P001R002A014_rgb.avi,001,014,003,002,001
S001C003P001R002A015_rgb.avi,001,015,003,002,001
S001C003P002R001A005_rgb.avi,002,005,003,001,001
S001C003P002R001A006_rgb.avi,002,006,003,001,001
S001C003P002R001A007_rgb.avi,002,007,003,001,001
S001C003P002R001A008_rgb.avi,002,008,003,001,001
S001C003P002R001A009_rgb.avi,002,009,003,001,001
S001C003P002R001A014_rgb.avi,002,014,003,001,001
S001C003P002R001A015_rgb.avi,002,015,003,001,001
S001C003P002R002A005_rgb.avi,002,005,003,002,001
S001C003P002R002A006_rgb.avi,002,006,003,002,001
S001C003P002R002A007_rgb.avi,002,007,003,002,001
S001C003P002R002A008_rgb.avi,002,008,003,002,001
S001C003P002R002A009_rgb.avi,002,009,003,002,001
S001C003P002R002A014_rgb.avi,002,014,003,002,001
S001C003P002R002A015_rgb.avi,002,015,003,002,001
S001C003P004R001A005_rgb.avi,004,005,003,001,001
S001C003P004R001A006_rgb.avi,004,006,003,001,001
S001C003P004R001A007_rgb.avi,004,007,003,001,001
S001C003P004R001A008_rgb.avi,004,008,003,001,001
S001C003P004R001A009_rgb.avi,004,009,003,001,001
S001C003P004R001A014_rgb.avi,004,014,003,001,001
S001C003P004R001A015_rgb.avi,004,015,003,001,001
S001C003P004R002A005_rgb.avi,004,005,003,002,001
S001C003P004R002A006_rgb.avi,004,006,003,002,001
S001C003P004R002A007_rgb.avi,004,007,003,002,001
S001C003P004R002A008_rgb.avi,004,008,003,002,001
S001C003P004R002A009_rgb.avi,004,009,003,002,001
S001C003P004R002A014_rgb.avi,004,014,003,002,001
S001C003P004R002A015_rgb.avi,004,015,003,002,001
S001C003P005R001A005_rgb.avi,005,005,003,001,001
S001C003P005R001A006_rgb.avi,005,006,003,001,001
S001C003P005R001A007_rgb.avi,005,007,003,001,001
S001C003P005R001A008_rgb.avi,005,008,003,001,001
S001C003P005R001A009_rgb.avi,005,009,003,001,001
S001C003P005R001A014_rgb.avi,005,014,003,001,001
S001C003P005R001A015_rgb.avi,005,015,003,001,001
S001C003P005R002A005_rgb.avi,005,005,003,002,001
S001C003P005R002A006_rgb.avi,005,006,003,002,001
S001C003P005R002A007_rgb.avi,005,007,003,002,001
S001C003P005R002A008_rgb.avi,005,008,003,002,001
S001C003P005R002A009_rgb.avi,005,009,003,002,001
S001C003P005R002A014_rgb.avi,005,014,003,002,001
S001C003P005R002A015_rgb.avi,005,015,003,002,001
S001C003P008R001A005_rgb.avi,008,005,003,001,001
S001C003P008R001A006_rgb.avi,008,006,003,001,001
S001C003P008R001A007_rgb.avi,008,007,003,001,001
S001C003P008R001A008_rgb.avi,008,008,003,001,001
S001C003P008R001A009_rgb.avi,008,009,003,001,001
S001C003P008R001A014_rgb.avi,008,014,003,001,001
S001C003P008R001A015_rgb.avi,008,015,003,001,001
S001C003P008R002A005_rgb.avi,008,005,003,002,001
S001C003P008R002A006_rgb.avi,008,006,003,002,001
S001C003P008R002A007_rgb.avi,008,007,003,002,001
S001C003P008R002A008_rgb.avi,008,008,003,002,001
S001C003P008R002A009_rgb.avi,008,009,003,002,001
S001C003P008R002A014_rgb.avi,008,014,003,002,001
S001C003P008R002A015_rgb.avi,008,015,003,002,001
S002C001P008R001A005_rgb.avi,008,005,001,001,002
S002C001P008R001A006_rgb.avi,008,006,001,001,002
S002C001P008R001A007_rgb.avi,008,007,001,001,002
S002C001P008R001A008_rgb.avi,008,008,001,001,002
S002C001P008R001A009_rgb.avi,008,009,001,001,002
S002C001P008R001A014_rgb.avi,008,014,001,001,002
S002C001P008R001A015_rgb.avi,008,015,001,001,002
S002C001P008R002A005_rgb.avi,008,005,001,002,002
S002C001P008R002A006_rgb.avi,008,006,001,002,002
S002C001P008R002A007_rgb.avi,008,007,001,002,002
S002C001P008R002A008_rgb.avi,008,008,001,002,002
S002C001P008R002A009_rgb.avi,008,009,001,002,002
S002C001P008R002A014_rgb.avi,008,014,001,002,002
S002C001P008R002A015_rgb.avi,008,015,001,002,002
S002C001P009R001A005_rgb.avi,009,005,001,001,002
S002C001P009R001A006_rgb.avi,009,006,001,001,002
S002C001P009R001A007_rgb.avi,009,007,001,001,002
S002C001P009R001A008_rgb.avi,009,008,001,001,002
S002C001P009R001A009_rgb.avi,009,009,001,001,002
S002C001P009R001A014_rgb.avi,009,014,001,001,002
S002C001P009R001A015_rgb.avi,009,015,001,001,002
S002C001P009R002A005_rgb.avi,009,005,001,002,002
S002C001P009R002A006_rgb.avi,009,006,001,002,002
S002C001P009R002A007_rgb.avi,009,007,001,002,002
S002C001P009R002A008_rgb.avi,009,008,001,002,002
S002C001P009R002A009_rgb.avi,009,009,001,002,002
S002C001P009R002A014_rgb.avi,009,014,001,002,002
S002C001P009R002A015_rgb.avi,009,015,001,002,002
S002C001P013R001A005_rgb.avi,013,005,001,001,002
S002C001P013R001A006_rgb.avi,013,006,001,001,002
S002C001P013R001A007_rgb.avi,013,007,001,001,002
S002C001P013R001A008_rgb.avi,013,008,001,001,002
S002C001P013R001A009_rgb.avi,013,009,001,001,002
S002C001P013R001A014_rgb.avi,013,014,001,001,002
S002C001P013R001A015_rgb.avi,013,015,001,001,002
S002C001P013R002A005_rgb.avi,013,005,001,002,002
S002C001P013R002A006_rgb.avi,013,006,001,002,002
S002C001P013R002A007_rgb.avi,013,007,001,002,002
S002C001P013R002A008_rgb.avi,013,008,001,002,002
S002C001P013R002A009_rgb.avi,013,009,001,002,002
S002C001P013R002A014_rgb.avi,013,014,001,002,002
S002C001P013R002A015_rgb.avi,013,015,001,002,002
S002C001P014R001A005_rgb.avi,014,005,001,001,002
S002C001P014R001A006_rgb.avi,014,006,001,001,002
S002C001P014R001A007_rgb.avi,014,007,001,001,002
S002C001P014R001A008_rgb.avi,014,008,001,001,002
S002C001P014R001A009_rgb.avi,014,009,001,001,002
S002C001P014R001A014_rgb.avi,014,014,001,001,002
S002C001P014R001A015_rgb.avi,014,015,001,001,002
S002C001P014R002A005_rgb.avi,014,005,001,002,002
S002C001P014R002A006_rgb.avi,014,006,001,002,002
S002C001P014R002A007_rgb.avi,014,007,001,002,002
S002C001P014R002A008_rgb.avi,014,008,001,002,002
S002C001P014R002A009_rgb.avi,014,009,001,002,002
S002C001P014R002A014_rgb.avi,014,014,001,002,002
S002C001P014R002A015_rgb.avi,014,015,001,002,002
S002C002P008R001A005_rgb.avi,008,005,002,001,002
S002C002P008R001A006_rgb.avi,008,006,002,001,002
S002C002P008R001A007_rgb.avi,008,007,002,001,002
S002C002P008R001A008_rgb.avi,008,008,002,001,002
S002C002P008R001A009_rgb.avi,008,009,002,001,002
S002C002P008R001A014_rgb.avi,008,014,002,001,002
S002C002P008R001A015_rgb.avi,008,015,002,001,002
S002C002P008R002A005_rgb.avi,008,005,002,002,002
S002C002P008R002A006_rgb.avi,008,006,002,002,002
S002C002P008R002A007_rgb.avi,008,007,002,002,002
S002C002P008R002A008_rgb.avi,008,008,002,002,002
S002C002P008R002A009_rgb.avi,008,009,002,002,002
S002C002P008R002A014_rgb.avi,008,014,002,002,002
S002C002P008R002A015_rgb.avi,008,015,002,002,002
S002C002P009R001A005_rgb.avi,009,005,002,001,002
S002C002P009R001A006_rgb.avi,009,006,002,001,002
S002C002P009R001A007_rgb.avi,009,007,002,001,002
S002C002P009R001A008_rgb.avi,009,008,002,001,002
S002C002P009R001A009_rgb.avi,009,009,002,001,002
S002C002P009R001A014_rgb.avi,009,014,002,001,002
S002C002P009R001A015_rgb.avi,009,015,002,001,002
S002C002P009R002A005_rgb.avi,009,005,002,002,002
S002C002P009R002A006_rgb.avi,009,006,002,002,002
S002C002P009R002A007_rgb.avi,009,007,002,002,002
S002C002P009R002A008_rgb.avi,009,008,002,002,002
S002C002P009R002A009_rgb.avi,009,009,002,002,002
S002C002P009R002A014_rgb.avi,009,014,002,002,002
S002C002P009R002A015_rgb.avi,009,015,002,002,002
S002C002P013R001A005_rgb.avi,013,005,002,001,002
S002C002P013R001A006_rgb.avi,013,006,002,001,002
S002C002P013R001A007_rgb.avi,013,007,002,001,002
S002C002P013R001A008_rgb.avi,013,008,002,001,002
S002C002P013R001A009_rgb.avi,013,009,002,001,002
S002C002P013R001A014_rgb.avi,013,014,002,001,002
S002C002P013R001A015_rgb.avi,013,015,002,001,002
S002C002P013R002A005_rgb.avi,013,005,002,002,002
S002C002P013R002A006_rgb.avi,013,006,002,002,002
S002C002P013R002A007_rgb.avi,013,007,002,002,002
S002C002P013R002A008_rgb.avi,013,008,002,002,002
S002C002P013R002A009_rgb.avi,013,009,002,002,002
S002C002P013R002A014_rgb.avi,013,014,002,002,002
S002C002P013R002A015_rgb.avi,013,015,002,002,002
S002C002P014R001A005_rgb.avi,014,005,002,001,002
S002C002P014R001A006_rgb.avi,014,006,002,001,002
S002C002P014R001A007_rgb.avi,014,007,002,001,002
S002C002P014R001A008_rgb.avi,014,008,002,001,002
S002C002P014R001A009_rgb.avi,014,009,002,001,002
S002C002P014R001A014_rgb.avi,014,014,002,001,002
S002C002P014R001A015_rgb.avi,014,015,002,001,002
S002C002P014R002A005_rgb.avi,014,005,002,002,002
S002C002P014R002A006_rgb.avi,014,006,002,002,002
S002C002P014R002A007_rgb.avi,014,007,002,002,002
S002C002P014R002A008_rgb.avi,014,008,002,002,002
S002C002P014R002A009_rgb.avi,014,009,002,002,002
S002C002P014R002A014_rgb.avi,014,014,002,002,002
S002C002P014R002A015_rgb.avi,014,015,002,002,002
S002C003P008R001A005_rgb.avi,008,005,003,001,002
S002C003P008R001A006_rgb.avi,008,006,003,001,002
S002C003P008R001A007_rgb.avi,008,007,003,001,002
S002C003P008R001A008_rgb.avi,008,008,003,001,002
S002C003P008R001A009_rgb.avi,008,009,003,001,002
S002C003P008R001A014_rgb.avi,008,014,003,001,002
S002C003P008R001A015_rgb.avi,008,015,003,001,002
S002C003P008R002A005_rgb.avi,008,005,003,002,002
S002C003P008R002A006_rgb.avi,008,006,003,002,002
S002C003P008R002A007_rgb.avi,008,007,003,002,002
S002C003P008R002A008_rgb.avi,008,008,003,002,002
S002C003P008R002A009_rgb.avi,008,009,003,002,002
S002C003P008R002A014_rgb.avi,008,014,003,002,002
S002C003P008R002A015_rgb.avi,008,015,003,002,002
S002C003P009R001A005_rgb.avi,009,005,003,001,002
S002C003P009R001A006_rgb.avi,009,006,003,001,002
S002C003P009R001A007_rgb.avi,009,007,003,001,002
S002C003P009R001A008_rgb.avi,009,008,003,001,002
S002C003P009R001A009_rgb.avi,009,009,003,001,002
S002C003P009R001A014_rgb.avi,009,014,003,001,002
S002C003P009R001A015_rgb.avi,009,015,003,001,002
S002C003P009R002A005_rgb.avi,009,005,003,002,002
S002C003P009R002A006_rgb.avi,009,006,003,002,002
S002C003P009R002A007_rgb.avi,009,007,003,002,002
S002C003P009R002A008_rgb.avi,009,008,003,002,002
S002C003P009R002A009_rgb.avi,009,009,003,002,002
S002C003P009R002A014_rgb.avi,009,014,003,002,002
S002C003P009R002A015_rgb.avi,009,015,003,002,002
S002C003P013R001A005_rgb.avi,013,005,003,001,002
S002C003P013R001A006_rgb.avi,013,006,003,001,002
S002C003P013R001A007_rgb.avi,013,007,003,001,002
S002C003P013R001A008_rgb.avi,013,008,003,001,002
S002C003P013R001A009_rgb.avi,013,009,003,001,002
S002C003P013R001A014_rgb.avi,013,014,003,001,002
S002C003P013R001A015_rgb.avi,013,015,003,001,002
S002C003P013R002A005_rgb.avi,013,005,003,002,002
S002C003P013R002A006_rgb.avi,013,006,003,002,002
S002C003P013R002A007_rgb.avi,013,007,003,002,002
S002C003P013R002A008_rgb.avi,013,008,003,002,002
S002C003P013R002A009_rgb.avi,013,009,003,002,002
S002C003P013R002A014_rgb.avi,013,014,003,002,002
S002C003P013R002A015_rgb.avi,013,015,003,002,002
S002C003P014R001A005_rgb.avi,014,005,003,001,002
S002C003P014R001A006_rgb.avi,014,006,003,001,002
S002C003P014R001A007_rgb.avi,014,007,003,001,002
S002C003P014R001A008_rgb.avi,014,008,003,001,002
S002C003P014R001A009_rgb.avi,014,009,003,001,002
S002C003P014R001A014_rgb.avi,014,014,003,001,002
S002C003P014R001A015_rgb.avi,014,015,003,001,002
S002C003P014R002A005_rgb.avi,014,005,003,002,002
S002C003P014R002A006_rgb.avi,014,006,003,002,002
S002C003P014R002A007_rgb.avi,014,007,003,002,002
S002C003P014R002A008_rgb.avi,014,008,003,002,002
S002C003P014R002A009_rgb.avi,014,009,003,002,002
S002C003P014R002A014_rgb.avi,014,014,003,002,002
S002C003P014R002A015_rgb.avi,014,015,003,002,002
S003C001P001R001A005_rgb.avi,001,005,001,001,003
S003C001P001R001A006_rgb.avi,001,006,001,001,003
S003C001P001R001A007_rgb.avi,001,007,001,001,003
S003C001P001R001A008_rgb.avi,001,008,001,001,003
S003C001P001R001A009_rgb.avi,001,009,001,001,003
S003C001P001R001A014_rgb.avi,001,014,001,001,003
S003C001P001R001A015_rgb.avi,001,015,001,001,003
S003C001P001R002A005_rgb.avi,001,005,001,002,003
S003C001P001R002A006_rgb.avi,001,006,001,002,003
S003C001P001R002A007_rgb.avi,001,007,001,002,003
S003C001P001R002A008_rgb.avi,001,008,001,002,003
S003C001P001R002A009_rgb.avi,001,009,001,002,003
S003C001P001R002A014_rgb.avi,001,014,001,002,003
S003C001P001R002A015_rgb.avi,001,015,001,002,003
S003C001P002R001A005_rgb.avi,002,005,001,001,003
S003C001P002R001A006_rgb.avi,002,006,001,001,003
S003C001P002R001A007_rgb.avi,002,007,001,001,003
S003C001P002R001A008_rgb.avi,002,008,001,001,003
S003C001P002R001A009_rgb.avi,002,009,001,001,003
S003C001P002R001A014_rgb.avi,002,014,001,001,003
S003C001P002R001A015_rgb.avi,002,015,001,001,003
S003C001P002R002A005_rgb.avi,002,005,001,002,003
S003C001P002R002A006_rgb.avi,002,006,001,002,003
S003C001P002R002A007_rgb.avi,002,007,001,002,003
S003C001P002R002A008_rgb.avi,002,008,001,002,003
S003C001P002R002A009_rgb.avi,002,009,001,002,003
S003C001P002R002A014_rgb.avi,002,014,001,002,003
S003C001P002R002A015_rgb.avi,002,015,001,002,003
S003C001P008R001A005_rgb.avi,008,005,001,001,003
S003C001P008R001A006_rgb.avi,008,006,001,001,003
S003C001P008R001A007_rgb.avi,008,007,001,001,003
S003C001P008R001A008_rgb.avi,008,008,001,001,003
S003C001P008R001A009_rgb.avi,008,009,001,001,003
S003C001P008R001A014_rgb.avi,008,014,001,001,003
S003C001P008R001A015_rgb.avi,008,015,001,001,003
S003C001P008R002A005_rgb.avi,008,005,001,002,003
S003C001P008R002A006_rgb.avi,008,006,001,002,003
S003C001P008R002A007_rgb.avi,008,007,001,002,003
S003C001P008R002A008_rgb.avi,008,008,001,002,003
S003C001P008R002A009_rgb.avi,008,009,001,002,003
S003C001P008R002A014_rgb.avi,008,014,001,002,003
S003C001P008R002A015_rgb.avi,008,015,001,002,003
S003C001P015R001A005_rgb.avi,015,005,001,001,003
S003C001P015R001A006_rgb.avi,015,006,001,001,003
S003C001P015R001A007_rgb.avi,015,007,001,001,003
S003C001P015R001A008_rgb.avi,015,008,001,001,003
S003C001P015R001A009_rgb.avi,015,009,001,001,003
S003C001P015R001A014_rgb.avi,015,014,001,001,003
S003C001P015R001A015_rgb.avi,015,015,001,001,003
S003C001P015R002A005_rgb.avi,015,005,001,002,003
S003C001P015R002A006_rgb.avi,015,006,001,002,003
S003C001P015R002A007_rgb.avi,015,007,001,002,003
S003C001P015R002A008_rgb.avi,015,008,001,002,003
S003C001P015R002A009_rgb.avi,015,009,001,002,003
S003C001P015R002A014_rgb.avi,015,014,001,002,003
S003C001P015R002A015_rgb.avi,015,015,001,002,003
S003C001P016R001A005_rgb.avi,016,005,001,001,003
S003C001P016R001A006_rgb.avi,016,006,001,001,003
S003C001P016R001A007_rgb.avi,016,007,001,001,003
S003C001P016R001A008_rgb.avi,016,008,001,001,003
S003C001P016R001A009_rgb.avi,016,009,001,001,003
S003C001P016R001A014_rgb.avi,016,014,001,001,003
S003C001P016R001A015_rgb.avi,016,015,001,001,003
S003C001P016R002A005_rgb.avi,016,005,001,002,003
S003C001P016R002A006_rgb.avi,016,006,001,002,003
S003C001P016R002A007_rgb.avi,016,007,001,002,003
S003C001P016R002A008_rgb.avi,016,008,001,002,003
S003C001P016R002A009_rgb.avi,016,009,001,002,003
S003C001P016R002A014_rgb.avi,016,014,001,002,003
S003C001P016R002A015_rgb.avi,016,015,001,002,003
S003C001P017R001A005_rgb.avi,017,005,001,001,003
S003C001P017R001A006_rgb.avi,017,006,001,001,003
S003C001P017R001A007_rgb.avi,017,007,001,001,003
S003C001P017R001A008_rgb.avi,017,008,001,001,003
S003C001P017R001A009_rgb.avi,017,009,001,001,003
S003C001P017R001A014_rgb.avi,017,014,001,001,003
S003C001P017R001A015_rgb.avi,017,015,001,001,003
S003C001P017R002A005_rgb.avi,017,005,001,002,003
S003C001P017R002A006_rgb.avi,017,006,001,002,003
S003C001P017R002A007_rgb.avi,017,007,001,002,003
S003C001P017R002A008_rgb.avi,017,008,001,002,003
S003C001P017R002A009_rgb.avi,017,009,001,002,003
S003C001P017R002A014_rgb.avi,017,014,001,002,003
S003C001P017R002A015_rgb.avi,017,015,001,002,003
S003C001P018R001A005_rgb.avi,018,005,001,001,003
S003C001P018R001A006_rgb.avi,018,006,001,001,003
S003C001P018R001A007_rgb.avi,018,007,001,001,003
S003C001P018R001A008_rgb.avi,018,008,001,001,003
S003C001P018R001A009_rgb.avi,018,009,001,001,003
S003C001P018R001A014_rgb.avi,018,014,001,001,003
S003C001P018R001A015_rgb.avi,018,015,001,001,003
S003C001P018R002A005_rgb.avi,018,005,001,002,003
S003C001P018R002A006_rgb.avi,018,006,001,002,003
S003C001P018R002A007_rgb.avi,018,007,001,002,003
S003C001P018R002A008_rgb.avi,018,008,001,002,003
S003C001P018R002A009_rgb.avi,018,009,001,002,003
S003C001P018R002A014_rgb.avi,018,014,001,002,003
S003C001P018R002A015_rgb.avi,018,015,001,002,003
S003C001P019R001A005_rgb.avi,019,005,001,001,003
S003C001P019R001A006_rgb.avi,019,006,001,001,003
S003C001P019R001A007_rgb.avi,019,007,001,001,003
S003C001P019R001A008_rgb.avi,019,008,001,001,003
S003C001P019R001A009_rgb.avi,019,009,001,001,003
S003C001P019R001A014_rgb.avi,019,014,001,001,003
S003C001P019R001A015_rgb.avi,019,015,001,001,003
S003C001P019R002A005_rgb.avi,019,005,001,002,003
S003C001P019R002A006_rgb.avi,019,006,001,002,003
S003C001P019R002A007_rgb.avi,019,007,001,002,003
S003C001P019R002A008_rgb.avi,019,008,001,002,003
S003C001P019R002A009_rgb.avi,019,009,001,002,003
S003C001P019R002A014_rgb.avi,019,014,001,002,003
S003C001P019R002A015_rgb.avi,019,015,001,002,003
S003C002P001R001A005_rgb.avi,001,005,002,001,003
S003C002P001R001A006_rgb.avi,001,006,002,001,003
S003C002P001R001A007_rgb.avi,001,007,002,001,003
S003C002P001R001A008_rgb.avi,001,008,002,001,003
S003C002P001R001A009_rgb.avi,001,009,002,001,003
S003C002P001R001A014_rgb.avi,001,014,002,001,003
S003C002P001R001A015_rgb.avi,001,015,002,001,003
S003C002P001R002A005_rgb.avi,001,005,002,002,003
S003C002P001R002A006_rgb.avi,001,006,002,002,003
S003C002P001R002A007_rgb.avi,001,007,002,002,003
S003C002P001R002A008_rgb.avi,001,008,002,002,003
S003C002P001R002A009_rgb.avi,001,009,002,002,003
S003C002P001R002A014_rgb.avi,001,014,002,002,003
S003C002P001R002A015_rgb.avi,001,015,002,002,003
S003C002P002R001A005_rgb.avi,002,005,002,001,003
S003C002P002R001A006_rgb.avi,002,006,002,001,003
S003C002P002R001A007_rgb.avi,002,007,002,001,003
S003C002P002R001A008_rgb.avi,002,008,002,001,003
S003C002P002R001A009_rgb.avi,002,009,002,001,003
S003C002P002R001A014_rgb.avi,002,014,002,001,003
S003C002P002R001A015_rgb.avi,002,015,002,001,003
S003C002P002R002A005_rgb.avi,002,005,002,002,003
S003C002P002R002A006_rgb.avi,002,006,002,002,003
S003C002P002R002A007_rgb.avi,002,007,002,002,003
S003C002P002R002A008_rgb.avi,002,008,002,002,003
S003C002P002R002A009_rgb.avi,002,009,002,002,003
S003C002P002R002A014_rgb.avi,002,014,002,002,003
S003C002P002R002A015_rgb.avi,002,015,002,002,003
S003C002P008R001A005_rgb.avi,008,005,002,001,003
S003C002P008R001A006_rgb.avi,008,006,002,001,003
S003C002P008R001A007_rgb.avi,008,007,002,001,003
S003C002P008R001A008_rgb.avi,008,008,002,001,003
S003C002P008R001A009_rgb.avi,008,009,002,001,003
S003C002P008R001A014_rgb.avi,008,014,002,001,003
S003C002P008R001A015_rgb.avi,008,015,002,001,003
S003C002P008R002A005_rgb.avi,008,005,002,002,003
S003C002P008R002A006_rgb.avi,008,006,002,002,003
S003C002P008R002A007_rgb.avi,008,007,002,002,003
S003C002P008R002A008_rgb.avi,008,008,002,002,003
S003C002P008R002A009_rgb.avi,008,009,002,002,003
S003C002P008R002A014_rgb.avi,008,014,002,002,003
S003C002P008R002A015_rgb.avi,008,015,002,002,003
S003C002P015R001A005_rgb.avi,015,005,002,001,003
S003C002P015R001A006_rgb.avi,015,006,002,001,003
S003C002P015R001A007_rgb.avi,015,007,002,001,003
S003C002P015R001A008_rgb.avi,015,008,002,001,003
S003C002P015R001A009_rgb.avi,015,009,002,001,003
S003C002P015R001A014_rgb.avi,015,014,002,001,003
S003C002P015R001A015_rgb.avi,015,015,002,001,003
S003C002P015R002A005_rgb.avi,015,005,002,002,003
S003C002P015R002A006_rgb.avi,015,006,002,002,003
S003C002P015R002A007_rgb.avi,015,007,002,002,003
S003C002P015R002A008_rgb.avi,015,008,002,002,003
S003C002P015R002A009_rgb.avi,015,009,002,002,003
S003C002P015R002A014_rgb.avi,015,014,002,002,003
S003C002P015R002A015_rgb.avi,015,015,002,002,003
S003C002P016R001A005_rgb.avi,016,005,002,001,003
S003C002P016R001A006_rgb.avi,016,006,002,001,003
S003C002P016R001A007_rgb.avi,016,007,002,001,003
S003C002P016R001A008_rgb.avi,016,008,002,001,003
S003C002P016R001A009_rgb.avi,016,009,002,001,003
S003C002P016R001A014_rgb.avi,016,014,002,001,003
S003C002P016R001A015_rgb.avi,016,015,002,001,003
S003C002P016R002A005_rgb.avi,016,005,002,002,003
S003C002P016R002A006_rgb.avi,016,006,002,002,003
S003C002P016R002A007_rgb.avi,016,007,002,002,003
S003C002P016R002A008_rgb.avi,016,008,002,002,003
S003C002P016R002A009_rgb.avi,016,009,002,002,003
S003C002P016R002A014_rgb.avi,016,014,002,002,003
S003C002P016R002A015_rgb.avi,016,015,002,002,003
S003C002P017R001A005_rgb.avi,017,005,002,001,003
S003C002P017R001A006_rgb.avi,017,006,002,001,003
S003C002P017R001A007_rgb.avi,017,007,002,001,003
S003C002P017R001A008_rgb.avi,017,008,002,001,003
S003C002P017R001A009_rgb.avi,017,009,002,001,003
S003C002P017R001A014_rgb.avi,017,014,002,001,003
S003C002P017R001A015_rgb.avi,017,015,002,001,003
S003C002P017R002A005_rgb.avi,017,005,002,002,003
S003C002P017R002A006_rgb.avi,017,006,002,002,003
S003C002P017R002A007_rgb.avi,017,007,002,002,003
S003C002P017R002A008_rgb.avi,017,008,002,002,003
S003C002P017R002A009_rgb.avi,017,009,002,002,003
S003C002P017R002A014_rgb.avi,017,014,002,002,003
S003C002P017R002A015_rgb.avi,017,015,002,002,003
S003C002P018R001A005_rgb.avi,018,005,002,001,003
S003C002P018R001A006_rgb.avi,018,006,002,001,003
S003C002P018R001A007_rgb.avi,018,007,002,001,003
S003C002P018R001A008_rgb.avi,018,008,002,001,003
S003C002P018R001A009_rgb.avi,018,009,002,001,003
S003C002P018R001A014_rgb.avi,018,014,002,001,003
S003C002P018R001A015_rgb.avi,018,015,002,001,003
S003C002P018R002A005_rgb.avi,018,005,002,002,003
S003C002P018R002A006_rgb.avi,018,006,002,002,003
S003C002P018R002A007_rgb.avi,018,007,002,002,003
S003C002P018R002A008_rgb.avi,018,008,002,002,003
S003C002P018R002A009_rgb.avi,018,009,002,002,003
S003C002P018R002A014_rgb.avi,018,014,002,002,003
S003C002P018R002A015_rgb.avi,018,015,002,002,003
S003C002P019R001A005_rgb.avi,019,005,002,001,003
S003C002P019R001A006_rgb.avi,019,006,002,001,003
S003C002P019R001A007_rgb.avi,019,007,002,001,003
S003C002P019R001A008_rgb.avi,019,008,002,001,003
S003C002P019R001A009_rgb.avi,019,009,002,001,003
S003C002P019R001A014_rgb.avi,019,014,002,001,003
S003C002P019R001A015_rgb.avi,019,015,002,001,003
S003C002P019R002A005_rgb.avi,019,005,002,002,003
S003C002P019R002A006_rgb.avi,019,006,002,002,003
S003C002P019R002A007_rgb.avi,019,007,002,002,003
S003C002P019R002A008_rgb.avi,019,008,002,002,003
S003C002P019R002A009_rgb.avi,019,009,002,002,003
S003C002P019R002A014_rgb.avi,019,014,002,002,003
S003C002P019R002A015_rgb.avi,019,015,002,002,003
S003C003P001R001A005_rgb.avi,001,005,003,001,003
S003C003P001R001A006_rgb.avi,001,006,003,001,003
S003C003P001R001A007_rgb.avi,001,007,003,001,003
S003C003P001R001A008_rgb.avi,001,008,003,001,003
S003C003P001R001A009_rgb.avi,001,009,003,001,003
S003C003P001R001A014_rgb.avi,001,014,003,001,003
S003C003P001R001A015_rgb.avi,001,015,003,001,003
S003C003P001R002A005_rgb.avi,001,005,003,002,003
S003C003P001R002A006_rgb.avi,001,006,003,002,003
S003C003P001R002A007_rgb.avi,001,007,003,002,003
S003C003P001R002A008_rgb.avi,001,008,003,002,003
S003C003P001R002A009_rgb.avi,001,009,003,002,003
S003C003P001R002A014_rgb.avi,001,014,003,002,003
S003C003P001R002A015_rgb.avi,001,015,003,002,003
S003C003P002R001A005_rgb.avi,002,005,003,001,003
S003C003P002R001A006_rgb.avi,002,006,003,001,003
S003C003P002R001A007_rgb.avi,002,007,003,001,003
S003C003P002R001A008_rgb.avi,002,008,003,001,003
S003C003P002R001A009_rgb.avi,002,009,003,001,003
S003C003P002R001A014_rgb.avi,002,014,003,001,003
S003C003P002R001A015_rgb.avi,002,015,003,001,003
S003C003P002R002A005_rgb.avi,002,005,003,002,003
S003C003P002R002A006_rgb.avi,002,006,003,002,003
S003C003P002R002A007_rgb.avi,002,007,003,002,003
S003C003P002R002A008_rgb.avi,002,008,003,002,003
S003C003P002R002A009_rgb.avi,002,009,003,002,003
S003C003P002R002A014_rgb.avi,002,014,003,002,003
S003C003P002R002A015_rgb.avi,002,015,003,002,003
S003C003P008R001A005_rgb.avi,008,005,003,001,003
S003C003P008R001A006_rgb.avi,008,006,003,001,003
S003C003P008R001A007_rgb.avi,008,007,003,001,003
S003C003P008R001A008_rgb.avi,008,008,003,001,003
S003C003P008R001A009_rgb.avi,008,009,003,001,003
S003C003P008R001A014_rgb.avi,008,014,003,001,003
S003C003P008R001A015_rgb.avi,008,015,003,001,003
S003C003P008R002A005_rgb.avi,008,005,003,002,003
S003C003P008R002A006_rgb.avi,008,006,003,002,003
S003C003P008R002A007_rgb.avi,008,007,003,002,003
S003C003P008R002A008_rgb.avi,008,008,003,002,003
S003C003P008R002A009_rgb.avi,008,009,003,002,003
S003C003P008R002A014_rgb.avi,008,014,003,002,003
S003C003P008R002A015_rgb.avi,008,015,003,002,003
S003C003P015R001A005_rgb.avi,015,005,003,001,003
S003C003P015R001A006_rgb.avi,015,006,003,001,003
S003C003P015R001A007_rgb.avi,015,007,003,001,003
S003C003P015R001A008_rgb.avi,015,008,003,001,003
S003C003P015R001A009_rgb.avi,015,009,003,001,003
S003C003P015R001A014_rgb.avi,015,014,003,001,003
S003C003P015R001A015_rgb.avi,015,015,003,001,003
S003C003P015R002A005_rgb.avi,015,005,003,002,003
S003C003P015R002A006_rgb.avi,015,006,003,002,003
S003C003P015R002A007_rgb.avi,015,007,003,002,003
S003C003P015R002A008_rgb.avi,015,008,003,002,003
S003C003P015R002A009_rgb.avi,015,009,003,002,003
S003C003P015R002A014_rgb.avi,015,014,003,002,003
S003C003P015R002A015_rgb.avi,015,015,003,002,003
S003C003P016R001A005_rgb.avi,016,005,003,001,003
S003C003P016R001A006_rgb.avi,016,006,003,001,003
S003C003P016R001A007_rgb.avi,016,007,003,001,003
S003C003P016R001A008_rgb.avi,016,008,003,001,003
S003C003P016R001A009_rgb.avi,016,009,003,001,003
S003C003P016R001A014_rgb.avi,016,014,003,001,003
S003C003P016R001A015_rgb.avi,016,015,003,001,003
S003C003P016R002A005_rgb.avi,016,005,003,002,003
S003C003P016R002A006_rgb.avi,016,006,003,002,003
S003C003P016R002A007_rgb.avi,016,007,003,002,003
S003C003P016R002A008_rgb.avi,016,008,003,002,003
S003C003P016R002A009_rgb.avi,016,009,003,002,003
S003C003P016R002A014_rgb.avi,016,014,003,002,003
S003C003P016R002A015_rgb.avi,016,015,003,002,003
S003C003P017R001A005_rgb.avi,017,005,003,001,003
S003C003P017R001A006_rgb.avi,017,006,003,001,003
S003C003P017R001A007_rgb.avi,017,007,003,001,003
S003C003P017R001A008_rgb.avi,017,008,003,001,003
S003C003P017R001A009_rgb.avi,017,009,003,001,003
S003C003P017R001A014_rgb.avi,017,014,003,001,003
S003C003P017R001A015_rgb.avi,017,015,003,001,003
S003C003P017R002A005_rgb.avi,017,005,003,002,003
S003C003P017R002A006_rgb.avi,017,006,003,002,003
S003C003P017R002A007_rgb.avi,017,007,003,002,003
S003C003P017R002A008_rgb.avi,017,008,003,002,003
S003C003P017R002A009_rgb.avi,017,009,003,002,003
S003C003P017R002A014_rgb.avi,017,014,003,002,003
S003C003P017R002A015_rgb.avi,017,015,003,002,003
S003C003P018R001A005_rgb.avi,018,005,003,001,003
S003C003P018R001A006_rgb.avi,018,006,003,001,003
S003C003P018R001A007_rgb.avi,018,007,003,001,003
S003C003P018R001A008_rgb.avi,018,008,003,001,003
S003C003P018R001A009_rgb.avi,018,009,003,001,003
S003C003P018R001A014_rgb.avi,018,014,003,001,003
S003C003P018R001A015_rgb.avi,018,015,003,001,003
S003C003P018R002A005_rgb.avi,018,005,003,002,003
S003C003P018R002A006_rgb.avi,018,006,003,002,003
S003C003P018R002A007_rgb.avi,018,007,003,002,003
S003C003P018R002A008_rgb.avi,018,008,003,002,003
S003C003P018R002A009_rgb.avi,018,009,003,002,003
S003C003P018R002A014_rgb.avi,018,014,003,002,003
S003C003P018R002A015_rgb.avi,018,015,003,002,003
S003C003P019R001A005_rgb.avi,019,005,003,001,003
S003C003P019R001A006_rgb.avi,019,006,003,001,003
S003C003P019R001A007_rgb.avi,019,007,003,001,003
S003C003P019R001A008_rgb.avi,019,008,003,001,003
S003C003P019R001A009_rgb.avi,019,009,003,001,003
S003C003P019R001A014_rgb.avi,019,014,003,001,003
S003C003P019R001A015_rgb.avi,019,015,003,001,003
S003C003P019R002A005_rgb.avi,019,005,003,002,003
S003C003P019R002A006_rgb.avi,019,006,003,002,003
S003C003P019R002A007_rgb.avi,019,007,003,002,003
S003C003P019R002A008_rgb.avi,019,008,003,002,003
S003C003P019R002A009_rgb.avi,019,009,003,002,003
S003C003P019R002A014_rgb.avi,019,014,003,002,003
S003C003P019R002A015_rgb.avi,019,015,003,002,003
S004C001P008R001A005_rgb.avi,008,005,001,001,004
S004C001P008R001A006_rgb.avi,008,006,001,001,004
S004C001P008R001A007_rgb.avi,008,007,001,001,004
S004C001P008R001A008_rgb.avi,008,008,001,001,004
S004C001P008R001A009_rgb.avi,008,009,001,001,004
S004C001P008R001A014_rgb.avi,008,014,001,001,004
S004C001P008R001A015_rgb.avi,008,015,001,001,004
S004C001P008R002A005_rgb.avi,008,005,001,002,004
S004C001P008R002A006_rgb.avi,008,006,001,002,004
S004C001P008R002A007_rgb.avi,008,007,001,002,004
S004C001P008R002A008_rgb.avi,008,008,001,002,004
S004C001P008R002A009_rgb.avi,008,009,001,002,004
S004C001P008R002A014_rgb.avi,008,014,001,002,004
S004C001P008R002A015_rgb.avi,008,015,001,002,004
S004C002P008R001A005_rgb.avi,008,005,002,001,004
S004C002P008R001A006_rgb.avi,008,006,002,001,004
S004C002P008R001A007_rgb.avi,008,007,002,001,004
S004C002P008R001A008_rgb.avi,008,008,002,001,004
S004C002P008R001A009_rgb.avi,008,009,002,001,004
S004C002P008R001A014_rgb.avi,008,014,002,001,004
S004C002P008R001A015_rgb.avi,008,015,002,001,004
S004C002P008R002A005_rgb.avi,008,005,002,002,004
S004C002P008R002A006_rgb.avi,008,006,002,002,004
S004C002P008R002A007_rgb.avi,008,007,002,002,004
S004C002P008R002A008_rgb.avi,008,008,002,002,004
S004C002P008R002A009_rgb.avi,008,009,002,002,004
S004C002P008R002A014_rgb.avi,008,014,002,002,004
S004C002P008R002A015_rgb.avi,008,015,002,002,004
S004C003P008R001A005_rgb.avi,008,005,003,001,004
S004C003P008R001A006_rgb.avi,008,006,003,001,004
S004C003P008R001A007_rgb.avi,008,007,003,001,004
S004C003P008R001A008_rgb.avi,008,008,003,001,004
S004C003P008R001A009_rgb.avi,008,009,003,001,004
S004C003P008R001A014_rgb.avi,008,014,003,001,004
S004C003P008R001A015_rgb.avi,008,015,003,001,004
S004C003P008R002A005_rgb.avi,008,005,003,002,004
S004C003P008R002A006_rgb.avi,008,006,003,002,004
S004C003P008R002A007_rgb.avi,008,007,003,002,004
S004C003P008R002A008_rgb.avi,008,008,003,002,004
S004C003P008R002A009_rgb.avi,008,009,003,002,004
S004C003P008R002A014_rgb.avi,008,014,003,002,004
S004C003P008R002A015_rgb.avi,008,015,003,002,004
S005C001P004R001A005_rgb.avi,004,005,001,001,005
S005C001P004R001A006_rgb.avi,004,006,001,001,005
S005C001P004R001A007_rgb.avi,004,007,001,001,005
S005C001P004R001A008_rgb.avi,004,008,001,001,005
S005C001P004R001A009_rgb.avi,004,009,001,001,005
S005C001P004R001A014_rgb.avi,004,014,001,001,005
S005C001P004R001A015_rgb.avi,004,015,001,001,005
S005C001P004R002A005_rgb.avi,004,005,001,002,005
S005C001P004R002A006_rgb.avi,004,006,001,002,005
S005C001P004R002A007_rgb.avi,004,007,001,002,005
S005C001P004R002A008_rgb.avi,004,008,001,002,005
S005C001P004R002A009_rgb.avi,004,009,001,002,005
S005C001P004R002A014_rgb.avi,004,014,001,002,005
S005C001P004R002A015_rgb.avi,004,015,001,002,005
S005C001P013R001A005_rgb.avi,013,005,001,001,005
S005C001P013R001A006_rgb.avi,013,006,001,001,005
S005C001P013R001A007_rgb.avi,013,007,001,001,005
S005C001P013R001A008_rgb.avi,013,008,001,001,005
S005C001P013R001A009_rgb.avi,013,009,001,001,005
S005C001P013R001A014_rgb.avi,013,014,001,001,005
S005C001P013R001A015_rgb.avi,013,015,001,001,005
S005C001P013R002A005_rgb.avi,013,005,001,002,005
S005C001P013R002A006_rgb.avi,013,006,001,002,005
S005C001P013R002A007_rgb.avi,013,007,001,002,005
S005C001P013R002A008_rgb.avi,013,008,001,002,005
S005C001P013R002A009_rgb.avi,013,009,001,002,005
S005C001P013R002A014_rgb.avi,013,014,001,002,005
S005C001P013R002A015_rgb.avi,013,015,001,002,005
S005C001P015R001A005_rgb.avi,015,005,001,001,005
S005C001P015R001A006_rgb.avi,015,006,001,001,005
S005C001P015R001A007_rgb.avi,015,007,001,001,005
S005C001P015R001A008_rgb.avi,015,008,001,001,005
S005C001P015R001A009_rgb.avi,015,009,001,001,005
S005C001P015R001A014_rgb.avi,015,014,001,001,005
S005C001P015R001A015_rgb.avi,015,015,001,001,005
S005C001P015R002A005_rgb.avi,015,005,001,002,005
S005C001P015R002A006_rgb.avi,015,006,001,002,005
S005C001P015R002A007_rgb.avi,015,007,001,002,005
S005C001P015R002A008_rgb.avi,015,008,001,002,005
S005C001P015R002A009_rgb.avi,015,009,001,002,005
S005C001P015R002A014_rgb.avi,015,014,001,002,005
S005C001P015R002A015_rgb.avi,015,015,001,002,005
S005C001P016R001A005_rgb.avi,016,005,001,001,005
S005C001P016R001A006_rgb.avi,016,006,001,001,005
S005C001P016R001A007_rgb.avi,016,007,001,001,005
S005C001P016R001A008_rgb.avi,016,008,001,001,005
S005C001P016R001A009_rgb.avi,016,009,001,001,005
S005C001P016R001A014_rgb.avi,016,014,001,001,005
S005C001P016R001A015_rgb.avi,016,015,001,001,005
S005C001P016R002A005_rgb.avi,016,005,001,002,005
S005C001P016R002A006_rgb.avi,016,006,001,002,005
S005C001P016R002A007_rgb.avi,016,007,001,002,005
S005C001P016R002A008_rgb.avi,016,008,001,002,005
S005C001P016R002A009_rgb.avi,016,009,001,002,005
S005C001P016R002A014_rgb.avi,016,014,001,002,005
S005C001P016R002A015_rgb.avi,016,015,001,002,005
S005C001P017R001A005_rgb.avi,017,005,001,001,005
S005C001P017R001A006_rgb.avi,017,006,001,001,005
S005C001P017R001A007_rgb.avi,017,007,001,001,005
S005C001P017R001A008_rgb.avi,017,008,001,001,005
S005C001P017R001A009_rgb.avi,017,009,001,001,005
S005C001P017R001A014_rgb.avi,017,014,001,001,005
S005C001P017R001A015_rgb.avi,017,015,001,001,005
S005C001P017R002A005_rgb.avi,017,005,001,002,005
S005C001P017R002A006_rgb.avi,017,006,001,002,005
S005C001P017R002A007_rgb.avi,017,007,001,002,005
S005C001P017R002A008_rgb.avi,017,008,001,002,005
S005C001P017R002A009_rgb.avi,017,009,001,002,005
S005C001P017R002A014_rgb.avi,017,014,001,002,005
S005C001P017R002A015_rgb.avi,017,015,001,002,005
S005C001P018R001A005_rgb.avi,018,005,001,001,005
S005C001P018R001A006_rgb.avi,018,006,001,001,005
S005C001P018R001A007_rgb.avi,018,007,001,001,005
S005C001P018R001A008_rgb.avi,018,008,001,001,005
S005C001P018R001A009_rgb.avi,018,009,001,001,005
S005C001P018R001A014_rgb.avi,018,014,001,001,005
S005C001P018R001A015_rgb.avi,018,015,001,001,005
S005C001P018R002A005_rgb.avi,018,005,001,002,005
S005C001P018R002A006_rgb.avi,018,006,001,002,005
S005C001P018R002A007_rgb.avi,018,007,001,002,005
S005C001P018R002A008_rgb.avi,018,008,001,002,005
S005C001P018R002A009_rgb.avi,018,009,001,002,005
S005C001P018R002A014_rgb.avi,018,014,001,002,005
S005C001P018R002A015_rgb.avi,018,015,001,002,005
S005C002P004R001A005_rgb.avi,004,005,002,001,005
S005C002P004R001A006_rgb.avi,004,006,002,001,005
S005C002P004R001A007_rgb.avi,004,007,002,001,005
S005C002P004R001A008_rgb.avi,004,008,002,001,005
S005C002P004R001A009_rgb.avi,004,009,002,001,005
S005C002P004R001A014_rgb.avi,004,014,002,001,005
S005C002P004R001A015_rgb.avi,004,015,002,001,005
S005C002P004R002A005_rgb.avi,004,005,002,002,005
S005C002P004R002A006_rgb.avi,004,006,002,002,005
S005C002P004R002A007_rgb.avi,004,007,002,002,005
S005C002P004R002A008_rgb.avi,004,008,002,002,005
S005C002P004R002A009_rgb.avi,004,009,002,002,005
S005C002P004R002A014_rgb.avi,004,014,002,002,005
S005C002P004R002A015_rgb.avi,004,015,002,002,005
S005C002P013R001A005_rgb.avi,013,005,002,001,005
S005C002P013R001A006_rgb.avi,013,006,002,001,005
S005C002P013R001A007_rgb.avi,013,007,002,001,005
S005C002P013R001A008_rgb.avi,013,008,002,001,005
S005C002P013R001A009_rgb.avi,013,009,002,001,005
S005C002P013R001A014_rgb.avi,013,014,002,001,005
S005C002P013R001A015_rgb.avi,013,015,002,001,005
S005C002P013R002A005_rgb.avi,013,005,002,002,005
S005C002P013R002A006_rgb.avi,013,006,002,002,005
S005C002P013R002A007_rgb.avi,013,007,002,002,005
S005C002P013R002A008_rgb.avi,013,008,002,002,005
S005C002P013R002A009_rgb.avi,013,009,002,002,005
S005C002P013R002A014_rgb.avi,013,014,002,002,005
S005C002P013R002A015_rgb.avi,013,015,002,002,005
S005C002P015R001A005_rgb.avi,015,005,002,001,005
S005C002P015R001A006_rgb.avi,015,006,002,001,005
S005C002P015R001A007_rgb.avi,015,007,002,001,005
S005C002P015R001A008_rgb.avi,015,008,002,001,005
S005C002P015R001A009_rgb.avi,015,009,002,001,005
S005C002P015R001A014_rgb.avi,015,014,002,001,005
S005C002P015R001A015_rgb.avi,015,015,002,001,005
S005C002P015R002A005_rgb.avi,015,005,002,002,005
S005C002P015R002A006_rgb.avi,015,006,002,002,005
S005C002P015R002A007_rgb.avi,015,007,002,002,005
S005C002P015R002A008_rgb.avi,015,008,002,002,005
S005C002P015R002A009_rgb.avi,015,009,002,002,005
S005C002P015R002A014_rgb.avi,015,014,002,002,005
S005C002P015R002A015_rgb.avi,015,015,002,002,005
S005C002P016R001A005_rgb.avi,016,005,002,001,005
S005C002P016R001A006_rgb.avi,016,006,002,001,005
S005C002P016R001A007_rgb.avi,016,007,002,001,005
S005C002P016R001A008_rgb.avi,016,008,002,001,005
S005C002P016R001A009_rgb.avi,016,009,002,001,005
S005C002P016R001A014_rgb.avi,016,014,002,001,005
S005C002P016R001A015_rgb.avi,016,015,002,001,005
S005C002P016R002A005_rgb.avi,016,005,002,002,005
S005C002P016R002A006_rgb.avi,016,006,002,002,005
S005C002P016R002A007_rgb.avi,016,007,002,002,005
S005C002P016R002A008_rgb.avi,016,008,002,002,005
S005C002P016R002A009_rgb.avi,016,009,002,002,005
S005C002P016R002A014_rgb.avi,016,014,002,002,005
S005C002P016R002A015_rgb.avi,016,015,002,002,005
S005C002P017R001A005_rgb.avi,017,005,002,001,005
S005C002P017R001A006_rgb.avi,017,006,002,001,005
S005C002P017R001A007_rgb.avi,017,007,002,001,005
S005C002P017R001A008_rgb.avi,017,008,002,001,005
S005C002P017R001A009_rgb.avi,017,009,002,001,005
S005C002P017R001A014_rgb.avi,017,014,002,001,005
S005C002P017R001A015_rgb.avi,017,015,002,001,005
S005C002P017R002A005_rgb.avi,017,005,002,002,005
S005C002P017R002A006_rgb.avi,017,006,002,002,005
S005C002P017R002A007_rgb.avi,017,007,002,002,005
S005C002P017R002A008_rgb.avi,017,008,002,002,005
S005C002P017R002A009_rgb.avi,017,009,002,002,005
S005C002P017R002A014_rgb.avi,017,014,002,002,005
S005C002P017R002A015_rgb.avi,017,015,002,002,005
S005C002P018R001A005_rgb.avi,018,005,002,001,005
S005C002P018R001A006_rgb.avi,018,006,002,001,005
S005C002P018R001A007_rgb.avi,018,007,002,001,005
S005C002P018R001A008_rgb.avi,018,008,002,001,005
S005C002P018R001A009_rgb.avi,018,009,002,001,005
S005C002P018R001A014_rgb.avi,018,014,002,001,005
S005C002P018R001A015_rgb.avi,018,015,002,001,005
S005C002P018R002A005_rgb.avi,018,005,002,002,005
S005C002P018R002A006_rgb.avi,018,006,002,002,005
S005C002P018R002A007_rgb.avi,018,007,002,002,005
S005C002P018R002A008_rgb.avi,018,008,002,002,005
S005C002P018R002A009_rgb.avi,018,009,002,002,005
S005C002P018R002A014_rgb.avi,018,014,002,002,005
S005C002P018R002A015_rgb.avi,018,015,002,002,005
S005C003P004R001A005_rgb.avi,004,005,003,001,005
S005C003P004R001A006_rgb.avi,004,006,003,001,005
S005C003P004R001A007_rgb.avi,004,007,003,001,005
S005C003P004R001A008_rgb.avi,004,008,003,001,005
S005C003P004R001A009_rgb.avi,004,009,003,001,005
S005C003P004R001A014_rgb.avi,004,014,003,001,005
S005C003P004R001A015_rgb.avi,004,015,003,001,005
S005C003P004R002A005_rgb.avi,004,005,003,002,005
S005C003P004R002A006_rgb.avi,004,006,003,002,005
S005C003P004R002A007_rgb.avi,004,007,003,002,005
S005C003P004R002A008_rgb.avi,004,008,003,002,005
S005C003P004R002A009_rgb.avi,004,009,003,002,005
S005C003P004R002A014_rgb.avi,004,014,003,002,005
S005C003P004R002A015_rgb.avi,004,015,003,002,005
S005C003P013R001A005_rgb.avi,013,005,003,001,005
S005C003P013R001A006_rgb.avi,013,006,003,001,005
S005C003P013R001A007_rgb.avi,013,007,003,001,005
S005C003P013R001A008_rgb.avi,013,008,003,001,005
S005C003P013R001A009_rgb.avi,013,009,003,001,005
S005C003P013R001A014_rgb.avi,013,014,003,001,005
S005C003P013R001A015_rgb.avi,013,015,003,001,005
S005C003P013R002A005_rgb.avi,013,005,003,002,005
S005C003P013R002A006_rgb.avi,013,006,003,002,005
S005C003P013R002A007_rgb.avi,013,007,003,002,005
S005C003P013R002A008_rgb.avi,013,008,003,002,005
S005C003P013R002A009_rgb.avi,013,009,003,002,005
S005C003P013R002A014_rgb.avi,013,014,003,002,005
S005C003P013R002A015_rgb.avi,013,015,003,002,005
S005C003P015R001A005_rgb.avi,015,005,003,001,005
S005C003P015R001A006_rgb.avi,015,006,003,001,005
S005C003P015R001A007_rgb.avi,015,007,003,001,005
S005C003P015R001A008_rgb.avi,015,008,003,001,005
S005C003P015R001A009_rgb.avi,015,009,003,001,005
S005C003P015R001A014_rgb.avi,015,014,003,001,005
S005C003P015R001A015_rgb.avi,015,015,003,001,005
S005C003P015R002A005_rgb.avi,015,005,003,002,005
S005C003P015R002A006_rgb.avi,015,006,003,002,005
S005C003P015R002A007_rgb.avi,015,007,003,002,005
S005C003P015R002A008_rgb.avi,015,008,003,002,005
S005C003P015R002A009_rgb.avi,015,009,003,002,005
S005C003P015R002A014_rgb.avi,015,014,003,002,005
S005C003P015R002A015_rgb.avi,015,015,003,002,005
S005C003P016R001A005_rgb.avi,016,005,003,001,005
S005C003P016R001A006_rgb.avi,016,006,003,001,005
S005C003P016R001A007_rgb.avi,016,007,003,001,005
S005C003P016R001A008_rgb.avi,016,008,003,001,005
S005C003P016R001A009_rgb.avi,016,009,003,001,005
S005C003P016R001A014_rgb.avi,016,014,003,001,005
S005C003P016R001A015_rgb.avi,016,015,003,001,005
S005C003P016R002A005_rgb.avi,016,005,003,002,005
S005C003P016R002A006_rgb.avi,016,006,003,002,005
S005C003P016R002A007_rgb.avi,016,007,003,002,005
S005C003P016R002A008_rgb.avi,016,008,003,002,005
S005C003P016R002A009_rgb.avi,016,009,003,002,005
S005C003P016R002A014_rgb.avi,016,014,003,002,005
S005C003P016R002A015_rgb.avi,016,015,003,002,005
S005C003P017R001A005_rgb.avi,017,005,003,001,005
S005C003P017R001A006_rgb.avi,017,006,003,001,005
S005C003P017R001A007_rgb.avi,017,007,003,001,005
S005C003P017R001A008_rgb.avi,017,008,003,001,005
S005C003P017R001A009_rgb.avi,017,009,003,001,005
S005C003P017R001A014_rgb.avi,017,014,003,001,005
S005C003P017R001A015_rgb.avi,017,015,003,001,005
S005C003P017R002A005_rgb.avi,017,005,003,002,005
S005C003P017R002A006_rgb.avi,017,006,003,002,005
S005C003P017R002A007_rgb.avi,017,007,003,002,005
S005C003P017R002A008_rgb.avi,017,008,003,002,005
S005C003P017R002A009_rgb.avi,017,009,003,002,005
S005C003P017R002A014_rgb.avi,017,014,003,002,005
S005C003P017R002A015_rgb.avi,017,015,003,002,005
S005C003P018R001A005_rgb.avi,018,005,003,001,005
S005C003P018R001A006_rgb.avi,018,006,003,001,005
S005C003P018R001A007_rgb.avi,018,007,003,001,005
S005C003P018R001A008_rgb.avi,018,008,003,001,005
S005C003P018R001A009_rgb.avi,018,009,003,001,005
S005C003P018R001A014_rgb.avi,018,014,003,001,005
S005C003P018R001A015_rgb.avi,018,015,003,001,005
S005C003P018R002A005_rgb.avi,018,005,003,002,005
S005C003P018R002A006_rgb.avi,018,006,003,002,005
S005C003P018R002A007_rgb.avi,018,007,003,002,005
S005C003P018R002A008_rgb.avi,018,008,003,002,005
S005C003P018R002A009_rgb.avi,018,009,003,002,005
S005C003P018R002A014_rgb.avi,018,014,003,002,005
S005C003P018R002A015_rgb.avi,018,015,003,002,005
S006C001P001R001A005_rgb.avi,001,005,001,001,006
S006C001P001R001A006_rgb.avi,001,006,001,001,006
S006C001P001R001A007_rgb.avi,001,007,001,001,006
S006C001P001R001A008_rgb.avi,001,008,001,001,006
S006C001P001R001A009_rgb.avi,001,009,001,001,006
S006C001P001R001A014_rgb.avi,001,014,001,001,006
S006C001P001R001A015_rgb.avi,001,015,001,001,006
S006C001P001R002A005_rgb.avi,001,005,001,002,006
S006C001P001R002A006_rgb.avi,001,006,001,002,006
S006C001P001R002A007_rgb.avi,001,007,001,002,006
S006C001P001R002A008_rgb.avi,001,008,001,002,006
S006C001P001R002A009_rgb.avi,001,009,001,002,006
S006C001P001R002A014_rgb.avi,001,014,001,002,006
S006C001P001R002A015_rgb.avi,001,015,001,002,006
S006C001P008R001A005_rgb.avi,008,005,001,001,006
S006C001P008R001A006_rgb.avi,008,006,001,001,006
S006C001P008R001A007_rgb.avi,008,007,001,001,006
S006C001P008R001A008_rgb.avi,008,008,001,001,006
S006C001P008R001A009_rgb.avi,008,009,001,001,006
S006C001P008R001A014_rgb.avi,008,014,001,001,006
S006C001P008R001A015_rgb.avi,008,015,001,001,006
S006C001P008R002A005_rgb.avi,008,005,001,002,006
S006C001P008R002A006_rgb.avi,008,006,001,002,006
S006C001P008R002A007_rgb.avi,008,007,001,002,006
S006C001P008R002A008_rgb.avi,008,008,001,002,006
S006C001P008R002A009_rgb.avi,008,009,001,002,006
S006C001P008R002A014_rgb.avi,008,014,001,002,006
S006C001P008R002A015_rgb.avi,008,015,001,002,006
S006C001P015R001A005_rgb.avi,015,005,001,001,006
S006C001P015R001A006_rgb.avi,015,006,001,001,006
S006C001P015R001A007_rgb.avi,015,007,001,001,006
S006C001P015R001A008_rgb.avi,015,008,001,001,006
S006C001P015R001A009_rgb.avi,015,009,001,001,006
S006C001P015R001A014_rgb.avi,015,014,001,001,006
S006C001P015R001A015_rgb.avi,015,015,001,001,006
S006C001P015R002A005_rgb.avi,015,005,001,002,006
S006C001P015R002A006_rgb.avi,015,006,001,002,006
S006C001P015R002A007_rgb.avi,015,007,001,002,006
S006C001P015R002A008_rgb.avi,015,008,001,002,006
S006C001P015R002A009_rgb.avi,015,009,001,002,006
S006C001P015R002A014_rgb.avi,015,014,001,002,006
S006C001P015R002A015_rgb.avi,015,015,001,002,006
S006C001P016R001A005_rgb.avi,016,005,001,001,006
S006C001P016R001A006_rgb.avi,016,006,001,001,006
S006C001P016R001A007_rgb.avi,016,007,001,001,006
S006C001P016R001A008_rgb.avi,016,008,001,001,006
S006C001P016R001A009_rgb.avi,016,009,001,001,006
S006C001P016R001A014_rgb.avi,016,014,001,001,006
S006C001P016R001A015_rgb.avi,016,015,001,001,006
S006C001P016R002A005_rgb.avi,016,005,001,002,006
S006C001P016R002A006_rgb.avi,016,006,001,002,006
S006C001P016R002A007_rgb.avi,016,007,001,002,006
S006C001P016R002A008_rgb.avi,016,008,001,002,006
S006C001P016R002A009_rgb.avi,016,009,001,002,006
S006C001P016R002A014_rgb.avi,016,014,001,002,006
S006C001P016R002A015_rgb.avi,016,015,001,002,006
S006C001P017R001A005_rgb.avi,017,005,001,001,006
S006C001P017R001A006_rgb.avi,017,006,001,001,006
S006C001P017R001A007_rgb.avi,017,007,001,001,006
S006C001P017R001A008_rgb.avi,017,008,001,001,006
S006C001P017R001A009_rgb.avi,017,009,001,001,006
S006C001P017R001A014_rgb.avi,017,014,001,001,006
S006C001P017R001A015_rgb.avi,017,015,001,001,006
S006C001P017R002A005_rgb.avi,017,005,001,002,006
S006C001P017R002A006_rgb.avi,017,006,001,002,006
S006C001P017R002A007_rgb.avi,017,007,001,002,006
S006C001P017R002A008_rgb.avi,017,008,001,002,006
S006C001P017R002A009_rgb.avi,017,009,001,002,006
S006C001P017R002A014_rgb.avi,017,014,001,002,006
S006C001P017R002A015_rgb.avi,017,015,001,002,006
S006C001P019R001A005_rgb.avi,019,005,001,001,006
S006C001P019R001A006_rgb.avi,019,006,001,001,006
S006C001P019R001A007_rgb.avi,019,007,001,001,006
S006C001P019R001A008_rgb.avi,019,008,001,001,006
S006C001P019R001A009_rgb.avi,019,009,001,001,006
S006C001P019R001A014_rgb.avi,019,014,001,001,006
S006C001P019R001A015_rgb.avi,019,015,001,001,006
S006C001P019R002A005_rgb.avi,019,005,001,002,006
S006C001P019R002A006_rgb.avi,019,006,001,002,006
S006C001P019R002A007_rgb.avi,019,007,001,002,006
S006C001P019R002A008_rgb.avi,019,008,001,002,006
S006C001P019R002A009_rgb.avi,019,009,001,002,006
S006C001P019R002A014_rgb.avi,019,014,001,002,006
S006C001P019R002A015_rgb.avi,019,015,001,002,006
S006C002P001R001A005_rgb.avi,001,005,002,001,006
S006C002P001R001A006_rgb.avi,001,006,002,001,006
S006C002P001R001A007_rgb.avi,001,007,002,001,006
S006C002P001R001A008_rgb.avi,001,008,002,001,006
S006C002P001R001A009_rgb.avi,001,009,002,001,006
S006C002P001R001A014_rgb.avi,001,014,002,001,006
S006C002P001R001A015_rgb.avi,001,015,002,001,006
S006C002P001R002A005_rgb.avi,001,005,002,002,006
S006C002P001R002A006_rgb.avi,001,006,002,002,006
S006C002P001R002A007_rgb.avi,001,007,002,002,006
S006C002P001R002A008_rgb.avi,001,008,002,002,006
S006C002P001R002A009_rgb.avi,001,009,002,002,006
S006C002P001R002A014_rgb.avi,001,014,002,002,006
S006C002P001R002A015_rgb.avi,001,015,002,002,006
S006C002P008R001A005_rgb.avi,008,005,002,001,006
S006C002P008R001A006_rgb.avi,008,006,002,001,006
S006C002P008R001A007_rgb.avi,008,007,002,001,006
S006C002P008R001A008_rgb.avi,008,008,002,001,006
S006C002P008R001A009_rgb.avi,008,009,002,001,006
S006C002P008R001A014_rgb.avi,008,014,002,001,006
S006C002P008R001A015_rgb.avi,008,015,002,001,006
S006C002P008R002A005_rgb.avi,008,005,002,002,006
S006C002P008R002A006_rgb.avi,008,006,002,002,006
S006C002P008R002A007_rgb.avi,008,007,002,002,006
S006C002P008R002A008_rgb.avi,008,008,002,002,006
S006C002P008R002A009_rgb.avi,008,009,002,002,006
S006C002P008R002A014_rgb.avi,008,014,002,002,006
S006C002P008R002A015_rgb.avi,008,015,002,002,006
S006C002P015R001A005_rgb.avi,015,005,002,001,006
S006C002P015R001A006_rgb.avi,015,006,002,001,006
S006C002P015R001A007_rgb.avi,015,007,002,001,006
S006C002P015R001A008_rgb.avi,015,008,002,001,006
S006C002P015R001A009_rgb.avi,015,009,002,001,006
S006C002P015R001A014_rgb.avi,015,014,002,001,006
S006C002P015R001A015_rgb.avi,015,015,002,001,006
S006C002P015R002A005_rgb.avi,015,005,002,002,006
S006C002P015R002A006_rgb.avi,015,006,002,002,006
S006C002P015R002A007_rgb.avi,015,007,002,002,006
S006C002P015R002A008_rgb.avi,015,008,002,002,006
S006C002P015R002A009_rgb.avi,015,009,002,002,006
S006C002P015R002A014_rgb.avi,015,014,002,002,006
S006C002P015R002A015_rgb.avi,015,015,002,002,006
S006C002P016R001A005_rgb.avi,016,005,002,001,006
S006C002P016R001A006_rgb.avi,016,006,002,001,006
S006C002P016R001A007_rgb.avi,016,007,002,001,006
S006C002P016R001A008_rgb.avi,016,008,002,001,006
S006C002P016R001A009_rgb.avi,016,009,002,001,006
S006C002P016R001A014_rgb.avi,016,014,002,001,006
S006C002P016R001A015_rgb.avi,016,015,002,001,006
S006C002P016R002A005_rgb.avi,016,005,002,002,006
S006C002P016R002A006_rgb.avi,016,006,002,002,006
S006C002P016R002A007_rgb.avi,016,007,002,002,006
S006C002P016R002A008_rgb.avi,016,008,002,002,006
S006C002P016R002A009_rgb.avi,016,009,002,002,006
S006C002P016R002A014_rgb.avi,016,014,002,002,006
S006C002P016R002A015_rgb.avi,016,015,002,002,006
S006C002P017R001A005_rgb.avi,017,005,002,001,006
S006C002P017R001A006_rgb.avi,017,006,002,001,006
S006C002P017R001A007_rgb.avi,017,007,002,001,006
S006C002P017R001A008_rgb.avi,017,008,002,001,006
S006C002P017R001A009_rgb.avi,017,009,002,001,006
S006C002P017R001A014_rgb.avi,017,014,002,001,006
S006C002P017R001A015_rgb.avi,017,015,002,001,006
S006C002P017R002A005_rgb.avi,017,005,002,002,006
S006C002P017R002A006_rgb.avi,017,006,002,002,006
S006C002P017R002A007_rgb.avi,017,007,002,002,006
S006C002P017R002A008_rgb.avi,017,008,002,002,006
S006C002P017R002A009_rgb.avi,017,009,002,002,006
S006C002P017R002A014_rgb.avi,017,014,002,002,006
S006C002P017R002A015_rgb.avi,017,015,002,002,006
S006C002P019R001A005_rgb.avi,019,005,002,001,006
S006C002P019R001A006_rgb.avi,019,006,002,001,006
S006C002P019R001A007_rgb.avi,019,007,002,001,006
S006C002P019R001A008_rgb.avi,019,008,002,001,006
S006C002P019R001A009_rgb.avi,019,009,002,001,006
S006C002P019R001A014_rgb.avi,019,014,002,001,006
S006C002P019R001A015_rgb.avi,019,015,002,001,006
S006C002P019R002A005_rgb.avi,019,005,002,002,006
S006C002P019R002A006_rgb.avi,019,006,002,002,006
S006C002P019R002A007_rgb.avi,019,007,002,002,006
S006C002P019R002A008_rgb.avi,019,008,002,002,006
S006C002P019R002A009_rgb.avi,019,009,002,002,006
S006C002P019R002A014_rgb.avi,019,014,002,002,006
S006C002P019R002A015_rgb.avi,019,015,002,002,006
S006C003P001R001A005_rgb.avi,001,005,003,001,006
S006C003P001R001A006_rgb.avi,001,006,003,001,006
S006C003P001R001A007_rgb.avi,001,007,003,001,006
S006C003P001R001A008_rgb.avi,001,008,003,001,006
S006C003P001R001A009_rgb.avi,001,009,003,001,006
S006C003P001R001A014_rgb.avi,001,014,003,001,006
S006C003P001R001A015_rgb.avi,001,015,003,001,006
S006C003P001R002A005_rgb.avi,001,005,003,002,006
S006C003P001R002A006_rgb.avi,001,006,003,002,006
S006C003P001R002A007_rgb.avi,001,007,003,002,006
S006C003P001R002A008_rgb.avi,001,008,003,002,006
S006C003P001R002A009_rgb.avi,001,009,003,002,006
S006C003P001R002A014_rgb.avi,001,014,003,002,006
S006C003P001R002A015_rgb.avi,001,015,003,002,006
S006C003P008R001A005_rgb.avi,008,005,003,001,006
S006C003P008R001A006_rgb.avi,008,006,003,001,006
S006C003P008R001A007_rgb.avi,008,007,003,001,006
S006C003P008R001A008_rgb.avi,008,008,003,001,006
S006C003P008R001A009_rgb.avi,008,009,003,001,006
S006C003P008R001A014_rgb.avi,008,014,003,001,006
S006C003P008R001A015_rgb.avi,008,015,003,001,006
S006C003P008R002A005_rgb.avi,008,005,003,002,006
S006C003P008R002A006_rgb.avi,008,006,003,002,006
S006C003P008R002A007_rgb.avi,008,007,003,002,006
S006C003P008R002A008_rgb.avi,008,008,003,002,006
S006C003P008R002A009_rgb.avi,008,009,003,002,006
S006C003P008R002A014_rgb.avi,008,014,003,002,006
S006C003P008R002A015_rgb.avi,008,015,003,002,006
S006C003P015R001A005_rgb.avi,015,005,003,001,006
S006C003P015R001A006_rgb.avi,015,006,003,001,006
S006C003P015R001A007_rgb.avi,015,007,003,001,006
S006C003P015R001A008_rgb.avi,015,008,003,001,006
S006C003P015R001A009_rgb.avi,015,009,003,001,006
S006C003P015R001A014_rgb.avi,015,014,003,001,006
S006C003P015R001A015_rgb.avi,015,015,003,001,006
S006C003P015R002A005_rgb.avi,015,005,003,002,006
S006C003P015R002A006_rgb.avi,015,006,003,002,006
S006C003P015R002A007_rgb.avi,015,007,003,002,006
S006C003P015R002A008_rgb.avi,015,008,003,002,006
S006C003P015R002A009_rgb.avi,015,009,003,002,006
S006C003P015R002A014_rgb.avi,015,014,003,002,006
S006C003P015R002A015_rgb.avi,015,015,003,002,006
S006C003P016R001A005_rgb.avi,016,005,003,001,006
S006C003P016R001A006_rgb.avi,016,006,003,001,006
S006C003P016R001A007_rgb.avi,016,007,003,001,006
S006C003P016R001A008_rgb.avi,016,008,003,001,006
S006C003P016R001A009_rgb.avi,016,009,003,001,006
S006C003P016R001A014_rgb.avi,016,014,003,001,006
S006C003P016R001A015_rgb.avi,016,015,003,001,006
S006C003P016R002A005_rgb.avi,016,005,003,002,006
S006C003P016R002A006_rgb.avi,016,006,003,002,006
S006C003P016R002A007_rgb.avi,016,007,003,002,006
S006C003P016R002A008_rgb.avi,016,008,003,002,006
S006C003P016R002A009_rgb.avi,016,009,003,002,006
S006C003P016R002A014_rgb.avi,016,014,003,002,006
S006C003P016R002A015_rgb.avi,016,015,003,002,006
S006C003P017R001A005_rgb.avi,017,005,003,001,006
S006C003P017R001A006_rgb.avi,017,006,003,001,006
S006C003P017R001A007_rgb.avi,017,007,003,001,006
S006C003P017R001A008_rgb.avi,017,008,003,001,006
S006C003P017R001A009_rgb.avi,017,009,003,001,006
S006C003P017R001A014_rgb.avi,017,014,003,001,006
S006C003P017R001A015_rgb.avi,017,015,003,001,006
S006C003P017R002A005_rgb.avi,017,005,003,002,006
S006C003P017R002A006_rgb.avi,017,006,003,002,006
S006C003P017R002A007_rgb.avi,017,007,003,002,006
S006C003P017R002A008_rgb.avi,017,008,003,002,006
S006C003P017R002A009_rgb.avi,017,009,003,002,006
S006C003P017R002A014_rgb.avi,017,014,003,002,006
S006C003P017R002A015_rgb.avi,017,015,003,002,006
S006C003P019R001A005_rgb.avi,019,005,003,001,006
S006C003P019R001A006_rgb.avi,019,006,003,001,006
S006C003P019R001A007_rgb.avi,019,007,003,001,006
S006C003P019R001A008_rgb.avi,019,008,003,001,006
S006C003P019R001A009_rgb.avi,019,009,003,001,006
S006C003P019R001A014_rgb.avi,019,014,003,001,006
S006C003P019R001A015_rgb.avi,019,015,003,001,006
S006C003P019R002A005_rgb.avi,019,005,003,002,006
S006C003P019R002A006_rgb.avi,019,006,003,002,006
S006C003P019R002A007_rgb.avi,019,007,003,002,006
S006C003P019R002A008_rgb.avi,019,008,003,002,006
S006C003P019R002A009_rgb.avi,019,009,003,002,006
S006C003P019R002A014_rgb.avi,019,014,003,002,006
S006C003P019R002A015_rgb.avi,019,015,003,002,006
S007C001P001R001A005_rgb.avi,001,005,001,001,007
S007C001P001R001A006_rgb.avi,001,006,001,001,007
S007C001P001R001A007_rgb.avi,001,007,001,001,007
S007C001P001R001A008_rgb.avi,001,008,001,001,007
S007C001P001R001A009_rgb.avi,001,009,001,001,007
S007C001P001R001A014_rgb.avi,001,014,001,001,007
S007C001P001R001A015_rgb.avi,001,015,001,001,007
S007C001P001R002A005_rgb.avi,001,005,001,002,007
S007C001P001R002A006_rgb.avi,001,006,001,002,007
S007C001P001R002A007_rgb.avi,001,007,001,002,007
S007C001P001R002A008_rgb.avi,001,008,001,002,007
S007C001P001R002A009_rgb.avi,001,009,001,002,007
S007C001P001R002A014_rgb.avi,001,014,001,002,007
S007C001P001R002A015_rgb.avi,001,015,001,002,007
S007C001P008R001A005_rgb.avi,008,005,001,001,007
S007C001P008R001A006_rgb.avi,008,006,001,001,007
S007C001P008R001A007_rgb.avi,008,007,001,001,007
S007C001P008R001A008_rgb.avi,008,008,001,001,007
S007C001P008R001A009_rgb.avi,008,009,001,001,007
S007C001P008R001A014_rgb.avi,008,014,001,001,007
S007C001P008R001A015_rgb.avi,008,015,001,001,007
S007C001P008R002A005_rgb.avi,008,005,001,002,007
S007C001P008R002A006_rgb.avi,008,006,001,002,007
S007C001P008R002A007_rgb.avi,008,007,001,002,007
S007C001P008R002A008_rgb.avi,008,008,001,002,007
S007C001P008R002A009_rgb.avi,008,009,001,002,007
S007C001P008R002A014_rgb.avi,008,014,001,002,007
S007C001P008R002A015_rgb.avi,008,015,001,002,007
S007C001P015R001A005_rgb.avi,015,005,001,001,007
S007C001P015R001A006_rgb.avi,015,006,001,001,007
S007C001P015R001A007_rgb.avi,015,007,001,001,007
S007C001P015R001A008_rgb.avi,015,008,001,001,007
S007C001P015R001A009_rgb.avi,015,009,001,001,007
S007C001P015R001A014_rgb.avi,015,014,001,001,007
S007C001P015R001A015_rgb.avi,015,015,001,001,007
S007C001P015R002A005_rgb.avi,015,005,001,002,007
S007C001P015R002A006_rgb.avi,015,006,001,002,007
S007C001P015R002A007_rgb.avi,015,007,001,002,007
S007C001P015R002A008_rgb.avi,015,008,001,002,007
S007C001P015R002A009_rgb.avi,015,009,001,002,007
S007C001P015R002A014_rgb.avi,015,014,001,002,007
S007C001P015R002A015_rgb.avi,015,015,001,002,007
S007C001P016R001A005_rgb.avi,016,005,001,001,007
S007C001P016R001A006_rgb.avi,016,006,001,001,007
S007C001P016R001A007_rgb.avi,016,007,001,001,007
S007C001P016R001A008_rgb.avi,016,008,001,001,007
S007C001P016R001A009_rgb.avi,016,009,001,001,007
S007C001P016R001A014_rgb.avi,016,014,001,001,007
S007C001P016R001A015_rgb.avi,016,015,001,001,007
S007C001P016R002A005_rgb.avi,016,005,001,002,007
S007C001P016R002A006_rgb.avi,016,006,001,002,007
S007C001P016R002A007_rgb.avi,016,007,001,002,007
S007C001P016R002A008_rgb.avi,016,008,001,002,007
S007C001P016R002A009_rgb.avi,016,009,001,002,007
S007C001P016R002A014_rgb.avi,016,014,001,002,007
S007C001P016R002A015_rgb.avi,016,015,001,002,007
S007C001P017R001A005_rgb.avi,017,005,001,001,007
S007C001P017R001A006_rgb.avi,017,006,001,001,007
S007C001P017R001A007_rgb.avi,017,007,001,001,007
S007C001P017R001A008_rgb.avi,017,008,001,001,007
S007C001P017R001A009_rgb.avi,017,009,001,001,007
S007C001P017R001A014_rgb.avi,017,014,001,001,007
S007C001P017R001A015_rgb.avi,017,015,001,001,007
S007C001P017R002A005_rgb.avi,017,005,001,002,007
S007C001P017R002A006_rgb.avi,017,006,001,002,007
S007C001P017R002A007_rgb.avi,017,007,001,002,007
S007C001P017R002A008_rgb.avi,017,008,001,002,007
S007C001P017R002A009_rgb.avi,017,009,001,002,007
S007C001P017R002A014_rgb.avi,017,014,001,002,007
S007C001P017R002A015_rgb.avi,017,015,001,002,007
S007C001P018R001A005_rgb.avi,018,005,001,001,007
S007C001P018R001A006_rgb.avi,018,006,001,001,007
S007C001P018R001A007_rgb.avi,018,007,001,001,007
S007C001P018R001A008_rgb.avi,018,008,001,001,007
S007C001P018R001A009_rgb.avi,018,009,001,001,007
S007C001P018R001A014_rgb.avi,018,014,001,001,007
S007C001P018R001A015_rgb.avi,018,015,001,001,007
S007C001P018R002A005_rgb.avi,018,005,001,002,007
S007C001P018R002A006_rgb.avi,018,006,001,002,007
S007C001P018R002A007_rgb.avi,018,007,001,002,007
S007C001P018R002A008_rgb.avi,018,008,001,002,007
S007C001P018R002A009_rgb.avi,018,009,001,002,007
S007C001P018R002A014_rgb.avi,018,014,001,002,007
S007C001P018R002A015_rgb.avi,018,015,001,002,007
S007C001P019R001A005_rgb.avi,019,005,001,001,007
S007C001P019R001A006_rgb.avi,019,006,001,001,007
S007C001P019R001A007_rgb.avi,019,007,001,001,007
S007C001P019R001A008_rgb.avi,019,008,001,001,007
S007C001P019R001A009_rgb.avi,019,009,001,001,007
S007C001P019R001A014_rgb.avi,019,014,001,001,007
S007C001P019R001A015_rgb.avi,019,015,001,001,007
S007C001P019R002A005_rgb.avi,019,005,001,002,007
S007C001P019R002A006_rgb.avi,019,006,001,002,007
S007C001P019R002A007_rgb.avi,019,007,001,002,007
S007C001P019R002A008_rgb.avi,019,008,001,002,007
S007C001P019R002A009_rgb.avi,019,009,001,002,007
S007C001P019R002A014_rgb.avi,019,014,001,002,007
S007C001P019R002A015_rgb.avi,019,015,001,002,007
S007C001P025R001A005_rgb.avi,025,005,001,001,007
S007C001P025R001A006_rgb.avi,025,006,001,001,007
S007C001P025R001A007_rgb.avi,025,007,001,001,007
S007C001P025R001A008_rgb.avi,025,008,001,001,007
S007C001P025R001A009_rgb.avi,025,009,001,001,007
S007C001P025R001A014_rgb.avi,025,014,001,001,007
S007C001P025R001A015_rgb.avi,025,015,001,001,007
S007C001P025R002A005_rgb.avi,025,005,001,002,007
S007C001P025R002A006_rgb.avi,025,006,001,002,007
S007C001P025R002A007_rgb.avi,025,007,001,002,007
S007C001P025R002A008_rgb.avi,025,008,001,002,007
S007C001P025R002A009_rgb.avi,025,009,001,002,007
S007C001P025R002A014_rgb.avi,025,014,001,002,007
S007C001P025R002A015_rgb.avi,025,015,001,002,007
S007C001P027R001A005_rgb.avi,027,005,001,001,007
S007C001P027R001A006_rgb.avi,027,006,001,001,007
S007C001P027R001A007_rgb.avi,027,007,001,001,007
S007C001P027R001A008_rgb.avi,027,008,001,001,007
S007C001P027R001A009_rgb.avi,027,009,001,001,007
S007C001P027R001A014_rgb.avi,027,014,001,001,007
S007C001P027R001A015_rgb.avi,027,015,001,001,007
S007C001P027R002A005_rgb.avi,027,005,001,002,007
S007C001P027R002A006_rgb.avi,027,006,001,002,007
S007C001P027R002A007_rgb.avi,027,007,001,002,007
S007C001P027R002A008_rgb.avi,027,008,001,002,007
S007C001P027R002A009_rgb.avi,027,009,001,002,007
S007C001P027R002A014_rgb.avi,027,014,001,002,007
S007C001P027R002A015_rgb.avi,027,015,001,002,007
S007C001P028R001A005_rgb.avi,028,005,001,001,007
S007C001P028R001A006_rgb.avi,028,006,001,001,007
S007C001P028R001A007_rgb.avi,028,007,001,001,007
S007C001P028R001A008_rgb.avi,028,008,001,001,007
S007C001P028R001A009_rgb.avi,028,009,001,001,007
S007C001P028R001A014_rgb.avi,028,014,001,001,007
S007C001P028R001A015_rgb.avi,028,015,001,001,007
S007C001P028R002A005_rgb.avi,028,005,001,002,007
S007C001P028R002A006_rgb.avi,028,006,001,002,007
S007C001P028R002A007_rgb.avi,028,007,001,002,007
S007C001P028R002A008_rgb.avi,028,008,001,002,007
S007C001P028R002A009_rgb.avi,028,009,001,002,007
S007C001P028R002A014_rgb.avi,028,014,001,002,007
S007C001P028R002A015_rgb.avi,028,015,001,002,007
S007C002P001R001A005_rgb.avi,001,005,002,001,007
S007C002P001R001A006_rgb.avi,001,006,002,001,007
S007C002P001R001A007_rgb.avi,001,007,002,001,007
S007C002P001R001A008_rgb.avi,001,008,002,001,007
S007C002P001R001A009_rgb.avi,001,009,002,001,007
S007C002P001R001A014_rgb.avi,001,014,002,001,007
S007C002P001R001A015_rgb.avi,001,015,002,001,007
S007C002P001R002A005_rgb.avi,001,005,002,002,007
S007C002P001R002A006_rgb.avi,001,006,002,002,007
S007C002P001R002A007_rgb.avi,001,007,002,002,007
S007C002P001R002A008_rgb.avi,001,008,002,002,007
S007C002P001R002A009_rgb.avi,001,009,002,002,007
S007C002P001R002A014_rgb.avi,001,014,002,002,007
S007C002P001R002A015_rgb.avi,001,015,002,002,007
S007C002P008R001A005_rgb.avi,008,005,002,001,007
S007C002P008R001A006_rgb.avi,008,006,002,001,007
S007C002P008R001A007_rgb.avi,008,007,002,001,007
S007C002P008R001A008_rgb.avi,008,008,002,001,007
S007C002P008R001A009_rgb.avi,008,009,002,001,007
S007C002P008R001A014_rgb.avi,008,014,002,001,007
S007C002P008R001A015_rgb.avi,008,015,002,001,007
S007C002P008R002A005_rgb.avi,008,005,002,002,007
S007C002P008R002A006_rgb.avi,008,006,002,002,007
S007C002P008R002A007_rgb.avi,008,007,002,002,007
S007C002P008R002A008_rgb.avi,008,008,002,002,007
S007C002P008R002A009_rgb.avi,008,009,002,002,007
S007C002P008R002A014_rgb.avi,008,014,002,002,007
S007C002P008R002A015_rgb.avi,008,015,002,002,007
S007C002P015R001A005_rgb.avi,015,005,002,001,007
S007C002P015R001A006_rgb.avi,015,006,002,001,007
S007C002P015R001A007_rgb.avi,015,007,002,001,007
S007C002P015R001A008_rgb.avi,015,008,002,001,007
S007C002P015R001A009_rgb.avi,015,009,002,001,007
S007C002P015R001A014_rgb.avi,015,014,002,001,007
S007C002P015R001A015_rgb.avi,015,015,002,001,007
S007C002P015R002A005_rgb.avi,015,005,002,002,007
S007C002P015R002A006_rgb.avi,015,006,002,002,007
S007C002P015R002A007_rgb.avi,015,007,002,002,007
S007C002P015R002A008_rgb.avi,015,008,002,002,007
S007C002P015R002A009_rgb.avi,015,009,002,002,007
S007C002P015R002A014_rgb.avi,015,014,002,002,007
S007C002P015R002A015_rgb.avi,015,015,002,002,007
S007C002P016R001A005_rgb.avi,016,005,002,001,007
S007C002P016R001A006_rgb.avi,016,006,002,001,007
S007C002P016R001A007_rgb.avi,016,007,002,001,007
S007C002P016R001A008_rgb.avi,016,008,002,001,007
S007C002P016R001A009_rgb.avi,016,009,002,001,007
S007C002P016R001A014_rgb.avi,016,014,002,001,007
S007C002P016R001A015_rgb.avi,016,015,002,001,007
S007C002P016R002A005_rgb.avi,016,005,002,002,007
S007C002P016R002A006_rgb.avi,016,006,002,002,007
S007C002P016R002A007_rgb.avi,016,007,002,002,007
S007C002P016R002A008_rgb.avi,016,008,002,002,007
S007C002P016R002A009_rgb.avi,016,009,002,002,007
S007C002P016R002A014_rgb.avi,016,014,002,002,007
S007C002P016R002A015_rgb.avi,016,015,002,002,007
S007C002P017R001A005_rgb.avi,017,005,002,001,007
S007C002P017R001A006_rgb.avi,017,006,002,001,007
S007C002P017R001A007_rgb.avi,017,007,002,001,007
S007C002P017R001A008_rgb.avi,017,008,002,001,007
S007C002P017R001A009_rgb.avi,017,009,002,001,007
S007C002P017R001A014_rgb.avi,017,014,002,001,007
S007C002P017R001A015_rgb.avi,017,015,002,001,007
S007C002P017R002A005_rgb.avi,017,005,002,002,007
S007C002P017R002A006_rgb.avi,017,006,002,002,007
S007C002P017R002A007_rgb.avi,017,007,002,002,007
S007C002P017R002A008_rgb.avi,017,008,002,002,007
S007C002P017R002A009_rgb.avi,017,009,002,002,007
S007C002P017R002A014_rgb.avi,017,014,002,002,007
S007C002P017R002A015_rgb.avi,017,015,002,002,007
S007C002P018R001A005_rgb.avi,018,005,002,001,007
S007C002P018R001A006_rgb.avi,018,006,002,001,007
S007C002P018R001A007_rgb.avi,018,007,002,001,007
S007C002P018R001A008_rgb.avi,018,008,002,001,007
S007C002P018R001A009_rgb.avi,018,009,002,001,007
S007C002P018R001A014_rgb.avi,018,014,002,001,007
S007C002P018R001A015_rgb.avi,018,015,002,001,007
S007C002P018R002A005_rgb.avi,018,005,002,002,007
S007C002P018R002A006_rgb.avi,018,006,002,002,007
S007C002P018R002A007_rgb.avi,018,007,002,002,007
S007C002P018R002A008_rgb.avi,018,008,002,002,007
S007C002P018R002A009_rgb.avi,018,009,002,002,007
S007C002P018R002A014_rgb.avi,018,014,002,002,007
S007C002P018R002A015_rgb.avi,018,015,002,002,007
S007C002P019R001A005_rgb.avi,019,005,002,001,007
S007C002P019R001A006_rgb.avi,019,006,002,001,007
S007C002P019R001A007_rgb.avi,019,007,002,001,007
S007C002P019R001A008_rgb.avi,019,008,002,001,007
S007C002P019R001A009_rgb.avi,019,009,002,001,007
S007C002P019R001A014_rgb.avi,019,014,002,001,007
S007C002P019R001A015_rgb.avi,019,015,002,001,007
S007C002P019R002A005_rgb.avi,019,005,002,002,007
S007C002P019R002A006_rgb.avi,019,006,002,002,007
S007C002P019R002A007_rgb.avi,019,007,002,002,007
S007C002P019R002A008_rgb.avi,019,008,002,002,007
S007C002P019R002A009_rgb.avi,019,009,002,002,007
S007C002P019R002A014_rgb.avi,019,014,002,002,007
S007C002P019R002A015_rgb.avi,019,015,002,002,007
S007C002P025R001A005_rgb.avi,025,005,002,001,007
S007C002P025R001A006_rgb.avi,025,006,002,001,007
S007C002P025R001A007_rgb.avi,025,007,002,001,007
S007C002P025R001A008_rgb.avi,025,008,002,001,007
S007C002P025R001A009_rgb.avi,025,009,002,001,007
S007C002P025R001A014_rgb.avi,025,014,002,001,007
S007C002P025R001A015_rgb.avi,025,015,002,001,007
S007C002P025R002A005_rgb.avi,025,005,002,002,007
S007C002P025R002A006_rgb.avi,025,006,002,002,007
S007C002P025R002A007_rgb.avi,025,007,002,002,007
S007C002P025R002A008_rgb.avi,025,008,002,002,007
S007C002P025R002A009_rgb.avi,025,009,002,002,007
S007C002P025R002A014_rgb.avi,025,014,002,002,007
S007C002P025R002A015_rgb.avi,025,015,002,002,007
S007C002P027R001A005_rgb.avi,027,005,002,001,007
S007C002P027R001A006_rgb.avi,027,006,002,001,007
S007C002P027R001A007_rgb.avi,027,007,002,001,007
S007C002P027R001A008_rgb.avi,027,008,002,001,007
S007C002P027R001A009_rgb.avi,027,009,002,001,007
S007C002P027R001A014_rgb.avi,027,014,002,001,007
S007C002P027R001A015_rgb.avi,027,015,002,001,007
S007C002P027R002A005_rgb.avi,027,005,002,002,007
S007C002P027R002A006_rgb.avi,027,006,002,002,007
S007C002P027R002A007_rgb.avi,027,007,002,002,007
S007C002P027R002A008_rgb.avi,027,008,002,002,007
S007C002P027R002A009_rgb.avi,027,009,002,002,007
S007C002P027R002A014_rgb.avi,027,014,002,002,007
S007C002P027R002A015_rgb.avi,027,015,002,002,007
S007C002P028R001A005_rgb.avi,028,005,002,001,007
S007C002P028R001A006_rgb.avi,028,006,002,001,007
S007C002P028R001A007_rgb.avi,028,007,002,001,007
S007C002P028R001A008_rgb.avi,028,008,002,001,007
S007C002P028R001A009_rgb.avi,028,009,002,001,007
S007C002P028R001A014_rgb.avi,028,014,002,001,007
S007C002P028R001A015_rgb.avi,028,015,002,001,007
S007C002P028R002A005_rgb.avi,028,005,002,002,007
S007C002P028R002A006_rgb.avi,028,006,002,002,007
S007C002P028R002A007_rgb.avi,028,007,002,002,007
S007C002P028R002A008_rgb.avi,028,008,002,002,007
S007C002P028R002A009_rgb.avi,028,009,002,002,007
S007C002P028R002A014_rgb.avi,028,014,002,002,007
S007C002P028R002A015_rgb.avi,028,015,002,002,007
S007C003P001R001A005_rgb.avi,001,005,003,001,007
S007C003P001R001A006_rgb.avi,001,006,003,001,007
S007C003P001R001A007_rgb.avi,001,007,003,001,007
S007C003P001R001A008_rgb.avi,001,008,003,001,007
S007C003P001R001A009_rgb.avi,001,009,003,001,007
S007C003P001R001A014_rgb.avi,001,014,003,001,007
S007C003P001R001A015_rgb.avi,001,015,003,001,007
S007C003P001R002A005_rgb.avi,001,005,003,002,007
S007C003P001R002A006_rgb.avi,001,006,003,002,007
S007C003P001R002A007_rgb.avi,001,007,003,002,007
S007C003P001R002A008_rgb.avi,001,008,003,002,007
S007C003P001R002A009_rgb.avi,001,009,003,002,007
S007C003P001R002A014_rgb.avi,001,014,003,002,007
S007C003P001R002A015_rgb.avi,001,015,003,002,007
S007C003P008R001A005_rgb.avi,008,005,003,001,007
S007C003P008R001A006_rgb.avi,008,006,003,001,007
S007C003P008R001A007_rgb.avi,008,007,003,001,007
S007C003P008R001A008_rgb.avi,008,008,003,001,007
S007C003P008R001A009_rgb.avi,008,009,003,001,007
S007C003P008R001A014_rgb.avi,008,014,003,001,007
S007C003P008R001A015_rgb.avi,008,015,003,001,007
S007C003P008R002A005_rgb.avi,008,005,003,002,007
S007C003P008R002A006_rgb.avi,008,006,003,002,007
S007C003P008R002A007_rgb.avi,008,007,003,002,007
S007C003P008R002A008_rgb.avi,008,008,003,002,007
S007C003P008R002A009_rgb.avi,008,009,003,002,007
S007C003P008R002A014_rgb.avi,008,014,003,002,007
S007C003P008R002A015_rgb.avi,008,015,003,002,007
S007C003P015R001A005_rgb.avi,015,005,003,001,007
S007C003P015R001A006_rgb.avi,015,006,003,001,007
S007C003P015R001A007_rgb.avi,015,007,003,001,007
S007C003P015R001A008_rgb.avi,015,008,003,001,007
S007C003P015R001A009_rgb.avi,015,009,003,001,007
S007C003P015R001A014_rgb.avi,015,014,003,001,007
S007C003P015R001A015_rgb.avi,015,015,003,001,007
S007C003P015R002A005_rgb.avi,015,005,003,002,007
S007C003P015R002A006_rgb.avi,015,006,003,002,007
S007C003P015R002A007_rgb.avi,015,007,003,002,007
S007C003P015R002A008_rgb.avi,015,008,003,002,007
S007C003P015R002A009_rgb.avi,015,009,003,002,007
S007C003P015R002A014_rgb.avi,015,014,003,002,007
S007C003P015R002A015_rgb.avi,015,015,003,002,007
S007C003P016R001A005_rgb.avi,016,005,003,001,007
S007C003P016R001A006_rgb.avi,016,006,003,001,007
S007C003P016R001A007_rgb.avi,016,007,003,001,007
S007C003P016R001A008_rgb.avi,016,008,003,001,007
S007C003P016R001A009_rgb.avi,016,009,003,001,007
S007C003P016R001A014_rgb.avi,016,014,003,001,007
S007C003P016R001A015_rgb.avi,016,015,003,001,007
S007C003P016R002A005_rgb.avi,016,005,003,002,007
S007C003P016R002A006_rgb.avi,016,006,003,002,007
S007C003P016R002A007_rgb.avi,016,007,003,002,007
S007C003P016R002A008_rgb.avi,016,008,003,002,007
S007C003P016R002A009_rgb.avi,016,009,003,002,007
S007C003P016R002A014_rgb.avi,016,014,003,002,007
S007C003P016R002A015_rgb.avi,016,015,003,002,007
S007C003P017R001A005_rgb.avi,017,005,003,001,007
S007C003P017R001A006_rgb.avi,017,006,003,001,007
S007C003P017R001A007_rgb.avi,017,007,003,001,007
S007C003P017R001A008_rgb.avi,017,008,003,001,007
S007C003P017R001A009_rgb.avi,017,009,003,001,007
S007C003P017R001A014_rgb.avi,017,014,003,001,007
S007C003P017R001A015_rgb.avi,017,015,003,001,007
S007C003P017R002A005_rgb.avi,017,005,003,002,007
S007C003P017R002A006_rgb.avi,017,006,003,002,007
S007C003P017R002A007_rgb.avi,017,007,003,002,007
S007C003P017R002A008_rgb.avi,017,008,003,002,007
S007C003P017R002A009_rgb.avi,017,009,003,002,007
S007C003P017R002A014_rgb.avi,017,014,003,002,007
S007C003P017R002A015_rgb.avi,017,015,003,002,007
S007C003P018R001A005_rgb.avi,018,005,003,001,007
S007C003P018R001A006_rgb.avi,018,006,003,001,007
S007C003P018R001A007_rgb.avi,018,007,003,001,007
S007C003P018R001A008_rgb.avi,018,008,003,001,007
S007C003P018R001A009_rgb.avi,018,009,003,001,007
S007C003P018R001A014_rgb.avi,018,014,003,001,007
S007C003P018R001A015_rgb.avi,018,015,003,001,007
S007C003P018R002A005_rgb.avi,018,005,003,002,007
S007C003P018R002A006_rgb.avi,018,006,003,002,007
S007C003P018R002A007_rgb.avi,018,007,003,002,007
S007C003P018R002A008_rgb.avi,018,008,003,002,007
S007C003P018R002A009_rgb.avi,018,009,003,002,007
S007C003P018R002A014_rgb.avi,018,014,003,002,007
S007C003P018R002A015_rgb.avi,018,015,003,002,007
S007C003P019R001A005_rgb.avi,019,005,003,001,007
S007C003P019R001A006_rgb.avi,019,006,003,001,007
S007C003P019R001A007_rgb.avi,019,007,003,001,007
S007C003P019R001A008_rgb.avi,019,008,003,001,007
S007C003P019R001A009_rgb.avi,019,009,003,001,007
S007C003P019R001A014_rgb.avi,019,014,003,001,007
S007C003P019R001A015_rgb.avi,019,015,003,001,007
S007C003P019R002A005_rgb.avi,019,005,003,002,007
S007C003P019R002A006_rgb.avi,019,006,003,002,007
S007C003P019R002A007_rgb.avi,019,007,003,002,007
S007C003P019R002A008_rgb.avi,019,008,003,002,007
S007C003P019R002A009_rgb.avi,019,009,003,002,007
S007C003P019R002A014_rgb.avi,019,014,003,002,007
S007C003P019R002A015_rgb.avi,019,015,003,002,007
S007C003P025R001A005_rgb.avi,025,005,003,001,007
S007C003P025R001A006_rgb.avi,025,006,003,001,007
S007C003P025R001A007_rgb.avi,025,007,003,001,007
S007C003P025R001A008_rgb.avi,025,008,003,001,007
S007C003P025R001A009_rgb.avi,025,009,003,001,007
S007C003P025R001A014_rgb.avi,025,014,003,001,007
S007C003P025R001A015_rgb.avi,025,015,003,001,007
S007C003P025R002A005_rgb.avi,025,005,003,002,007
S007C003P025R002A006_rgb.avi,025,006,003,002,007
S007C003P025R002A007_rgb.avi,025,007,003,002,007
S007C003P025R002A008_rgb.avi,025,008,003,002,007
S007C003P025R002A009_rgb.avi,025,009,003,002,007
S007C003P025R002A014_rgb.avi,025,014,003,002,007
S007C003P025R002A015_rgb.avi,025,015,003,002,007
S007C003P027R001A005_rgb.avi,027,005,003,001,007
S007C003P027R001A006_rgb.avi,027,006,003,001,007
S007C003P027R001A007_rgb.avi,027,007,003,001,007
S007C003P027R001A008_rgb.avi,027,008,003,001,007
S007C003P027R001A009_rgb.avi,027,009,003,001,007
S007C003P027R001A014_rgb.avi,027,014,003,001,007
S007C003P027R001A015_rgb.avi,027,015,003,001,007
S007C003P027R002A005_rgb.avi,027,005,003,002,007
S007C003P027R002A006_rgb.avi,027,006,003,002,007
S007C003P027R002A007_rgb.avi,027,007,003,002,007
S007C003P027R002A008_rgb.avi,027,008,003,002,007
S007C003P027R002A009_rgb.avi,027,009,003,002,007
S007C003P027R002A014_rgb.avi,027,014,003,002,007
S007C003P027R002A015_rgb.avi,027,015,003,002,007
S007C003P028R001A005_rgb.avi,028,005,003,001,007
S007C003P028R001A006_rgb.avi,028,006,003,001,007
S007C003P028R001A007_rgb.avi,028,007,003,001,007
S007C003P028R001A008_rgb.avi,028,008,003,001,007
S007C003P028R001A009_rgb.avi,028,009,003,001,007
S007C003P028R001A014_rgb.avi,028,014,003,001,007
S007C003P028R001A015_rgb.avi,028,015,003,001,007
S007C003P028R002A005_rgb.avi,028,005,003,002,007
S007C003P028R002A006_rgb.avi,028,006,003,002,007
S007C003P028R002A007_rgb.avi,028,007,003,002,007
S007C003P028R002A008_rgb.avi,028,008,003,002,007
S007C003P028R002A009_rgb.avi,028,009,003,002,007
S007C003P028R002A014_rgb.avi,028,014,003,002,007
S007C003P028R002A015_rgb.avi,028,015,003,002,007
S008C001P001R001A005_rgb.avi,001,005,001,001,008
S008C001P001R001A006_rgb.avi,001,006,001,001,008
S008C001P001R001A007_rgb.avi,001,007,001,001,008
S008C001P001R001A008_rgb.avi,001,008,001,001,008
S008C001P001R001A009_rgb.avi,001,009,001,001,008
S008C001P001R001A014_rgb.avi,001,014,001,001,008
S008C001P001R001A015_rgb.avi,001,015,001,001,008
S008C001P001R002A005_rgb.avi,001,005,001,002,008
S008C001P001R002A006_rgb.avi,001,006,001,002,008
S008C001P001R002A007_rgb.avi,001,007,001,002,008
S008C001P001R002A008_rgb.avi,001,008,001,002,008
S008C001P001R002A009_rgb.avi,001,009,001,002,008
S008C001P001R002A014_rgb.avi,001,014,001,002,008
S008C001P001R002A015_rgb.avi,001,015,001,002,008
S008C001P008R001A005_rgb.avi,008,005,001,001,008
S008C001P008R001A006_rgb.avi,008,006,001,001,008
S008C001P008R001A007_rgb.avi,008,007,001,001,008
S008C001P008R001A008_rgb.avi,008,008,001,001,008
S008C001P008R001A009_rgb.avi,008,009,001,001,008
S008C001P008R001A014_rgb.avi,008,014,001,001,008
S008C001P008R001A015_rgb.avi,008,015,001,001,008
S008C001P008R002A005_rgb.avi,008,005,001,002,008
S008C001P008R002A006_rgb.avi,008,006,001,002,008
S008C001P008R002A007_rgb.avi,008,007,001,002,008
S008C001P008R002A008_rgb.avi,008,008,001,002,008
S008C001P008R002A009_rgb.avi,008,009,001,002,008
S008C001P008R002A014_rgb.avi,008,014,001,002,008
S008C001P008R002A015_rgb.avi,008,015,001,002,008
S008C001P015R001A005_rgb.avi,015,005,001,001,008
S008C001P015R001A006_rgb.avi,015,006,001,001,008
S008C001P015R001A007_rgb.avi,015,007,001,001,008
S008C001P015R001A008_rgb.avi,015,008,001,001,008
S008C001P015R001A009_rgb.avi,015,009,001,001,008
S008C001P015R001A014_rgb.avi,015,014,001,001,008
S008C001P015R001A015_rgb.avi,015,015,001,001,008
S008C001P015R002A005_rgb.avi,015,005,001,002,008
S008C001P015R002A006_rgb.avi,015,006,001,002,008
S008C001P015R002A007_rgb.avi,015,007,001,002,008
S008C001P015R002A008_rgb.avi,015,008,001,002,008
S008C001P015R002A009_rgb.avi,015,009,001,002,008
S008C001P015R002A014_rgb.avi,015,014,001,002,008
S008C001P015R002A015_rgb.avi,015,015,001,002,008
S008C001P019R001A005_rgb.avi,019,005,001,001,008
S008C001P019R001A006_rgb.avi,019,006,001,001,008
S008C001P019R001A007_rgb.avi,019,007,001,001,008
S008C001P019R001A008_rgb.avi,019,008,001,001,008
S008C001P019R001A009_rgb.avi,019,009,001,001,008
S008C001P019R001A014_rgb.avi,019,014,001,001,008
S008C001P019R001A015_rgb.avi,019,015,001,001,008
S008C001P019R002A005_rgb.avi,019,005,001,002,008
S008C001P019R002A006_rgb.avi,019,006,001,002,008
S008C001P019R002A007_rgb.avi,019,007,001,002,008
S008C001P019R002A008_rgb.avi,019,008,001,002,008
S008C001P019R002A009_rgb.avi,019,009,001,002,008
S008C001P019R002A014_rgb.avi,019,014,001,002,008
S008C001P019R002A015_rgb.avi,019,015,001,002,008
S008C001P025R001A005_rgb.avi,025,005,001,001,008
S008C001P025R001A006_rgb.avi,025,006,001,001,008
S008C001P025R001A007_rgb.avi,025,007,001,001,008
S008C001P025R001A008_rgb.avi,025,008,001,001,008
S008C001P025R001A009_rgb.avi,025,009,001,001,008
S008C001P025R001A014_rgb.avi,025,014,001,001,008
S008C001P025R001A015_rgb.avi,025,015,001,001,008
S008C001P025R002A005_rgb.avi,025,005,001,002,008
S008C001P025R002A006_rgb.avi,025,006,001,002,008
S008C001P025R002A007_rgb.avi,025,007,001,002,008
S008C001P025R002A008_rgb.avi,025,008,001,002,008
S008C001P025R002A009_rgb.avi,025,009,001,002,008
S008C001P025R002A014_rgb.avi,025,014,001,002,008
S008C001P025R002A015_rgb.avi,025,015,001,002,008
S008C001P031R001A005_rgb.avi,031,005,001,001,008
S008C001P031R001A006_rgb.avi,031,006,001,001,008
S008C001P031R001A007_rgb.avi,031,007,001,001,008
S008C001P031R001A008_rgb.avi,031,008,001,001,008
S008C001P031R001A009_rgb.avi,031,009,001,001,008
S008C001P031R001A014_rgb.avi,031,014,001,001,008
S008C001P031R001A015_rgb.avi,031,015,001,001,008
S008C001P031R002A005_rgb.avi,031,005,001,002,008
S008C001P031R002A006_rgb.avi,031,006,001,002,008
S008C001P031R002A007_rgb.avi,031,007,001,002,008
S008C001P031R002A008_rgb.avi,031,008,001,002,008
S008C001P031R002A009_rgb.avi,031,009,001,002,008
S008C001P031R002A014_rgb.avi,031,014,001,002,008
S008C001P031R002A015_rgb.avi,031,015,001,002,008
S008C001P034R001A005_rgb.avi,034,005,001,001,008
S008C001P034R001A006_rgb.avi,034,006,001,001,008
S008C001P034R001A007_rgb.avi,034,007,001,001,008
S008C001P034R001A008_rgb.avi,034,008,001,001,008
S008C001P034R001A009_rgb.avi,034,009,001,001,008
S008C001P034R001A014_rgb.avi,034,014,001,001,008
S008C001P034R001A015_rgb.avi,034,015,001,001,008
S008C001P034R002A005_rgb.avi,034,005,001,002,008
S008C001P034R002A006_rgb.avi,034,006,001,002,008
S008C001P034R002A007_rgb.avi,034,007,001,002,008
S008C001P034R002A008_rgb.avi,034,008,001,002,008
S008C001P034R002A009_rgb.avi,034,009,001,002,008
S008C001P034R002A014_rgb.avi,034,014,001,002,008
S008C001P034R002A015_rgb.avi,034,015,001,002,008
S008C001P035R001A005_rgb.avi,035,005,001,001,008
S008C001P035R001A006_rgb.avi,035,006,001,001,008
S008C001P035R001A007_rgb.avi,035,007,001,001,008
S008C001P035R001A008_rgb.avi,035,008,001,001,008
S008C001P035R001A009_rgb.avi,035,009,001,001,008
S008C001P035R001A014_rgb.avi,035,014,001,001,008
S008C001P035R001A015_rgb.avi,035,015,001,001,008
S008C001P035R002A005_rgb.avi,035,005,001,002,008
S008C001P035R002A006_rgb.avi,035,006,001,002,008
S008C001P035R002A007_rgb.avi,035,007,001,002,008
S008C001P035R002A008_rgb.avi,035,008,001,002,008
S008C001P035R002A009_rgb.avi,035,009,001,002,008
S008C001P035R002A014_rgb.avi,035,014,001,002,008
S008C001P035R002A015_rgb.avi,035,015,001,002,008
S008C002P001R001A005_rgb.avi,001,005,002,001,008
S008C002P001R001A006_rgb.avi,001,006,002,001,008
S008C002P001R001A007_rgb.avi,001,007,002,001,008
S008C002P001R001A008_rgb.avi,001,008,002,001,008
S008C002P001R001A009_rgb.avi,001,009,002,001,008
S008C002P001R001A014_rgb.avi,001,014,002,001,008
S008C002P001R001A015_rgb.avi,001,015,002,001,008
S008C002P001R002A005_rgb.avi,001,005,002,002,008
S008C002P001R002A006_rgb.avi,001,006,002,002,008
S008C002P001R002A007_rgb.avi,001,007,002,002,008
S008C002P001R002A008_rgb.avi,001,008,002,002,008
S008C002P001R002A009_rgb.avi,001,009,002,002,008
S008C002P001R002A014_rgb.avi,001,014,002,002,008
S008C002P001R002A015_rgb.avi,001,015,002,002,008
S008C002P008R001A005_rgb.avi,008,005,002,001,008
S008C002P008R001A006_rgb.avi,008,006,002,001,008
S008C002P008R001A007_rgb.avi,008,007,002,001,008
S008C002P008R001A008_rgb.avi,008,008,002,001,008
S008C002P008R001A009_rgb.avi,008,009,002,001,008
S008C002P008R001A014_rgb.avi,008,014,002,001,008
S008C002P008R001A015_rgb.avi,008,015,002,001,008
S008C002P008R002A005_rgb.avi,008,005,002,002,008
S008C002P008R002A006_rgb.avi,008,006,002,002,008
S008C002P008R002A007_rgb.avi,008,007,002,002,008
S008C002P008R002A008_rgb.avi,008,008,002,002,008
S008C002P008R002A009_rgb.avi,008,009,002,002,008
S008C002P008R002A014_rgb.avi,008,014,002,002,008
S008C002P008R002A015_rgb.avi,008,015,002,002,008
S008C002P015R001A005_rgb.avi,015,005,002,001,008
S008C002P015R001A006_rgb.avi,015,006,002,001,008
S008C002P015R001A007_rgb.avi,015,007,002,001,008
S008C002P015R001A008_rgb.avi,015,008,002,001,008
S008C002P015R001A009_rgb.avi,015,009,002,001,008
S008C002P015R001A014_rgb.avi,015,014,002,001,008
S008C002P015R001A015_rgb.avi,015,015,002,001,008
S008C002P015R002A005_rgb.avi,015,005,002,002,008
S008C002P015R002A006_rgb.avi,015,006,002,002,008
S008C002P015R002A007_rgb.avi,015,007,002,002,008
S008C002P015R002A008_rgb.avi,015,008,002,002,008
S008C002P015R002A009_rgb.avi,015,009,002,002,008
S008C002P015R002A014_rgb.avi,015,014,002,002,008
S008C002P015R002A015_rgb.avi,015,015,002,002,008
S008C002P019R001A005_rgb.avi,019,005,002,001,008
S008C002P019R001A006_rgb.avi,019,006,002,001,008
S008C002P019R001A007_rgb.avi,019,007,002,001,008
S008C002P019R001A008_rgb.avi,019,008,002,001,008
S008C002P019R001A009_rgb.avi,019,009,002,001,008
S008C002P019R001A014_rgb.avi,019,014,002,001,008
S008C002P019R001A015_rgb.avi,019,015,002,001,008
S008C002P019R002A005_rgb.avi,019,005,002,002,008
S008C002P019R002A006_rgb.avi,019,006,002,002,008
S008C002P019R002A007_rgb.avi,019,007,002,002,008
S008C002P019R002A008_rgb.avi,019,008,002,002,008
S008C002P019R002A009_rgb.avi,019,009,002,002,008
S008C002P019R002A014_rgb.avi,019,014,002,002,008
S008C002P019R002A015_rgb.avi,019,015,002,002,008
S008C002P025R001A005_rgb.avi,025,005,002,001,008
S008C002P025R001A006_rgb.avi,025,006,002,001,008
S008C002P025R001A007_rgb.avi,025,007,002,001,008
S008C002P025R001A008_rgb.avi,025,008,002,001,008
S008C002P025R001A009_rgb.avi,025,009,002,001,008
S008C002P025R001A014_rgb.avi,025,014,002,001,008
S008C002P025R001A015_rgb.avi,025,015,002,001,008
S008C002P025R002A005_rgb.avi,025,005,002,002,008
S008C002P025R002A006_rgb.avi,025,006,002,002,008
S008C002P025R002A007_rgb.avi,025,007,002,002,008
S008C002P025R002A008_rgb.avi,025,008,002,002,008
S008C002P025R002A009_rgb.avi,025,009,002,002,008
S008C002P025R002A014_rgb.avi,025,014,002,002,008
S008C002P025R002A015_rgb.avi,025,015,002,002,008
S008C002P031R001A005_rgb.avi,031,005,002,001,008
S008C002P031R001A006_rgb.avi,031,006,002,001,008
S008C002P031R001A007_rgb.avi,031,007,002,001,008
S008C002P031R001A008_rgb.avi,031,008,002,001,008
S008C002P031R001A009_rgb.avi,031,009,002,001,008
S008C002P031R001A014_rgb.avi,031,014,002,001,008
S008C002P031R001A015_rgb.avi,031,015,002,001,008
S008C002P031R002A005_rgb.avi,031,005,002,002,008
S008C002P031R002A006_rgb.avi,031,006,002,002,008
S008C002P031R002A007_rgb.avi,031,007,002,002,008
S008C002P031R002A008_rgb.avi,031,008,002,002,008
S008C002P031R002A009_rgb.avi,031,009,002,002,008
S008C002P031R002A014_rgb.avi,031,014,002,002,008
S008C002P031R002A015_rgb.avi,031,015,002,002,008
S008C002P034R001A005_rgb.avi,034,005,002,001,008
S008C002P034R001A006_rgb.avi,034,006,002,001,008
S008C002P034R001A007_rgb.avi,034,007,002,001,008
S008C002P034R001A008_rgb.avi,034,008,002,001,008
S008C002P034R001A009_rgb.avi,034,009,002,001,008
S008C002P034R001A014_rgb.avi,034,014,002,001,008
S008C002P034R001A015_rgb.avi,034,015,002,001,008
S008C002P034R002A005_rgb.avi,034,005,002,002,008
S008C002P034R002A006_rgb.avi,034,006,002,002,008
S008C002P034R002A007_rgb.avi,034,007,002,002,008
S008C002P034R002A008_rgb.avi,034,008,002,002,008
S008C002P034R002A009_rgb.avi,034,009,002,002,008
S008C002P034R002A014_rgb.avi,034,014,002,002,008
S008C002P034R002A015_rgb.avi,034,015,002,002,008
S008C002P035R001A005_rgb.avi,035,005,002,001,008
S008C002P035R001A006_rgb.avi,035,006,002,001,008
S008C002P035R001A007_rgb.avi,035,007,002,001,008
S008C002P035R001A008_rgb.avi,035,008,002,001,008
S008C002P035R001A009_rgb.avi,035,009,002,001,008
S008C002P035R001A014_rgb.avi,035,014,002,001,008
S008C002P035R001A015_rgb.avi,035,015,002,001,008
S008C002P035R002A005_rgb.avi,035,005,002,002,008
S008C002P035R002A006_rgb.avi,035,006,002,002,008
S008C002P035R002A007_rgb.avi,035,007,002,002,008
S008C002P035R002A008_rgb.avi,035,008,002,002,008
S008C002P035R002A009_rgb.avi,035,009,002,002,008
S008C002P035R002A014_rgb.avi,035,014,002,002,008
S008C002P035R002A015_rgb.avi,035,015,002,002,008
S008C003P001R001A005_rgb.avi,001,005,003,001,008
S008C003P001R001A006_rgb.avi,001,006,003,001,008
S008C003P001R001A007_rgb.avi,001,007,003,001,008
S008C003P001R001A008_rgb.avi,001,008,003,001,008
S008C003P001R001A009_rgb.avi,001,009,003,001,008
S008C003P001R001A014_rgb.avi,001,014,003,001,008
S008C003P001R001A015_rgb.avi,001,015,003,001,008
S008C003P001R002A005_rgb.avi,001,005,003,002,008
S008C003P001R002A006_rgb.avi,001,006,003,002,008
S008C003P001R002A007_rgb.avi,001,007,003,002,008
S008C003P001R002A008_rgb.avi,001,008,003,002,008
S008C003P001R002A009_rgb.avi,001,009,003,002,008
S008C003P001R002A014_rgb.avi,001,014,003,002,008
S008C003P001R002A015_rgb.avi,001,015,003,002,008
S008C003P008R001A005_rgb.avi,008,005,003,001,008
S008C003P008R001A006_rgb.avi,008,006,003,001,008
S008C003P008R001A007_rgb.avi,008,007,003,001,008
S008C003P008R001A008_rgb.avi,008,008,003,001,008
S008C003P008R001A009_rgb.avi,008,009,003,001,008
S008C003P008R001A014_rgb.avi,008,014,003,001,008
S008C003P008R001A015_rgb.avi,008,015,003,001,008
S008C003P008R002A005_rgb.avi,008,005,003,002,008
S008C003P008R002A006_rgb.avi,008,006,003,002,008
S008C003P008R002A007_rgb.avi,008,007,003,002,008
S008C003P008R002A008_rgb.avi,008,008,003,002,008
S008C003P008R002A009_rgb.avi,008,009,003,002,008
S008C003P008R002A014_rgb.avi,008,014,003,002,008
S008C003P008R002A015_rgb.avi,008,015,003,002,008
S008C003P015R001A005_rgb.avi,015,005,003,001,008
S008C003P015R001A006_rgb.avi,015,006,003,001,008
S008C003P015R001A007_rgb.avi,015,007,003,001,008
S008C003P015R001A008_rgb.avi,015,008,003,001,008
S008C003P015R001A009_rgb.avi,015,009,003,001,008
S008C003P015R001A014_rgb.avi,015,014,003,001,008
S008C003P015R001A015_rgb.avi,015,015,003,001,008
S008C003P015R002A005_rgb.avi,015,005,003,002,008
S008C003P015R002A006_rgb.avi,015,006,003,002,008
S008C003P015R002A007_rgb.avi,015,007,003,002,008
S008C003P015R002A008_rgb.avi,015,008,003,002,008
S008C003P015R002A009_rgb.avi,015,009,003,002,008
S008C003P015R002A014_rgb.avi,015,014,003,002,008
S008C003P015R002A015_rgb.avi,015,015,003,002,008
S008C003P019R001A005_rgb.avi,019,005,003,001,008
S008C003P019R001A006_rgb.avi,019,006,003,001,008
S008C003P019R001A007_rgb.avi,019,007,003,001,008
S008C003P019R001A008_rgb.avi,019,008,003,001,008
S008C003P019R001A009_rgb.avi,019,009,003,001,008
S008C003P019R001A014_rgb.avi,019,014,003,001,008
S008C003P019R001A015_rgb.avi,019,015,003,001,008
S008C003P019R002A005_rgb.avi,019,005,003,002,008
S008C003P019R002A006_rgb.avi,019,006,003,002,008
S008C003P019R002A007_rgb.avi,019,007,003,002,008
S008C003P019R002A008_rgb.avi,019,008,003,002,008
S008C003P019R002A009_rgb.avi,019,009,003,002,008
S008C003P019R002A014_rgb.avi,019,014,003,002,008
S008C003P019R002A015_rgb.avi,019,015,003,002,008
S008C003P025R001A005_rgb.avi,025,005,003,001,008
S008C003P025R001A006_rgb.avi,025,006,003,001,008
S008C003P025R001A007_rgb.avi,025,007,003,001,008
S008C003P025R001A008_rgb.avi,025,008,003,001,008
S008C003P025R001A009_rgb.avi,025,009,003,001,008
S008C003P025R001A014_rgb.avi,025,014,003,001,008
S008C003P025R001A015_rgb.avi,025,015,003,001,008
S008C003P025R002A005_rgb.avi,025,005,003,002,008
S008C003P025R002A006_rgb.avi,025,006,003,002,008
S008C003P025R002A007_rgb.avi,025,007,003,002,008
S008C003P025R002A008_rgb.avi,025,008,003,002,008
S008C003P025R002A009_rgb.avi,025,009,003,002,008
S008C003P025R002A014_rgb.avi,025,014,003,002,008
S008C003P025R002A015_rgb.avi,025,015,003,002,008
S008C003P031R001A005_rgb.avi,031,005,003,001,008
S008C003P031R001A006_rgb.avi,031,006,003,001,008
S008C003P031R001A007_rgb.avi,031,007,003,001,008
S008C003P031R001A008_rgb.avi,031,008,003,001,008
S008C003P031R001A009_rgb.avi,031,009,003,001,008
S008C003P031R001A014_rgb.avi,031,014,003,001,008
S008C003P031R001A015_rgb.avi,031,015,003,001,008
S008C003P031R002A005_rgb.avi,031,005,003,002,008
S008C003P031R002A006_rgb.avi,031,006,003,002,008
S008C003P031R002A007_rgb.avi,031,007,003,002,008
S008C003P031R002A008_rgb.avi,031,008,003,002,008
S008C003P031R002A009_rgb.avi,031,009,003,002,008
S008C003P031R002A014_rgb.avi,031,014,003,002,008
S008C003P031R002A015_rgb.avi,031,015,003,002,008
S008C003P034R001A005_rgb.avi,034,005,003,001,008
S008C003P034R001A006_rgb.avi,034,006,003,001,008
S008C003P034R001A007_rgb.avi,034,007,003,001,008
S008C003P034R001A008_rgb.avi,034,008,003,001,008
S008C003P034R001A009_rgb.avi,034,009,003,001,008
S008C003P034R001A014_rgb.avi,034,014,003,001,008
S008C003P034R001A015_rgb.avi,034,015,003,001,008
S008C003P034R002A005_rgb.avi,034,005,003,002,008
S008C003P034R002A006_rgb.avi,034,006,003,002,008
S008C003P034R002A007_rgb.avi,034,007,003,002,008
S008C003P034R002A008_rgb.avi,034,008,003,002,008
S008C003P034R002A009_rgb.avi,034,009,003,002,008
S008C003P034R002A014_rgb.avi,034,014,003,002,008
S008C003P034R002A015_rgb.avi,034,015,003,002,008
S008C003P035R001A005_rgb.avi,035,005,003,001,008
S008C003P035R001A006_rgb.avi,035,006,003,001,008
S008C003P035R001A007_rgb.avi,035,007,003,001,008
S008C003P035R001A008_rgb.avi,035,008,003,001,008
S008C003P035R001A009_rgb.avi,035,009,003,001,008
S008C003P035R001A014_rgb.avi,035,014,003,001,008
S008C003P035R001A015_rgb.avi,035,015,003,001,008
S008C003P035R002A005_rgb.avi,035,005,003,002,008
S008C003P035R002A006_rgb.avi,035,006,003,002,008
S008C003P035R002A007_rgb.avi,035,007,003,002,008
S008C003P035R002A008_rgb.avi,035,008,003,002,008
S008C003P035R002A009_rgb.avi,035,009,003,002,008
S008C003P035R002A014_rgb.avi,035,014,003,002,008
S008C003P035R002A015_rgb.avi,035,015,003,002,008
S009C001P008R001A005_rgb.avi,008,005,001,001,009
S009C001P008R001A006_rgb.avi,008,006,001,001,009
S009C001P008R001A007_rgb.avi,008,007,001,001,009
S009C001P008R001A008_rgb.avi,008,008,001,001,009
S009C001P008R001A009_rgb.avi,008,009,001,001,009
S009C001P008R001A014_rgb.avi,008,014,001,001,009
S009C001P008R001A015_rgb.avi,008,015,001,001,009
S009C001P008R002A005_rgb.avi,008,005,001,002,009
S009C001P008R002A006_rgb.avi,008,006,001,002,009
S009C001P008R002A007_rgb.avi,008,007,001,002,009
S009C001P008R002A008_rgb.avi,008,008,001,002,009
S009C001P008R002A009_rgb.avi,008,009,001,002,009
S009C001P008R002A014_rgb.avi,008,014,001,002,009
S009C001P008R002A015_rgb.avi,008,015,001,002,009
S009C001P015R001A005_rgb.avi,015,005,001,001,009
S009C001P015R001A006_rgb.avi,015,006,001,001,009
S009C001P015R001A007_rgb.avi,015,007,001,001,009
S009C001P015R001A008_rgb.avi,015,008,001,001,009
S009C001P015R001A009_rgb.avi,015,009,001,001,009
S009C001P015R001A014_rgb.avi,015,014,001,001,009
S009C001P015R001A015_rgb.avi,015,015,001,001,009
S009C001P015R002A005_rgb.avi,015,005,001,002,009
S009C001P015R002A006_rgb.avi,015,006,001,002,009
S009C001P015R002A007_rgb.avi,015,007,001,002,009
S009C001P015R002A008_rgb.avi,015,008,001,002,009
S009C001P015R002A009_rgb.avi,015,009,001,002,009
S009C001P015R002A014_rgb.avi,015,014,001,002,009
S009C001P015R002A015_rgb.avi,015,015,001,002,009
S009C001P016R001A005_rgb.avi,016,005,001,001,009
S009C001P016R001A006_rgb.avi,016,006,001,001,009
S009C001P016R001A007_rgb.avi,016,007,001,001,009
S009C001P016R001A008_rgb.avi,016,008,001,001,009
S009C001P016R001A009_rgb.avi,016,009,001,001,009
S009C001P016R001A014_rgb.avi,016,014,001,001,009
S009C001P016R001A015_rgb.avi,016,015,001,001,009
S009C001P016R002A005_rgb.avi,016,005,001,002,009
S009C001P016R002A006_rgb.avi,016,006,001,002,009
S009C001P016R002A007_rgb.avi,016,007,001,002,009
S009C001P016R002A008_rgb.avi,016,008,001,002,009
S009C001P016R002A009_rgb.avi,016,009,001,002,009
S009C001P016R002A014_rgb.avi,016,014,001,002,009
S009C001P016R002A015_rgb.avi,016,015,001,002,009
S009C001P017R001A005_rgb.avi,017,005,001,001,009
S009C001P017R001A006_rgb.avi,017,006,001,001,009
S009C001P017R001A007_rgb.avi,017,007,001,001,009
S009C001P017R001A008_rgb.avi,017,008,001,001,009
S009C001P017R001A009_rgb.avi,017,009,001,001,009
S009C001P017R001A014_rgb.avi,017,014,001,001,009
S009C001P017R001A015_rgb.avi,017,015,001,001,009
S009C001P017R002A005_rgb.avi,017,005,001,002,009
S009C001P017R002A006_rgb.avi,017,006,001,002,009
S009C001P017R002A007_rgb.avi,017,007,001,002,009
S009C001P017R002A008_rgb.avi,017,008,001,002,009
S009C001P017R002A009_rgb.avi,017,009,001,002,009
S009C001P017R002A014_rgb.avi,017,014,001,002,009
S009C001P017R002A015_rgb.avi,017,015,001,002,009
S009C001P019R001A005_rgb.avi,019,005,001,001,009
S009C001P019R001A006_rgb.avi,019,006,001,001,009
S009C001P019R001A007_rgb.avi,019,007,001,001,009
S009C001P019R001A008_rgb.avi,019,008,001,001,009
S009C001P019R001A009_rgb.avi,019,009,001,001,009
S009C001P019R001A014_rgb.avi,019,014,001,001,009
S009C001P019R001A015_rgb.avi,019,015,001,001,009
S009C001P019R002A005_rgb.avi,019,005,001,002,009
S009C001P019R002A006_rgb.avi,019,006,001,002,009
S009C001P019R002A007_rgb.avi,019,007,001,002,009
S009C001P019R002A008_rgb.avi,019,008,001,002,009
S009C001P019R002A009_rgb.avi,019,009,001,002,009
S009C001P019R002A014_rgb.avi,019,014,001,002,009
S009C001P019R002A015_rgb.avi,019,015,001,002,009
S009C001P025R001A005_rgb.avi,025,005,001,001,009
S009C001P025R001A006_rgb.avi,025,006,001,001,009
S009C001P025R001A007_rgb.avi,025,007,001,001,009
S009C001P025R001A008_rgb.avi,025,008,001,001,009
S009C001P025R001A009_rgb.avi,025,009,001,001,009
S009C001P025R001A014_rgb.avi,025,014,001,001,009
S009C001P025R001A015_rgb.avi,025,015,001,001,009
S009C001P025R002A005_rgb.avi,025,005,001,002,009
S009C001P025R002A006_rgb.avi,025,006,001,002,009
S009C001P025R002A007_rgb.avi,025,007,001,002,009
S009C001P025R002A008_rgb.avi,025,008,001,002,009
S009C001P025R002A009_rgb.avi,025,009,001,002,009
S009C001P025R002A014_rgb.avi,025,014,001,002,009
S009C001P025R002A015_rgb.avi,025,015,001,002,009
S009C002P008R001A005_rgb.avi,008,005,002,001,009
S009C002P008R001A006_rgb.avi,008,006,002,001,009
S009C002P008R001A007_rgb.avi,008,007,002,001,009
S009C002P008R001A008_rgb.avi,008,008,002,001,009
S009C002P008R001A009_rgb.avi,008,009,002,001,009
S009C002P008R001A014_rgb.avi,008,014,002,001,009
S009C002P008R001A015_rgb.avi,008,015,002,001,009
S009C002P008R002A005_rgb.avi,008,005,002,002,009
S009C002P008R002A006_rgb.avi,008,006,002,002,009
S009C002P008R002A007_rgb.avi,008,007,002,002,009
S009C002P008R002A008_rgb.avi,008,008,002,002,009
S009C002P008R002A009_rgb.avi,008,009,002,002,009
S009C002P008R002A014_rgb.avi,008,014,002,002,009
S009C002P008R002A015_rgb.avi,008,015,002,002,009
S009C002P015R001A005_rgb.avi,015,005,002,001,009
S009C002P015R001A006_rgb.avi,015,006,002,001,009
S009C002P015R001A007_rgb.avi,015,007,002,001,009
S009C002P015R001A008_rgb.avi,015,008,002,001,009
S009C002P015R001A009_rgb.avi,015,009,002,001,009
S009C002P015R001A014_rgb.avi,015,014,002,001,009
S009C002P015R001A015_rgb.avi,015,015,002,001,009
S009C002P015R002A005_rgb.avi,015,005,002,002,009
S009C002P015R002A006_rgb.avi,015,006,002,002,009
S009C002P015R002A007_rgb.avi,015,007,002,002,009
S009C002P015R002A008_rgb.avi,015,008,002,002,009
S009C002P015R002A009_rgb.avi,015,009,002,002,009
S009C002P015R002A014_rgb.avi,015,014,002,002,009
S009C002P015R002A015_rgb.avi,015,015,002,002,009
S009C002P016R001A005_rgb.avi,016,005,002,001,009
S009C002P016R001A006_rgb.avi,016,006,002,001,009
S009C002P016R001A007_rgb.avi,016,007,002,001,009
S009C002P016R001A008_rgb.avi,016,008,002,001,009
S009C002P016R001A009_rgb.avi,016,009,002,001,009
S009C002P016R001A014_rgb.avi,016,014,002,001,009
S009C002P016R001A015_rgb.avi,016,015,002,001,009
S009C002P016R002A005_rgb.avi,016,005,002,002,009
S009C002P016R002A006_rgb.avi,016,006,002,002,009
S009C002P016R002A007_rgb.avi,016,007,002,002,009
S009C002P016R002A008_rgb.avi,016,008,002,002,009
S009C002P016R002A009_rgb.avi,016,009,002,002,009
S009C002P016R002A014_rgb.avi,016,014,002,002,009
S009C002P016R002A015_rgb.avi,016,015,002,002,009
S009C002P017R001A005_rgb.avi,017,005,002,001,009
S009C002P017R001A006_rgb.avi,017,006,002,001,009
S009C002P017R001A007_rgb.avi,017,007,002,001,009
S009C002P017R001A008_rgb.avi,017,008,002,001,009
S009C002P017R001A009_rgb.avi,017,009,002,001,009
S009C002P017R001A014_rgb.avi,017,014,002,001,009
S009C002P017R001A015_rgb.avi,017,015,002,001,009
S009C002P017R002A005_rgb.avi,017,005,002,002,009
S009C002P017R002A006_rgb.avi,017,006,002,002,009
S009C002P017R002A007_rgb.avi,017,007,002,002,009
S009C002P017R002A008_rgb.avi,017,008,002,002,009
S009C002P017R002A009_rgb.avi,017,009,002,002,009
S009C002P017R002A014_rgb.avi,017,014,002,002,009
S009C002P017R002A015_rgb.avi,017,015,002,002,009
S009C002P019R001A005_rgb.avi,019,005,002,001,009
S009C002P019R001A006_rgb.avi,019,006,002,001,009
S009C002P019R001A007_rgb.avi,019,007,002,001,009
S009C002P019R001A008_rgb.avi,019,008,002,001,009
S009C002P019R001A009_rgb.avi,019,009,002,001,009
S009C002P019R001A014_rgb.avi,019,014,002,001,009
S009C002P019R001A015_rgb.avi,019,015,002,001,009
S009C002P019R002A005_rgb.avi,019,005,002,002,009
S009C002P019R002A006_rgb.avi,019,006,002,002,009
S009C002P019R002A007_rgb.avi,019,007,002,002,009
S009C002P019R002A008_rgb.avi,019,008,002,002,009
S009C002P019R002A009_rgb.avi,019,009,002,002,009
S009C002P019R002A014_rgb.avi,019,014,002,002,009
S009C002P019R002A015_rgb.avi,019,015,002,002,009
S009C002P025R001A005_rgb.avi,025,005,002,001,009
S009C002P025R001A006_rgb.avi,025,006,002,001,009
S009C002P025R001A007_rgb.avi,025,007,002,001,009
S009C002P025R001A008_rgb.avi,025,008,002,001,009
S009C002P025R001A009_rgb.avi,025,009,002,001,009
S009C002P025R001A014_rgb.avi,025,014,002,001,009
S009C002P025R001A015_rgb.avi,025,015,002,001,009
S009C002P025R002A005_rgb.avi,025,005,002,002,009
S009C002P025R002A006_rgb.avi,025,006,002,002,009
S009C002P025R002A007_rgb.avi,025,007,002,002,009
S009C002P025R002A008_rgb.avi,025,008,002,002,009
S009C002P025R002A009_rgb.avi,025,009,002,002,009
S009C002P025R002A014_rgb.avi,025,014,002,002,009
S009C002P025R002A015_rgb.avi,025,015,002,002,009
S009C003P008R001A005_rgb.avi,008,005,003,001,009
S009C003P008R001A006_rgb.avi,008,006,003,001,009
S009C003P008R001A007_rgb.avi,008,007,003,001,009
S009C003P008R001A008_rgb.avi,008,008,003,001,009
S009C003P008R001A009_rgb.avi,008,009,003,001,009
S009C003P008R001A014_rgb.avi,008,014,003,001,009
S009C003P008R001A015_rgb.avi,008,015,003,001,009
S009C003P008R002A005_rgb.avi,008,005,003,002,009
S009C003P008R002A006_rgb.avi,008,006,003,002,009
S009C003P008R002A007_rgb.avi,008,007,003,002,009
S009C003P008R002A008_rgb.avi,008,008,003,002,009
S009C003P008R002A009_rgb.avi,008,009,003,002,009
S009C003P008R002A014_rgb.avi,008,014,003,002,009
S009C003P008R002A015_rgb.avi,008,015,003,002,009
S009C003P015R001A005_rgb.avi,015,005,003,001,009
S009C003P015R001A006_rgb.avi,015,006,003,001,009
S009C003P015R001A007_rgb.avi,015,007,003,001,009
S009C003P015R001A008_rgb.avi,015,008,003,001,009
S009C003P015R001A009_rgb.avi,015,009,003,001,009
S009C003P015R001A014_rgb.avi,015,014,003,001,009
S009C003P015R001A015_rgb.avi,015,015,003,001,009
S009C003P015R002A005_rgb.avi,015,005,003,002,009
S009C003P015R002A006_rgb.avi,015,006,003,002,009
S009C003P015R002A007_rgb.avi,015,007,003,002,009
S009C003P015R002A008_rgb.avi,015,008,003,002,009
S009C003P015R002A009_rgb.avi,015,009,003,002,009
S009C003P015R002A014_rgb.avi,015,014,003,002,009
S009C003P015R002A015_rgb.avi,015,015,003,002,009
S009C003P016R001A005_rgb.avi,016,005,003,001,009
S009C003P016R001A006_rgb.avi,016,006,003,001,009
S009C003P016R001A007_rgb.avi,016,007,003,001,009
S009C003P016R001A008_rgb.avi,016,008,003,001,009
S009C003P016R001A009_rgb.avi,016,009,003,001,009
S009C003P016R001A014_rgb.avi,016,014,003,001,009
S009C003P016R001A015_rgb.avi,016,015,003,001,009
S009C003P016R002A005_rgb.avi,016,005,003,002,009
S009C003P016R002A006_rgb.avi,016,006,003,002,009
S009C003P016R002A007_rgb.avi,016,007,003,002,009
S009C003P016R002A008_rgb.avi,016,008,003,002,009
S009C003P016R002A009_rgb.avi,016,009,003,002,009
S009C003P016R002A014_rgb.avi,016,014,003,002,009
S009C003P016R002A015_rgb.avi,016,015,003,002,009
S009C003P017R001A005_rgb.avi,017,005,003,001,009
S009C003P017R001A006_rgb.avi,017,006,003,001,009
S009C003P017R001A007_rgb.avi,017,007,003,001,009
S009C003P017R001A008_rgb.avi,017,008,003,001,009
S009C003P017R001A009_rgb.avi,017,009,003,001,009
S009C003P017R001A014_rgb.avi,017,014,003,001,009
S009C003P017R001A015_rgb.avi,017,015,003,001,009
S009C003P017R002A005_rgb.avi,017,005,003,002,009
S009C003P017R002A006_rgb.avi,017,006,003,002,009
S009C003P017R002A007_rgb.avi,017,007,003,002,009
S009C003P017R002A008_rgb.avi,017,008,003,002,009
S009C003P017R002A009_rgb.avi,017,009,003,002,009
S009C003P017R002A014_rgb.avi,017,014,003,002,009
S009C003P017R002A015_rgb.avi,017,015,003,002,009
S009C003P019R001A005_rgb.avi,019,005,003,001,009
S009C003P019R001A006_rgb.avi,019,006,003,001,009
S009C003P019R001A007_rgb.avi,019,007,003,001,009
S009C003P019R001A008_rgb.avi,019,008,003,001,009
S009C003P019R001A009_rgb.avi,019,009,003,001,009
S009C003P019R001A014_rgb.avi,019,014,003,001,009
S009C003P019R001A015_rgb.avi,019,015,003,001,009
S009C003P019R002A005_rgb.avi,019,005,003,002,009
S009C003P019R002A006_rgb.avi,019,006,003,002,009
S009C003P019R002A007_rgb.avi,019,007,003,002,009
S009C003P019R002A008_rgb.avi,019,008,003,002,009
S009C003P019R002A009_rgb.avi,019,009,003,002,009
S009C003P019R002A014_rgb.avi,019,014,003,002,009
S009C003P019R002A015_rgb.avi,019,015,003,002,009
S009C003P025R001A005_rgb.avi,025,005,003,001,009
S009C003P025R001A006_rgb.avi,025,006,003,001,009
S009C003P025R001A007_rgb.avi,025,007,003,001,009
S009C003P025R001A008_rgb.avi,025,008,003,001,009
S009C003P025R001A009_rgb.avi,025,009,003,001,009
S009C003P025R001A014_rgb.avi,025,014,003,001,009
S009C003P025R001A015_rgb.avi,025,015,003,001,009
S009C003P025R002A005_rgb.avi,025,005,003,002,009
S009C003P025R002A006_rgb.avi,025,006,003,002,009
S009C003P025R002A007_rgb.avi,025,007,003,002,009
S009C003P025R002A008_rgb.avi,025,008,003,002,009
S009C003P025R002A009_rgb.avi,025,009,003,002,009
S009C003P025R002A014_rgb.avi,025,014,003,002,009
S009C003P025R002A015_rgb.avi,025,015,003,002,009
S010C001P008R001A005_rgb.avi,008,005,001,001,010
S010C001P008R001A006_rgb.avi,008,006,001,001,010
S010C001P008R001A007_rgb.avi,008,007,001,001,010
S010C001P008R001A008_rgb.avi,008,008,001,001,010
S010C001P008R001A009_rgb.avi,008,009,001,001,010
S010C001P008R001A014_rgb.avi,008,014,001,001,010
S010C001P008R001A015_rgb.avi,008,015,001,001,010
S010C001P008R002A005_rgb.avi,008,005,001,002,010
S010C001P008R002A006_rgb.avi,008,006,001,002,010
S010C001P008R002A007_rgb.avi,008,007,001,002,010
S010C001P008R002A008_rgb.avi,008,008,001,002,010
S010C001P008R002A009_rgb.avi,008,009,001,002,010
S010C001P008R002A014_rgb.avi,008,014,001,002,010
S010C001P008R002A015_rgb.avi,008,015,001,002,010
S010C001P013R001A005_rgb.avi,013,005,001,001,010
S010C001P013R001A006_rgb.avi,013,006,001,001,010
S010C001P013R001A007_rgb.avi,013,007,001,001,010
S010C001P013R001A008_rgb.avi,013,008,001,001,010
S010C001P013R001A009_rgb.avi,013,009,001,001,010
S010C001P013R001A014_rgb.avi,013,014,001,001,010
S010C001P013R001A015_rgb.avi,013,015,001,001,010
S010C001P013R002A005_rgb.avi,013,005,001,002,010
S010C001P013R002A006_rgb.avi,013,006,001,002,010
S010C001P013R002A007_rgb.avi,013,007,001,002,010
S010C001P013R002A008_rgb.avi,013,008,001,002,010
S010C001P013R002A009_rgb.avi,013,009,001,002,010
S010C001P013R002A014_rgb.avi,013,014,001,002,010
S010C001P013R002A015_rgb.avi,013,015,001,002,010
S010C001P015R001A005_rgb.avi,015,005,001,001,010
S010C001P015R001A006_rgb.avi,015,006,001,001,010
S010C001P015R001A007_rgb.avi,015,007,001,001,010
S010C001P015R001A008_rgb.avi,015,008,001,001,010
S010C001P015R001A009_rgb.avi,015,009,001,001,010
S010C001P015R001A014_rgb.avi,015,014,001,001,010
S010C001P015R001A015_rgb.avi,015,015,001,001,010
S010C001P015R002A005_rgb.avi,015,005,001,002,010
S010C001P015R002A006_rgb.avi,015,006,001,002,010
S010C001P015R002A007_rgb.avi,015,007,001,002,010
S010C001P015R002A008_rgb.avi,015,008,001,002,010
S010C001P015R002A009_rgb.avi,015,009,001,002,010
S010C001P015R002A014_rgb.avi,015,014,001,002,010
S010C001P015R002A015_rgb.avi,015,015,001,002,010
S010C001P016R001A005_rgb.avi,016,005,001,001,010
S010C001P016R001A006_rgb.avi,016,006,001,001,010
S010C001P016R001A007_rgb.avi,016,007,001,001,010
S010C001P016R001A008_rgb.avi,016,008,001,001,010
S010C001P016R001A009_rgb.avi,016,009,001,001,010
S010C001P016R001A014_rgb.avi,016,014,001,001,010
S010C001P016R001A015_rgb.avi,016,015,001,001,010
S010C001P016R002A005_rgb.avi,016,005,001,002,010
S010C001P016R002A006_rgb.avi,016,006,001,002,010
S010C001P016R002A007_rgb.avi,016,007,001,002,010
S010C001P016R002A008_rgb.avi,016,008,001,002,010
S010C001P016R002A009_rgb.avi,016,009,001,002,010
S010C001P016R002A014_rgb.avi,016,014,001,002,010
S010C001P016R002A015_rgb.avi,016,015,001,002,010
S010C001P017R001A005_rgb.avi,017,005,001,001,010
S010C001P017R001A006_rgb.avi,017,006,001,001,010
S010C001P017R001A007_rgb.avi,017,007,001,001,010
S010C001P017R001A008_rgb.avi,017,008,001,001,010
S010C001P017R001A009_rgb.avi,017,009,001,001,010
S010C001P017R001A014_rgb.avi,017,014,001,001,010
S010C001P017R001A015_rgb.avi,017,015,001,001,010
S010C001P017R002A005_rgb.avi,017,005,001,002,010
S010C001P017R002A006_rgb.avi,017,006,001,002,010
S010C001P017R002A007_rgb.avi,017,007,001,002,010
S010C001P017R002A008_rgb.avi,017,008,001,002,010
S010C001P017R002A009_rgb.avi,017,009,001,002,010
S010C001P017R002A014_rgb.avi,017,014,001,002,010
S010C001P017R002A015_rgb.avi,017,015,001,002,010
S010C001P018R001A005_rgb.avi,018,005,001,001,010
S010C001P018R001A006_rgb.avi,018,006,001,001,010
S010C001P018R001A007_rgb.avi,018,007,001,001,010
S010C001P018R001A008_rgb.avi,018,008,001,001,010
S010C001P018R001A009_rgb.avi,018,009,001,001,010
S010C001P018R001A014_rgb.avi,018,014,001,001,010
S010C001P018R001A015_rgb.avi,018,015,001,001,010
S010C001P018R002A005_rgb.avi,018,005,001,002,010
S010C001P018R002A006_rgb.avi,018,006,001,002,010
S010C001P018R002A007_rgb.avi,018,007,001,002,010
S010C001P018R002A008_rgb.avi,018,008,001,002,010
S010C001P018R002A009_rgb.avi,018,009,001,002,010
S010C001P018R002A014_rgb.avi,018,014,001,002,010
S010C001P018R002A015_rgb.avi,018,015,001,002,010
S010C001P019R001A005_rgb.avi,019,005,001,001,010
S010C001P019R001A006_rgb.avi,019,006,001,001,010
S010C001P019R001A007_rgb.avi,019,007,001,001,010
S010C001P019R001A008_rgb.avi,019,008,001,001,010
S010C001P019R001A009_rgb.avi,019,009,001,001,010
S010C001P019R001A014_rgb.avi,019,014,001,001,010
S010C001P019R001A015_rgb.avi,019,015,001,001,010
S010C001P019R002A005_rgb.avi,019,005,001,002,010
S010C001P019R002A006_rgb.avi,019,006,001,002,010
S010C001P019R002A007_rgb.avi,019,007,001,002,010
S010C001P019R002A008_rgb.avi,019,008,001,002,010
S010C001P019R002A009_rgb.avi,019,009,001,002,010
S010C001P019R002A014_rgb.avi,019,014,001,002,010
S010C001P019R002A015_rgb.avi,019,015,001,002,010
S010C001P025R001A005_rgb.avi,025,005,001,001,010
S010C001P025R001A006_rgb.avi,025,006,001,001,010
S010C001P025R001A007_rgb.avi,025,007,001,001,010
S010C001P025R001A008_rgb.avi,025,008,001,001,010
S010C001P025R001A009_rgb.avi,025,009,001,001,010
S010C001P025R001A014_rgb.avi,025,014,001,001,010
S010C001P025R001A015_rgb.avi,025,015,001,001,010
S010C001P025R002A005_rgb.avi,025,005,001,002,010
S010C001P025R002A006_rgb.avi,025,006,001,002,010
S010C001P025R002A007_rgb.avi,025,007,001,002,010
S010C001P025R002A008_rgb.avi,025,008,001,002,010
S010C001P025R002A009_rgb.avi,025,009,001,002,010
S010C001P025R002A014_rgb.avi,025,014,001,002,010
S010C001P025R002A015_rgb.avi,025,015,001,002,010
S010C002P008R001A005_rgb.avi,008,005,002,001,010
S010C002P008R001A006_rgb.avi,008,006,002,001,010
S010C002P008R001A007_rgb.avi,008,007,002,001,010
S010C002P008R001A008_rgb.avi,008,008,002,001,010
S010C002P008R001A009_rgb.avi,008,009,002,001,010
S010C002P008R001A014_rgb.avi,008,014,002,001,010
S010C002P008R001A015_rgb.avi,008,015,002,001,010
S010C002P008R002A005_rgb.avi,008,005,002,002,010
S010C002P008R002A006_rgb.avi,008,006,002,002,010
S010C002P008R002A007_rgb.avi,008,007,002,002,010
S010C002P008R002A008_rgb.avi,008,008,002,002,010
S010C002P008R002A009_rgb.avi,008,009,002,002,010
S010C002P008R002A014_rgb.avi,008,014,002,002,010
S010C002P008R002A015_rgb.avi,008,015,002,002,010
S010C002P013R001A005_rgb.avi,013,005,002,001,010
S010C002P013R001A006_rgb.avi,013,006,002,001,010
S010C002P013R001A007_rgb.avi,013,007,002,001,010
S010C002P013R001A008_rgb.avi,013,008,002,001,010
S010C002P013R001A009_rgb.avi,013,009,002,001,010
S010C002P013R001A014_rgb.avi,013,014,002,001,010
S010C002P013R001A015_rgb.avi,013,015,002,001,010
S010C002P013R002A005_rgb.avi,013,005,002,002,010
S010C002P013R002A006_rgb.avi,013,006,002,002,010
S010C002P013R002A007_rgb.avi,013,007,002,002,010
S010C002P013R002A008_rgb.avi,013,008,002,002,010
S010C002P013R002A009_rgb.avi,013,009,002,002,010
S010C002P013R002A014_rgb.avi,013,014,002,002,010
S010C002P013R002A015_rgb.avi,013,015,002,002,010
S010C002P015R001A005_rgb.avi,015,005,002,001,010
S010C002P015R001A006_rgb.avi,015,006,002,001,010
S010C002P015R001A007_rgb.avi,015,007,002,001,010
S010C002P015R001A008_rgb.avi,015,008,002,001,010
S010C002P015R001A009_rgb.avi,015,009,002,001,010
S010C002P015R001A014_rgb.avi,015,014,002,001,010
S010C002P015R001A015_rgb.avi,015,015,002,001,010
S010C002P015R002A005_rgb.avi,015,005,002,002,010
S010C002P015R002A006_rgb.avi,015,006,002,002,010
S010C002P015R002A007_rgb.avi,015,007,002,002,010
S010C002P015R002A008_rgb.avi,015,008,002,002,010
S010C002P015R002A009_rgb.avi,015,009,002,002,010
S010C002P015R002A014_rgb.avi,015,014,002,002,010
S010C002P015R002A015_rgb.avi,015,015,002,002,010
S010C002P016R001A005_rgb.avi,016,005,002,001,010
S010C002P016R001A006_rgb.avi,016,006,002,001,010
S010C002P016R001A007_rgb.avi,016,007,002,001,010
S010C002P016R001A008_rgb.avi,016,008,002,001,010
S010C002P016R001A009_rgb.avi,016,009,002,001,010
S010C002P016R001A014_rgb.avi,016,014,002,001,010
S010C002P016R001A015_rgb.avi,016,015,002,001,010
S010C002P016R002A005_rgb.avi,016,005,002,002,010
S010C002P016R002A006_rgb.avi,016,006,002,002,010
S010C002P016R002A007_rgb.avi,016,007,002,002,010
S010C002P016R002A008_rgb.avi,016,008,002,002,010
S010C002P016R002A009_rgb.avi,016,009,002,002,010
S010C002P016R002A014_rgb.avi,016,014,002,002,010
S010C002P016R002A015_rgb.avi,016,015,002,002,010
S010C002P017R001A005_rgb.avi,017,005,002,001,010
S010C002P017R001A006_rgb.avi,017,006,002,001,010
S010C002P017R001A007_rgb.avi,017,007,002,001,010
S010C002P017R001A008_rgb.avi,017,008,002,001,010
S010C002P017R001A009_rgb.avi,017,009,002,001,010
S010C002P017R001A014_rgb.avi,017,014,002,001,010
S010C002P017R001A015_rgb.avi,017,015,002,001,010
S010C002P017R002A005_rgb.avi,017,005,002,002,010
S010C002P017R002A006_rgb.avi,017,006,002,002,010
S010C002P017R002A007_rgb.avi,017,007,002,002,010
S010C002P017R002A008_rgb.avi,017,008,002,002,010
S010C002P017R002A009_rgb.avi,017,009,002,002,010
S010C002P017R002A014_rgb.avi,017,014,002,002,010
S010C002P017R002A015_rgb.avi,017,015,002,002,010
S010C002P018R001A005_rgb.avi,018,005,002,001,010
S010C002P018R001A006_rgb.avi,018,006,002,001,010
S010C002P018R001A007_rgb.avi,018,007,002,001,010
S010C002P018R001A008_rgb.avi,018,008,002,001,010
S010C002P018R001A009_rgb.avi,018,009,002,001,010
S010C002P018R001A014_rgb.avi,018,014,002,001,010
S010C002P018R001A015_rgb.avi,018,015,002,001,010
S010C002P018R002A005_rgb.avi,018,005,002,002,010
S010C002P018R002A006_rgb.avi,018,006,002,002,010
S010C002P018R002A007_rgb.avi,018,007,002,002,010
S010C002P018R002A008_rgb.avi,018,008,002,002,010
S010C002P018R002A009_rgb.avi,018,009,002,002,010
S010C002P018R002A014_rgb.avi,018,014,002,002,010
S010C002P018R002A015_rgb.avi,018,015,002,002,010
S010C002P019R001A005_rgb.avi,019,005,002,001,010
S010C002P019R001A006_rgb.avi,019,006,002,001,010
S010C002P019R001A007_rgb.avi,019,007,002,001,010
S010C002P019R001A008_rgb.avi,019,008,002,001,010
S010C002P019R001A009_rgb.avi,019,009,002,001,010
S010C002P019R001A014_rgb.avi,019,014,002,001,010
S010C002P019R001A015_rgb.avi,019,015,002,001,010
S010C002P019R002A005_rgb.avi,019,005,002,002,010
S010C002P019R002A006_rgb.avi,019,006,002,002,010
S010C002P019R002A007_rgb.avi,019,007,002,002,010
S010C002P019R002A008_rgb.avi,019,008,002,002,010
S010C002P019R002A009_rgb.avi,019,009,002,002,010
S010C002P019R002A014_rgb.avi,019,014,002,002,010
S010C002P019R002A015_rgb.avi,019,015,002,002,010
S010C002P025R001A005_rgb.avi,025,005,002,001,010
S010C002P025R001A006_rgb.avi,025,006,002,001,010
S010C002P025R001A007_rgb.avi,025,007,002,001,010
S010C002P025R001A008_rgb.avi,025,008,002,001,010
S010C002P025R001A009_rgb.avi,025,009,002,001,010
S010C002P025R001A014_rgb.avi,025,014,002,001,010
S010C002P025R001A015_rgb.avi,025,015,002,001,010
S010C002P025R002A005_rgb.avi,025,005,002,002,010
S010C002P025R002A006_rgb.avi,025,006,002,002,010
S010C002P025R002A007_rgb.avi,025,007,002,002,010
S010C002P025R002A008_rgb.avi,025,008,002,002,010
S010C002P025R002A009_rgb.avi,025,009,002,002,010
S010C002P025R002A014_rgb.avi,025,014,002,002,010
S010C002P025R002A015_rgb.avi,025,015,002,002,010
S010C003P008R001A005_rgb.avi,008,005,003,001,010
S010C003P008R001A006_rgb.avi,008,006,003,001,010
S010C003P008R001A007_rgb.avi,008,007,003,001,010
S010C003P008R001A008_rgb.avi,008,008,003,001,010
S010C003P008R001A009_rgb.avi,008,009,003,001,010
S010C003P008R001A014_rgb.avi,008,014,003,001,010
S010C003P008R001A015_rgb.avi,008,015,003,001,010
S010C003P008R002A005_rgb.avi,008,005,003,002,010
S010C003P008R002A006_rgb.avi,008,006,003,002,010
S010C003P008R002A007_rgb.avi,008,007,003,002,010
S010C003P008R002A008_rgb.avi,008,008,003,002,010
S010C003P008R002A009_rgb.avi,008,009,003,002,010
S010C003P008R002A014_rgb.avi,008,014,003,002,010
S010C003P008R002A015_rgb.avi,008,015,003,002,010
S010C003P013R001A005_rgb.avi,013,005,003,001,010
S010C003P013R001A006_rgb.avi,013,006,003,001,010
S010C003P013R001A007_rgb.avi,013,007,003,001,010
S010C003P013R001A008_rgb.avi,013,008,003,001,010
S010C003P013R001A009_rgb.avi,013,009,003,001,010
S010C003P013R001A014_rgb.avi,013,014,003,001,010
S010C003P013R001A015_rgb.avi,013,015,003,001,010
S010C003P013R002A005_rgb.avi,013,005,003,002,010
S010C003P013R002A006_rgb.avi,013,006,003,002,010
S010C003P013R002A007_rgb.avi,013,007,003,002,010
S010C003P013R002A008_rgb.avi,013,008,003,002,010
S010C003P013R002A009_rgb.avi,013,009,003,002,010
S010C003P013R002A014_rgb.avi,013,014,003,002,010
S010C003P013R002A015_rgb.avi,013,015,003,002,010
S010C003P015R001A005_rgb.avi,015,005,003,001,010
S010C003P015R001A006_rgb.avi,015,006,003,001,010
S010C003P015R001A007_rgb.avi,015,007,003,001,010
S010C003P015R001A008_rgb.avi,015,008,003,001,010
S010C003P015R001A009_rgb.avi,015,009,003,001,010
S010C003P015R001A014_rgb.avi,015,014,003,001,010
S010C003P015R001A015_rgb.avi,015,015,003,001,010
S010C003P015R002A005_rgb.avi,015,005,003,002,010
S010C003P015R002A006_rgb.avi,015,006,003,002,010
S010C003P015R002A007_rgb.avi,015,007,003,002,010
S010C003P015R002A008_rgb.avi,015,008,003,002,010
S010C003P015R002A009_rgb.avi,015,009,003,002,010
S010C003P015R002A014_rgb.avi,015,014,003,002,010
S010C003P015R002A015_rgb.avi,015,015,003,002,010
S010C003P016R001A005_rgb.avi,016,005,003,001,010
S010C003P016R001A006_rgb.avi,016,006,003,001,010
S010C003P016R001A007_rgb.avi,016,007,003,001,010
S010C003P016R001A008_rgb.avi,016,008,003,001,010
S010C003P016R001A009_rgb.avi,016,009,003,001,010
S010C003P016R001A014_rgb.avi,016,014,003,001,010
S010C003P016R001A015_rgb.avi,016,015,003,001,010
S010C003P016R002A005_rgb.avi,016,005,003,002,010
S010C003P016R002A006_rgb.avi,016,006,003,002,010
S010C003P016R002A007_rgb.avi,016,007,003,002,010
S010C003P016R002A008_rgb.avi,016,008,003,002,010
S010C003P016R002A009_rgb.avi,016,009,003,002,010
S010C003P016R002A014_rgb.avi,016,014,003,002,010
S010C003P016R002A015_rgb.avi,016,015,003,002,010
S010C003P017R001A005_rgb.avi,017,005,003,001,010
S010C003P017R001A006_rgb.avi,017,006,003,001,010
S010C003P017R001A007_rgb.avi,017,007,003,001,010
S010C003P017R001A008_rgb.avi,017,008,003,001,010
S010C003P017R001A009_rgb.avi,017,009,003,001,010
S010C003P017R001A014_rgb.avi,017,014,003,001,010
S010C003P017R001A015_rgb.avi,017,015,003,001,010
S010C003P017R002A005_rgb.avi,017,005,003,002,010
S010C003P017R002A006_rgb.avi,017,006,003,002,010
S010C003P017R002A007_rgb.avi,017,007,003,002,010
S010C003P017R002A008_rgb.avi,017,008,003,002,010
S010C003P017R002A009_rgb.avi,017,009,003,002,010
S010C003P017R002A014_rgb.avi,017,014,003,002,010
S010C003P017R002A015_rgb.avi,017,015,003,002,010
S010C003P018R001A005_rgb.avi,018,005,003,001,010
S010C003P018R001A006_rgb.avi,018,006,003,001,010
S010C003P018R001A007_rgb.avi,018,007,003,001,010
S010C003P018R001A008_rgb.avi,018,008,003,001,010
S010C003P018R001A009_rgb.avi,018,009,003,001,010
S010C003P018R001A014_rgb.avi,018,014,003,001,010
S010C003P018R001A015_rgb.avi,018,015,003,001,010
S010C003P018R002A005_rgb.avi,018,005,003,002,010
S010C003P018R002A006_rgb.avi,018,006,003,002,010
S010C003P018R002A007_rgb.avi,018,007,003,002,010
S010C003P018R002A008_rgb.avi,018,008,003,002,010
S010C003P018R002A009_rgb.avi,018,009,003,002,010
S010C003P018R002A014_rgb.avi,018,014,003,002,010
S010C003P018R002A015_rgb.avi,018,015,003,002,010
S010C003P019R001A005_rgb.avi,019,005,003,001,010
S010C003P019R001A006_rgb.avi,019,006,003,001,010
S010C003P019R001A007_rgb.avi,019,007,003,001,010
S010C003P019R001A008_rgb.avi,019,008,003,001,010
S010C003P019R001A009_rgb.avi,019,009,003,001,010
S010C003P019R001A014_rgb.avi,019,014,003,001,010
S010C003P019R001A015_rgb.avi,019,015,003,001,010
S010C003P019R002A005_rgb.avi,019,005,003,002,010
S010C003P019R002A006_rgb.avi,019,006,003,002,010
S010C003P019R002A007_rgb.avi,019,007,003,002,010
S010C003P019R002A008_rgb.avi,019,008,003,002,010
S010C003P019R002A009_rgb.avi,019,009,003,002,010
S010C003P019R002A014_rgb.avi,019,014,003,002,010
S010C003P019R002A015_rgb.avi,019,015,003,002,010
S010C003P025R001A005_rgb.avi,025,005,003,001,010
S010C003P025R001A006_rgb.avi,025,006,003,001,010
S010C003P025R001A007_rgb.avi,025,007,003,001,010
S010C003P025R001A008_rgb.avi,025,008,003,001,010
S010C003P025R001A009_rgb.avi,025,009,003,001,010
S010C003P025R001A014_rgb.avi,025,014,003,001,010
S010C003P025R001A015_rgb.avi,025,015,003,001,010
S010C003P025R002A005_rgb.avi,025,005,003,002,010
S010C003P025R002A006_rgb.avi,025,006,003,002,010
S010C003P025R002A007_rgb.avi,025,007,003,002,010
S010C003P025R002A008_rgb.avi,025,008,003,002,010
S010C003P025R002A009_rgb.avi,025,009,003,002,010
S010C003P025R002A014_rgb.avi,025,014,003,002,010
S010C003P025R002A015_rgb.avi,025,015,003,002,010
S011C001P001R001A005_rgb.avi,001,005,001,001,011
S011C001P001R001A006_rgb.avi,001,006,001,001,011
S011C001P001R001A007_rgb.avi,001,007,001,001,011
S011C001P001R001A008_rgb.avi,001,008,001,001,011
S011C001P001R001A009_rgb.avi,001,009,001,001,011
S011C001P001R001A014_rgb.avi,001,014,001,001,011
S011C001P001R001A015_rgb.avi,001,015,001,001,011
S011C001P001R002A005_rgb.avi,001,005,001,002,011
S011C001P001R002A006_rgb.avi,001,006,001,002,011
S011C001P001R002A007_rgb.avi,001,007,001,002,011
S011C001P001R002A008_rgb.avi,001,008,001,002,011
S011C001P001R002A009_rgb.avi,001,009,001,002,011
S011C001P001R002A014_rgb.avi,001,014,001,002,011
S011C001P001R002A015_rgb.avi,001,015,001,002,011
S011C001P002R001A005_rgb.avi,002,005,001,001,011
S011C001P002R001A006_rgb.avi,002,006,001,001,011
S011C001P002R001A007_rgb.avi,002,007,001,001,011
S011C001P002R001A008_rgb.avi,002,008,001,001,011
S011C001P002R001A009_rgb.avi,002,009,001,001,011
S011C001P002R001A014_rgb.avi,002,014,001,001,011
S011C001P002R001A015_rgb.avi,002,015,001,001,011
S011C001P002R002A005_rgb.avi,002,005,001,002,011
S011C001P002R002A006_rgb.avi,002,006,001,002,011
S011C001P002R002A007_rgb.avi,002,007,001,002,011
S011C001P002R002A008_rgb.avi,002,008,001,002,011
S011C001P002R002A009_rgb.avi,002,009,001,002,011
S011C001P002R002A014_rgb.avi,002,014,001,002,011
S011C001P002R002A015_rgb.avi,002,015,001,002,011
S011C001P008R001A005_rgb.avi,008,005,001,001,011
S011C001P008R001A006_rgb.avi,008,006,001,001,011
S011C001P008R001A007_rgb.avi,008,007,001,001,011
S011C001P008R001A008_rgb.avi,008,008,001,001,011
S011C001P008R001A009_rgb.avi,008,009,001,001,011
S011C001P008R001A014_rgb.avi,008,014,001,001,011
S011C001P008R001A015_rgb.avi,008,015,001,001,011
S011C001P008R002A005_rgb.avi,008,005,001,002,011
S011C001P008R002A006_rgb.avi,008,006,001,002,011
S011C001P008R002A007_rgb.avi,008,007,001,002,011
S011C001P008R002A008_rgb.avi,008,008,001,002,011
S011C001P008R002A009_rgb.avi,008,009,001,002,011
S011C001P008R002A014_rgb.avi,008,014,001,002,011
S011C001P008R002A015_rgb.avi,008,015,001,002,011
S011C001P015R001A005_rgb.avi,015,005,001,001,011
S011C001P015R001A006_rgb.avi,015,006,001,001,011
S011C001P015R001A007_rgb.avi,015,007,001,001,011
S011C001P015R001A008_rgb.avi,015,008,001,001,011
S011C001P015R001A009_rgb.avi,015,009,001,001,011
S011C001P015R001A014_rgb.avi,015,014,001,001,011
S011C001P015R001A015_rgb.avi,015,015,001,001,011
S011C001P015R002A005_rgb.avi,015,005,001,002,011
S011C001P015R002A006_rgb.avi,015,006,001,002,011
S011C001P015R002A007_rgb.avi,015,007,001,002,011
S011C001P015R002A008_rgb.avi,015,008,001,002,011
S011C001P015R002A009_rgb.avi,015,009,001,002,011
S011C001P015R002A014_rgb.avi,015,014,001,002,011
S011C001P015R002A015_rgb.avi,015,015,001,002,011
S011C001P016R001A005_rgb.avi,016,005,001,001,011
S011C001P016R001A006_rgb.avi,016,006,001,001,011
S011C001P016R001A007_rgb.avi,016,007,001,001,011
S011C001P016R001A008_rgb.avi,016,008,001,001,011
S011C001P016R001A009_rgb.avi,016,009,001,001,011
S011C001P016R001A014_rgb.avi,016,014,001,001,011
S011C001P016R001A015_rgb.avi,016,015,001,001,011
S011C001P016R002A005_rgb.avi,016,005,001,002,011
S011C001P016R002A006_rgb.avi,016,006,001,002,011
S011C001P016R002A007_rgb.avi,016,007,001,002,011
S011C001P016R002A008_rgb.avi,016,008,001,002,011
S011C001P016R002A009_rgb.avi,016,009,001,002,011
S011C001P016R002A014_rgb.avi,016,014,001,002,011
S011C001P016R002A015_rgb.avi,016,015,001,002,011
S011C001P017R001A005_rgb.avi,017,005,001,001,011
S011C001P017R001A006_rgb.avi,017,006,001,001,011
S011C001P017R001A007_rgb.avi,017,007,001,001,011
S011C001P017R001A008_rgb.avi,017,008,001,001,011
S011C001P017R001A009_rgb.avi,017,009,001,001,011
S011C001P017R001A014_rgb.avi,017,014,001,001,011
S011C001P017R001A015_rgb.avi,017,015,001,001,011
S011C001P017R002A005_rgb.avi,017,005,001,002,011
S011C001P017R002A006_rgb.avi,017,006,001,002,011
S011C001P017R002A007_rgb.avi,017,007,001,002,011
S011C001P017R002A008_rgb.avi,017,008,001,002,011
S011C001P017R002A009_rgb.avi,017,009,001,002,011
S011C001P017R002A014_rgb.avi,017,014,001,002,011
S011C001P017R002A015_rgb.avi,017,015,001,002,011
S011C001P018R001A005_rgb.avi,018,005,001,001,011
S011C001P018R001A006_rgb.avi,018,006,001,001,011
S011C001P018R001A007_rgb.avi,018,007,001,001,011
S011C001P018R001A008_rgb.avi,018,008,001,001,011
S011C001P018R001A009_rgb.avi,018,009,001,001,011
S011C001P018R001A014_rgb.avi,018,014,001,001,011
S011C001P018R001A015_rgb.avi,018,015,001,001,011
S011C001P018R002A005_rgb.avi,018,005,001,002,011
S011C001P018R002A006_rgb.avi,018,006,001,002,011
S011C001P018R002A007_rgb.avi,018,007,001,002,011
S011C001P018R002A008_rgb.avi,018,008,001,002,011
S011C001P018R002A009_rgb.avi,018,009,001,002,011
S011C001P018R002A014_rgb.avi,018,014,001,002,011
S011C001P018R002A015_rgb.avi,018,015,001,002,011
S011C001P019R001A005_rgb.avi,019,005,001,001,011
S011C001P019R001A006_rgb.avi,019,006,001,001,011
S011C001P019R001A007_rgb.avi,019,007,001,001,011
S011C001P019R001A008_rgb.avi,019,008,001,001,011
S011C001P019R001A009_rgb.avi,019,009,001,001,011
S011C001P019R001A014_rgb.avi,019,014,001,001,011
S011C001P019R001A015_rgb.avi,019,015,001,001,011
S011C001P019R002A005_rgb.avi,019,005,001,002,011
S011C001P019R002A006_rgb.avi,019,006,001,002,011
S011C001P019R002A007_rgb.avi,019,007,001,002,011
S011C001P019R002A008_rgb.avi,019,008,001,002,011
S011C001P019R002A009_rgb.avi,019,009,001,002,011
S011C001P019R002A014_rgb.avi,019,014,001,002,011
S011C001P019R002A015_rgb.avi,019,015,001,002,011
S011C001P025R001A005_rgb.avi,025,005,001,001,011
S011C001P025R001A006_rgb.avi,025,006,001,001,011
S011C001P025R001A007_rgb.avi,025,007,001,001,011
S011C001P025R001A008_rgb.avi,025,008,001,001,011
S011C001P025R001A009_rgb.avi,025,009,001,001,011
S011C001P025R001A014_rgb.avi,025,014,001,001,011
S011C001P025R001A015_rgb.avi,025,015,001,001,011
S011C001P025R002A005_rgb.avi,025,005,001,002,011
S011C001P025R002A006_rgb.avi,025,006,001,002,011
S011C001P025R002A007_rgb.avi,025,007,001,002,011
S011C001P025R002A008_rgb.avi,025,008,001,002,011
S011C001P025R002A009_rgb.avi,025,009,001,002,011
S011C001P025R002A014_rgb.avi,025,014,001,002,011
S011C001P025R002A015_rgb.avi,025,015,001,002,011
S011C001P027R001A005_rgb.avi,027,005,001,001,011
S011C001P027R001A006_rgb.avi,027,006,001,001,011
S011C001P027R001A007_rgb.avi,027,007,001,001,011
S011C001P027R001A008_rgb.avi,027,008,001,001,011
S011C001P027R001A009_rgb.avi,027,009,001,001,011
S011C001P027R001A014_rgb.avi,027,014,001,001,011
S011C001P027R001A015_rgb.avi,027,015,001,001,011
S011C001P027R002A005_rgb.avi,027,005,001,002,011
S011C001P027R002A006_rgb.avi,027,006,001,002,011
S011C001P027R002A007_rgb.avi,027,007,001,002,011
S011C001P027R002A008_rgb.avi,027,008,001,002,011
S011C001P027R002A009_rgb.avi,027,009,001,002,011
S011C001P027R002A014_rgb.avi,027,014,001,002,011
S011C001P027R002A015_rgb.avi,027,015,001,002,011
S011C001P028R001A005_rgb.avi,028,005,001,001,011
S011C001P028R001A006_rgb.avi,028,006,001,001,011
S011C001P028R001A007_rgb.avi,028,007,001,001,011
S011C001P028R001A008_rgb.avi,028,008,001,001,011
S011C001P028R001A009_rgb.avi,028,009,001,001,011
S011C001P028R001A014_rgb.avi,028,014,001,001,011
S011C001P028R001A015_rgb.avi,028,015,001,001,011
S011C001P028R002A005_rgb.avi,028,005,001,002,011
S011C001P028R002A006_rgb.avi,028,006,001,002,011
S011C001P028R002A007_rgb.avi,028,007,001,002,011
S011C001P028R002A008_rgb.avi,028,008,001,002,011
S011C001P028R002A009_rgb.avi,028,009,001,002,011
S011C001P028R002A014_rgb.avi,028,014,001,002,011
S011C001P028R002A015_rgb.avi,028,015,001,002,011
S011C001P038R001A005_rgb.avi,038,005,001,001,011
S011C001P038R001A006_rgb.avi,038,006,001,001,011
S011C001P038R001A007_rgb.avi,038,007,001,001,011
S011C001P038R001A008_rgb.avi,038,008,001,001,011
S011C001P038R001A009_rgb.avi,038,009,001,001,011
S011C001P038R001A014_rgb.avi,038,014,001,001,011
S011C001P038R001A015_rgb.avi,038,015,001,001,011
S011C001P038R002A005_rgb.avi,038,005,001,002,011
S011C001P038R002A006_rgb.avi,038,006,001,002,011
S011C001P038R002A007_rgb.avi,038,007,001,002,011
S011C001P038R002A008_rgb.avi,038,008,001,002,011
S011C001P038R002A009_rgb.avi,038,009,001,002,011
S011C001P038R002A014_rgb.avi,038,014,001,002,011
S011C001P038R002A015_rgb.avi,038,015,001,002,011
S011C002P001R001A005_rgb.avi,001,005,002,001,011
S011C002P001R001A006_rgb.avi,001,006,002,001,011
S011C002P001R001A007_rgb.avi,001,007,002,001,011
S011C002P001R001A008_rgb.avi,001,008,002,001,011
S011C002P001R001A009_rgb.avi,001,009,002,001,011
S011C002P001R001A014_rgb.avi,001,014,002,001,011
S011C002P001R001A015_rgb.avi,001,015,002,001,011
S011C002P001R002A005_rgb.avi,001,005,002,002,011
S011C002P001R002A006_rgb.avi,001,006,002,002,011
S011C002P001R002A007_rgb.avi,001,007,002,002,011
S011C002P001R002A008_rgb.avi,001,008,002,002,011
S011C002P001R002A009_rgb.avi,001,009,002,002,011
S011C002P001R002A014_rgb.avi,001,014,002,002,011
S011C002P001R002A015_rgb.avi,001,015,002,002,011
S011C002P002R001A005_rgb.avi,002,005,002,001,011
S011C002P002R001A006_rgb.avi,002,006,002,001,011
S011C002P002R001A007_rgb.avi,002,007,002,001,011
S011C002P002R001A008_rgb.avi,002,008,002,001,011
S011C002P002R001A009_rgb.avi,002,009,002,001,011
S011C002P002R001A014_rgb.avi,002,014,002,001,011
S011C002P002R001A015_rgb.avi,002,015,002,001,011
S011C002P002R002A005_rgb.avi,002,005,002,002,011
S011C002P002R002A006_rgb.avi,002,006,002,002,011
S011C002P002R002A007_rgb.avi,002,007,002,002,011
S011C002P002R002A008_rgb.avi,002,008,002,002,011
S011C002P002R002A009_rgb.avi,002,009,002,002,011
S011C002P002R002A014_rgb.avi,002,014,002,002,011
S011C002P002R002A015_rgb.avi,002,015,002,002,011
S011C002P008R001A005_rgb.avi,008,005,002,001,011
S011C002P008R001A006_rgb.avi,008,006,002,001,011
S011C002P008R001A007_rgb.avi,008,007,002,001,011
S011C002P008R001A008_rgb.avi,008,008,002,001,011
S011C002P008R001A009_rgb.avi,008,009,002,001,011
S011C002P008R001A014_rgb.avi,008,014,002,001,011
S011C002P008R001A015_rgb.avi,008,015,002,001,011
S011C002P008R002A005_rgb.avi,008,005,002,002,011
S011C002P008R002A006_rgb.avi,008,006,002,002,011
S011C002P008R002A007_rgb.avi,008,007,002,002,011
S011C002P008R002A008_rgb.avi,008,008,002,002,011
S011C002P008R002A009_rgb.avi,008,009,002,002,011
S011C002P008R002A014_rgb.avi,008,014,002,002,011
S011C002P008R002A015_rgb.avi,008,015,002,002,011
S011C002P015R001A005_rgb.avi,015,005,002,001,011
S011C002P015R001A006_rgb.avi,015,006,002,001,011
S011C002P015R001A007_rgb.avi,015,007,002,001,011
S011C002P015R001A008_rgb.avi,015,008,002,001,011
S011C002P015R001A009_rgb.avi,015,009,002,001,011
S011C002P015R001A014_rgb.avi,015,014,002,001,011
S011C002P015R001A015_rgb.avi,015,015,002,001,011
S011C002P015R002A005_rgb.avi,015,005,002,002,011
S011C002P015R002A006_rgb.avi,015,006,002,002,011
S011C002P015R002A007_rgb.avi,015,007,002,002,011
S011C002P015R002A008_rgb.avi,015,008,002,002,011
S011C002P015R002A009_rgb.avi,015,009,002,002,011
S011C002P015R002A014_rgb.avi,015,014,002,002,011
S011C002P015R002A015_rgb.avi,015,015,002,002,011
S011C002P016R001A005_rgb.avi,016,005,002,001,011
S011C002P016R001A006_rgb.avi,016,006,002,001,011
S011C002P016R001A007_rgb.avi,016,007,002,001,011
S011C002P016R001A008_rgb.avi,016,008,002,001,011
S011C002P016R001A009_rgb.avi,016,009,002,001,011
S011C002P016R001A014_rgb.avi,016,014,002,001,011
S011C002P016R001A015_rgb.avi,016,015,002,001,011
S011C002P016R002A005_rgb.avi,016,005,002,002,011
S011C002P016R002A006_rgb.avi,016,006,002,002,011
S011C002P016R002A007_rgb.avi,016,007,002,002,011
S011C002P016R002A008_rgb.avi,016,008,002,002,011
S011C002P016R002A009_rgb.avi,016,009,002,002,011
S011C002P016R002A014_rgb.avi,016,014,002,002,011
S011C002P016R002A015_rgb.avi,016,015,002,002,011
S011C002P017R001A005_rgb.avi,017,005,002,001,011
S011C002P017R001A006_rgb.avi,017,006,002,001,011
S011C002P017R001A007_rgb.avi,017,007,002,001,011
S011C002P017R001A008_rgb.avi,017,008,002,001,011
S011C002P017R001A009_rgb.avi,017,009,002,001,011
S011C002P017R001A014_rgb.avi,017,014,002,001,011
S011C002P017R001A015_rgb.avi,017,015,002,001,011
S011C002P017R002A005_rgb.avi,017,005,002,002,011
S011C002P017R002A006_rgb.avi,017,006,002,002,011
S011C002P017R002A007_rgb.avi,017,007,002,002,011
S011C002P017R002A008_rgb.avi,017,008,002,002,011
S011C002P017R002A009_rgb.avi,017,009,002,002,011
S011C002P017R002A014_rgb.avi,017,014,002,002,011
S011C002P017R002A015_rgb.avi,017,015,002,002,011
S011C002P018R001A005_rgb.avi,018,005,002,001,011
S011C002P018R001A006_rgb.avi,018,006,002,001,011
S011C002P018R001A007_rgb.avi,018,007,002,001,011
S011C002P018R001A008_rgb.avi,018,008,002,001,011
S011C002P018R001A009_rgb.avi,018,009,002,001,011
S011C002P018R001A014_rgb.avi,018,014,002,001,011
S011C002P018R001A015_rgb.avi,018,015,002,001,011
S011C002P018R002A005_rgb.avi,018,005,002,002,011
S011C002P018R002A006_rgb.avi,018,006,002,002,011
S011C002P018R002A007_rgb.avi,018,007,002,002,011
S011C002P018R002A008_rgb.avi,018,008,002,002,011
S011C002P018R002A009_rgb.avi,018,009,002,002,011
S011C002P018R002A014_rgb.avi,018,014,002,002,011
S011C002P018R002A015_rgb.avi,018,015,002,002,011
S011C002P019R001A005_rgb.avi,019,005,002,001,011
S011C002P019R001A006_rgb.avi,019,006,002,001,011
S011C002P019R001A007_rgb.avi,019,007,002,001,011
S011C002P019R001A008_rgb.avi,019,008,002,001,011
S011C002P019R001A009_rgb.avi,019,009,002,001,011
S011C002P019R001A014_rgb.avi,019,014,002,001,011
S011C002P019R001A015_rgb.avi,019,015,002,001,011
S011C002P019R002A005_rgb.avi,019,005,002,002,011
S011C002P019R002A006_rgb.avi,019,006,002,002,011
S011C002P019R002A007_rgb.avi,019,007,002,002,011
S011C002P019R002A008_rgb.avi,019,008,002,002,011
S011C002P019R002A009_rgb.avi,019,009,002,002,011
S011C002P019R002A014_rgb.avi,019,014,002,002,011
S011C002P019R002A015_rgb.avi,019,015,002,002,011
S011C002P025R001A005_rgb.avi,025,005,002,001,011
S011C002P025R001A006_rgb.avi,025,006,002,001,011
S011C002P025R001A007_rgb.avi,025,007,002,001,011
S011C002P025R001A008_rgb.avi,025,008,002,001,011
S011C002P025R001A009_rgb.avi,025,009,002,001,011
S011C002P025R001A014_rgb.avi,025,014,002,001,011
S011C002P025R001A015_rgb.avi,025,015,002,001,011
S011C002P025R002A005_rgb.avi,025,005,002,002,011
S011C002P025R002A006_rgb.avi,025,006,002,002,011
S011C002P025R002A007_rgb.avi,025,007,002,002,011
S011C002P025R002A008_rgb.avi,025,008,002,002,011
S011C002P025R002A009_rgb.avi,025,009,002,002,011
S011C002P025R002A014_rgb.avi,025,014,002,002,011
S011C002P025R002A015_rgb.avi,025,015,002,002,011
S011C002P027R001A005_rgb.avi,027,005,002,001,011
S011C002P027R001A006_rgb.avi,027,006,002,001,011
S011C002P027R001A007_rgb.avi,027,007,002,001,011
S011C002P027R001A008_rgb.avi,027,008,002,001,011
S011C002P027R001A009_rgb.avi,027,009,002,001,011
S011C002P027R001A014_rgb.avi,027,014,002,001,011
S011C002P027R001A015_rgb.avi,027,015,002,001,011
S011C002P027R002A005_rgb.avi,027,005,002,002,011
S011C002P027R002A006_rgb.avi,027,006,002,002,011
S011C002P027R002A007_rgb.avi,027,007,002,002,011
S011C002P027R002A008_rgb.avi,027,008,002,002,011
S011C002P027R002A009_rgb.avi,027,009,002,002,011
S011C002P027R002A014_rgb.avi,027,014,002,002,011
S011C002P027R002A015_rgb.avi,027,015,002,002,011
S011C002P028R001A005_rgb.avi,028,005,002,001,011
S011C002P028R001A006_rgb.avi,028,006,002,001,011
S011C002P028R001A007_rgb.avi,028,007,002,001,011
S011C002P028R001A008_rgb.avi,028,008,002,001,011
S011C002P028R001A009_rgb.avi,028,009,002,001,011
S011C002P028R001A014_rgb.avi,028,014,002,001,011
S011C002P028R001A015_rgb.avi,028,015,002,001,011
S011C002P028R002A005_rgb.avi,028,005,002,002,011
S011C002P028R002A006_rgb.avi,028,006,002,002,011
S011C002P028R002A007_rgb.avi,028,007,002,002,011
S011C002P028R002A008_rgb.avi,028,008,002,002,011
S011C002P028R002A009_rgb.avi,028,009,002,002,011
S011C002P028R002A014_rgb.avi,028,014,002,002,011
S011C002P028R002A015_rgb.avi,028,015,002,002,011
S011C002P038R001A005_rgb.avi,038,005,002,001,011
S011C002P038R001A006_rgb.avi,038,006,002,001,011
S011C002P038R001A007_rgb.avi,038,007,002,001,011
S011C002P038R001A008_rgb.avi,038,008,002,001,011
S011C002P038R001A009_rgb.avi,038,009,002,001,011
S011C002P038R001A014_rgb.avi,038,014,002,001,011
S011C002P038R001A015_rgb.avi,038,015,002,001,011
S011C002P038R002A005_rgb.avi,038,005,002,002,011
S011C002P038R002A006_rgb.avi,038,006,002,002,011
S011C002P038R002A007_rgb.avi,038,007,002,002,011
S011C002P038R002A008_rgb.avi,038,008,002,002,011
S011C002P038R002A009_rgb.avi,038,009,002,002,011
S011C002P038R002A014_rgb.avi,038,014,002,002,011
S011C002P038R002A015_rgb.avi,038,015,002,002,011
S011C003P001R001A005_rgb.avi,001,005,003,001,011
S011C003P001R001A006_rgb.avi,001,006,003,001,011
S011C003P001R001A007_rgb.avi,001,007,003,001,011
S011C003P001R001A008_rgb.avi,001,008,003,001,011
S011C003P001R001A009_rgb.avi,001,009,003,001,011
S011C003P001R001A014_rgb.avi,001,014,003,001,011
S011C003P001R001A015_rgb.avi,001,015,003,001,011
S011C003P001R002A005_rgb.avi,001,005,003,002,011
S011C003P001R002A006_rgb.avi,001,006,003,002,011
S011C003P001R002A007_rgb.avi,001,007,003,002,011
S011C003P001R002A008_rgb.avi,001,008,003,002,011
S011C003P001R002A009_rgb.avi,001,009,003,002,011
S011C003P001R002A014_rgb.avi,001,014,003,002,011
S011C003P001R002A015_rgb.avi,001,015,003,002,011
S011C003P002R001A005_rgb.avi,002,005,003,001,011
S011C003P002R001A006_rgb.avi,002,006,003,001,011
S011C003P002R001A007_rgb.avi,002,007,003,001,011
S011C003P002R001A008_rgb.avi,002,008,003,001,011
S011C003P002R001A009_rgb.avi,002,009,003,001,011
S011C003P002R001A014_rgb.avi,002,014,003,001,011
S011C003P002R001A015_rgb.avi,002,015,003,001,011
S011C003P002R002A005_rgb.avi,002,005,003,002,011
S011C003P002R002A006_rgb.avi,002,006,003,002,011
S011C003P002R002A007_rgb.avi,002,007,003,002,011
S011C003P002R002A008_rgb.avi,002,008,003,002,011
S011C003P002R002A009_rgb.avi,002,009,003,002,011
S011C003P002R002A014_rgb.avi,002,014,003,002,011
S011C003P002R002A015_rgb.avi,002,015,003,002,011
S011C003P008R001A005_rgb.avi,008,005,003,001,011
S011C003P008R001A006_rgb.avi,008,006,003,001,011
S011C003P008R001A007_rgb.avi,008,007,003,001,011
S011C003P008R001A008_rgb.avi,008,008,003,001,011
S011C003P008R001A009_rgb.avi,008,009,003,001,011
S011C003P008R001A014_rgb.avi,008,014,003,001,011
S011C003P008R001A015_rgb.avi,008,015,003,001,011
S011C003P008R002A005_rgb.avi,008,005,003,002,011
S011C003P008R002A006_rgb.avi,008,006,003,002,011
S011C003P008R002A007_rgb.avi,008,007,003,002,011
S011C003P008R002A008_rgb.avi,008,008,003,002,011
S011C003P008R002A009_rgb.avi,008,009,003,002,011
S011C003P008R002A014_rgb.avi,008,014,003,002,011
S011C003P008R002A015_rgb.avi,008,015,003,002,011
S011C003P015R001A005_rgb.avi,015,005,003,001,011
S011C003P015R001A006_rgb.avi,015,006,003,001,011
S011C003P015R001A007_rgb.avi,015,007,003,001,011
S011C003P015R001A008_rgb.avi,015,008,003,001,011
S011C003P015R001A009_rgb.avi,015,009,003,001,011
S011C003P015R001A014_rgb.avi,015,014,003,001,011
S011C003P015R001A015_rgb.avi,015,015,003,001,011
S011C003P015R002A005_rgb.avi,015,005,003,002,011
S011C003P015R002A006_rgb.avi,015,006,003,002,011
S011C003P015R002A007_rgb.avi,015,007,003,002,011
S011C003P015R002A008_rgb.avi,015,008,003,002,011
S011C003P015R002A009_rgb.avi,015,009,003,002,011
S011C003P015R002A014_rgb.avi,015,014,003,002,011
S011C003P015R002A015_rgb.avi,015,015,003,002,011
S011C003P016R001A005_rgb.avi,016,005,003,001,011
S011C003P016R001A006_rgb.avi,016,006,003,001,011
S011C003P016R001A007_rgb.avi,016,007,003,001,011
S011C003P016R001A008_rgb.avi,016,008,003,001,011
S011C003P016R001A009_rgb.avi,016,009,003,001,011
S011C003P016R001A014_rgb.avi,016,014,003,001,011
S011C003P016R001A015_rgb.avi,016,015,003,001,011
S011C003P016R002A005_rgb.avi,016,005,003,002,011
S011C003P016R002A006_rgb.avi,016,006,003,002,011
S011C003P016R002A007_rgb.avi,016,007,003,002,011
S011C003P016R002A008_rgb.avi,016,008,003,002,011
S011C003P016R002A009_rgb.avi,016,009,003,002,011
S011C003P016R002A014_rgb.avi,016,014,003,002,011
S011C003P016R002A015_rgb.avi,016,015,003,002,011
S011C003P017R001A005_rgb.avi,017,005,003,001,011
S011C003P017R001A006_rgb.avi,017,006,003,001,011
S011C003P017R001A007_rgb.avi,017,007,003,001,011
S011C003P017R001A008_rgb.avi,017,008,003,001,011
S011C003P017R001A009_rgb.avi,017,009,003,001,011
S011C003P017R001A014_rgb.avi,017,014,003,001,011
S011C003P017R001A015_rgb.avi,017,015,003,001,011
S011C003P017R002A005_rgb.avi,017,005,003,002,011
S011C003P017R002A006_rgb.avi,017,006,003,002,011
S011C003P017R002A007_rgb.avi,017,007,003,002,011
S011C003P017R002A008_rgb.avi,017,008,003,002,011
S011C003P017R002A009_rgb.avi,017,009,003,002,011
S011C003P017R002A014_rgb.avi,017,014,003,002,011
S011C003P017R002A015_rgb.avi,017,015,003,002,011
S011C003P018R001A005_rgb.avi,018,005,003,001,011
S011C003P018R001A006_rgb.avi,018,006,003,001,011
S011C003P018R001A007_rgb.avi,018,007,003,001,011
S011C003P018R001A008_rgb.avi,018,008,003,001,011
S011C003P018R001A009_rgb.avi,018,009,003,001,011
S011C003P018R001A014_rgb.avi,018,014,003,001,011
S011C003P018R001A015_rgb.avi,018,015,003,001,011
S011C003P018R002A005_rgb.avi,018,005,003,002,011
S011C003P018R002A006_rgb.avi,018,006,003,002,011
S011C003P018R002A007_rgb.avi,018,007,003,002,011
S011C003P018R002A008_rgb.avi,018,008,003,002,011
S011C003P018R002A009_rgb.avi,018,009,003,002,011
S011C003P018R002A014_rgb.avi,018,014,003,002,011
S011C003P018R002A015_rgb.avi,018,015,003,002,011
S011C003P019R001A005_rgb.avi,019,005,003,001,011
S011C003P019R001A006_rgb.avi,019,006,003,001,011
S011C003P019R001A007_rgb.avi,019,007,003,001,011
S011C003P019R001A008_rgb.avi,019,008,003,001,011
S011C003P019R001A009_rgb.avi,019,009,003,001,011
S011C003P019R001A014_rgb.avi,019,014,003,001,011
S011C003P019R001A015_rgb.avi,019,015,003,001,011
S011C003P019R002A005_rgb.avi,019,005,003,002,011
S011C003P019R002A006_rgb.avi,019,006,003,002,011
S011C003P019R002A007_rgb.avi,019,007,003,002,011
S011C003P019R002A008_rgb.avi,019,008,003,002,011
S011C003P019R002A009_rgb.avi,019,009,003,002,011
S011C003P019R002A014_rgb.avi,019,014,003,002,011
S011C003P019R002A015_rgb.avi,019,015,003,002,011
S011C003P025R001A005_rgb.avi,025,005,003,001,011
S011C003P025R001A006_rgb.avi,025,006,003,001,011
S011C003P025R001A007_rgb.avi,025,007,003,001,011
S011C003P025R001A008_rgb.avi,025,008,003,001,011
S011C003P025R001A009_rgb.avi,025,009,003,001,011
S011C003P025R001A014_rgb.avi,025,014,003,001,011
S011C003P025R001A015_rgb.avi,025,015,003,001,011
S011C003P025R002A005_rgb.avi,025,005,003,002,011
S011C003P025R002A006_rgb.avi,025,006,003,002,011
S011C003P025R002A007_rgb.avi,025,007,003,002,011
S011C003P025R002A008_rgb.avi,025,008,003,002,011
S011C003P025R002A009_rgb.avi,025,009,003,002,011
S011C003P025R002A014_rgb.avi,025,014,003,002,011
S011C003P025R002A015_rgb.avi,025,015,003,002,011
S011C003P027R001A005_rgb.avi,027,005,003,001,011
S011C003P027R001A006_rgb.avi,027,006,003,001,011
S011C003P027R001A007_rgb.avi,027,007,003,001,011
S011C003P027R001A008_rgb.avi,027,008,003,001,011
S011C003P027R001A009_rgb.avi,027,009,003,001,011
S011C003P027R001A014_rgb.avi,027,014,003,001,011
S011C003P027R001A015_rgb.avi,027,015,003,001,011
S011C003P027R002A005_rgb.avi,027,005,003,002,011
S011C003P027R002A006_rgb.avi,027,006,003,002,011
S011C003P027R002A007_rgb.avi,027,007,003,002,011
S011C003P027R002A008_rgb.avi,027,008,003,002,011
S011C003P027R002A009_rgb.avi,027,009,003,002,011
S011C003P027R002A014_rgb.avi,027,014,003,002,011
S011C003P027R002A015_rgb.avi,027,015,003,002,011
S011C003P028R001A005_rgb.avi,028,005,003,001,011
S011C003P028R001A006_rgb.avi,028,006,003,001,011
S011C003P028R001A007_rgb.avi,028,007,003,001,011
S011C003P028R001A008_rgb.avi,028,008,003,001,011
S011C003P028R001A009_rgb.avi,028,009,003,001,011
S011C003P028R001A014_rgb.avi,028,014,003,001,011
S011C003P028R001A015_rgb.avi,028,015,003,001,011
S011C003P028R002A005_rgb.avi,028,005,003,002,011
S011C003P028R002A006_rgb.avi,028,006,003,002,011
S011C003P028R002A007_rgb.avi,028,007,003,002,011
S011C003P028R002A008_rgb.avi,028,008,003,002,011
S011C003P028R002A009_rgb.avi,028,009,003,002,011
S011C003P028R002A014_rgb.avi,028,014,003,002,011
S011C003P028R002A015_rgb.avi,028,015,003,002,011
S011C003P038R001A005_rgb.avi,038,005,003,001,011
S011C003P038R001A006_rgb.avi,038,006,003,001,011
S011C003P038R001A007_rgb.avi,038,007,003,001,011
S011C003P038R001A008_rgb.avi,038,008,003,001,011
S011C003P038R001A009_rgb.avi,038,009,003,001,011
S011C003P038R001A014_rgb.avi,038,014,003,001,011
S011C003P038R001A015_rgb.avi,038,015,003,001,011
S011C003P038R002A005_rgb.avi,038,005,003,002,011
S011C003P038R002A006_rgb.avi,038,006,003,002,011
S011C003P038R002A007_rgb.avi,038,007,003,002,011
S011C003P038R002A008_rgb.avi,038,008,003,002,011
S011C003P038R002A009_rgb.avi,038,009,003,002,011
S011C003P038R002A014_rgb.avi,038,014,003,002,011
S011C003P038R002A015_rgb.avi,038,015,003,002,011
S012C001P008R001A005_rgb.avi,008,005,001,001,012
S012C001P008R001A006_rgb.avi,008,006,001,001,012
S012C001P008R001A007_rgb.avi,008,007,001,001,012
S012C001P008R001A008_rgb.avi,008,008,001,001,012
S012C001P008R001A009_rgb.avi,008,009,001,001,012
S012C001P008R001A014_rgb.avi,008,014,001,001,012
S012C001P008R001A015_rgb.avi,008,015,001,001,012
S012C001P008R002A005_rgb.avi,008,005,001,002,012
S012C001P008R002A006_rgb.avi,008,006,001,002,012
S012C001P008R002A007_rgb.avi,008,007,001,002,012
S012C001P008R002A008_rgb.avi,008,008,001,002,012
S012C001P008R002A009_rgb.avi,008,009,001,002,012
S012C001P008R002A014_rgb.avi,008,014,001,002,012
S012C001P008R002A015_rgb.avi,008,015,001,002,012
S012C001P015R001A005_rgb.avi,015,005,001,001,012
S012C001P015R001A006_rgb.avi,015,006,001,001,012
S012C001P015R001A007_rgb.avi,015,007,001,001,012
S012C001P015R001A008_rgb.avi,015,008,001,001,012
S012C001P015R001A009_rgb.avi,015,009,001,001,012
S012C001P015R001A014_rgb.avi,015,014,001,001,012
S012C001P015R001A015_rgb.avi,015,015,001,001,012
S012C001P015R002A005_rgb.avi,015,005,001,002,012
S012C001P015R002A006_rgb.avi,015,006,001,002,012
S012C001P015R002A007_rgb.avi,015,007,001,002,012
S012C001P015R002A008_rgb.avi,015,008,001,002,012
S012C001P015R002A009_rgb.avi,015,009,001,002,012
S012C001P015R002A014_rgb.avi,015,014,001,002,012
S012C001P015R002A015_rgb.avi,015,015,001,002,012
S012C001P016R001A005_rgb.avi,016,005,001,001,012
S012C001P016R001A006_rgb.avi,016,006,001,001,012
S012C001P016R001A007_rgb.avi,016,007,001,001,012
S012C001P016R001A008_rgb.avi,016,008,001,001,012
S012C001P016R001A009_rgb.avi,016,009,001,001,012
S012C001P016R001A014_rgb.avi,016,014,001,001,012
S012C001P016R001A015_rgb.avi,016,015,001,001,012
S012C001P016R002A005_rgb.avi,016,005,001,002,012
S012C001P016R002A006_rgb.avi,016,006,001,002,012
S012C001P016R002A007_rgb.avi,016,007,001,002,012
S012C001P016R002A008_rgb.avi,016,008,001,002,012
S012C001P016R002A009_rgb.avi,016,009,001,002,012
S012C001P016R002A014_rgb.avi,016,014,001,002,012
S012C001P016R002A015_rgb.avi,016,015,001,002,012
S012C001P017R001A005_rgb.avi,017,005,001,001,012
S012C001P017R001A006_rgb.avi,017,006,001,001,012
S012C001P017R001A007_rgb.avi,017,007,001,001,012
S012C001P017R001A008_rgb.avi,017,008,001,001,012
S012C001P017R001A009_rgb.avi,017,009,001,001,012
S012C001P017R001A014_rgb.avi,017,014,001,001,012
S012C001P017R001A015_rgb.avi,017,015,001,001,012
S012C001P017R002A005_rgb.avi,017,005,001,002,012
S012C001P017R002A006_rgb.avi,017,006,001,002,012
S012C001P017R002A007_rgb.avi,017,007,001,002,012
S012C001P017R002A008_rgb.avi,017,008,001,002,012
S012C001P017R002A009_rgb.avi,017,009,001,002,012
S012C001P017R002A014_rgb.avi,017,014,001,002,012
S012C001P017R002A015_rgb.avi,017,015,001,002,012
S012C001P018R001A005_rgb.avi,018,005,001,001,012
S012C001P018R001A006_rgb.avi,018,006,001,001,012
S012C001P018R001A007_rgb.avi,018,007,001,001,012
S012C001P018R001A008_rgb.avi,018,008,001,001,012
S012C001P018R001A009_rgb.avi,018,009,001,001,012
S012C001P018R001A014_rgb.avi,018,014,001,001,012
S012C001P018R001A015_rgb.avi,018,015,001,001,012
S012C001P018R002A005_rgb.avi,018,005,001,002,012
S012C001P018R002A006_rgb.avi,018,006,001,002,012
S012C001P018R002A007_rgb.avi,018,007,001,002,012
S012C001P018R002A008_rgb.avi,018,008,001,002,012
S012C001P018R002A009_rgb.avi,018,009,001,002,012
S012C001P018R002A014_rgb.avi,018,014,001,002,012
S012C001P018R002A015_rgb.avi,018,015,001,002,012
S012C001P019R001A005_rgb.avi,019,005,001,001,012
S012C001P019R001A006_rgb.avi,019,006,001,001,012
S012C001P019R001A007_rgb.avi,019,007,001,001,012
S012C001P019R001A008_rgb.avi,019,008,001,001,012
S012C001P019R001A009_rgb.avi,019,009,001,001,012
S012C001P019R001A014_rgb.avi,019,014,001,001,012
S012C001P019R001A015_rgb.avi,019,015,001,001,012
S012C001P019R002A005_rgb.avi,019,005,001,002,012
S012C001P019R002A006_rgb.avi,019,006,001,002,012
S012C001P019R002A007_rgb.avi,019,007,001,002,012
S012C001P019R002A008_rgb.avi,019,008,001,002,012
S012C001P019R002A009_rgb.avi,019,009,001,002,012
S012C001P019R002A014_rgb.avi,019,014,001,002,012
S012C001P019R002A015_rgb.avi,019,015,001,002,012
S012C001P025R001A005_rgb.avi,025,005,001,001,012
S012C001P025R001A006_rgb.avi,025,006,001,001,012
S012C001P025R001A007_rgb.avi,025,007,001,001,012
S012C001P025R001A008_rgb.avi,025,008,001,001,012
S012C001P025R001A009_rgb.avi,025,009,001,001,012
S012C001P025R001A014_rgb.avi,025,014,001,001,012
S012C001P025R001A015_rgb.avi,025,015,001,001,012
S012C001P025R002A005_rgb.avi,025,005,001,002,012
S012C001P025R002A006_rgb.avi,025,006,001,002,012
S012C001P025R002A007_rgb.avi,025,007,001,002,012
S012C001P025R002A008_rgb.avi,025,008,001,002,012
S012C001P025R002A009_rgb.avi,025,009,001,002,012
S012C001P025R002A014_rgb.avi,025,014,001,002,012
S012C001P025R002A015_rgb.avi,025,015,001,002,012
S012C001P027R001A005_rgb.avi,027,005,001,001,012
S012C001P027R001A006_rgb.avi,027,006,001,001,012
S012C001P027R001A007_rgb.avi,027,007,001,001,012
S012C001P027R001A008_rgb.avi,027,008,001,001,012
S012C001P027R001A009_rgb.avi,027,009,001,001,012
S012C001P027R001A014_rgb.avi,027,014,001,001,012
S012C001P027R001A015_rgb.avi,027,015,001,001,012
S012C001P027R002A005_rgb.avi,027,005,001,002,012
S012C001P027R002A006_rgb.avi,027,006,001,002,012
S012C001P027R002A007_rgb.avi,027,007,001,002,012
S012C001P027R002A008_rgb.avi,027,008,001,002,012
S012C001P027R002A009_rgb.avi,027,009,001,002,012
S012C001P027R002A014_rgb.avi,027,014,001,002,012
S012C001P027R002A015_rgb.avi,027,015,001,002,012
S012C001P028R001A005_rgb.avi,028,005,001,001,012
S012C001P028R001A006_rgb.avi,028,006,001,001,012
S012C001P028R001A007_rgb.avi,028,007,001,001,012
S012C001P028R001A008_rgb.avi,028,008,001,001,012
S012C001P028R001A009_rgb.avi,028,009,001,001,012
S012C001P028R001A014_rgb.avi,028,014,001,001,012
S012C001P028R001A015_rgb.avi,028,015,001,001,012
S012C001P028R002A005_rgb.avi,028,005,001,002,012
S012C001P028R002A006_rgb.avi,028,006,001,002,012
S012C001P028R002A007_rgb.avi,028,007,001,002,012
S012C001P028R002A008_rgb.avi,028,008,001,002,012
S012C001P028R002A009_rgb.avi,028,009,001,002,012
S012C001P028R002A014_rgb.avi,028,014,001,002,012
S012C001P028R002A015_rgb.avi,028,015,001,002,012
S012C002P008R001A005_rgb.avi,008,005,002,001,012
S012C002P008R001A006_rgb.avi,008,006,002,001,012
S012C002P008R001A007_rgb.avi,008,007,002,001,012
S012C002P008R001A008_rgb.avi,008,008,002,001,012
S012C002P008R001A009_rgb.avi,008,009,002,001,012
S012C002P008R001A014_rgb.avi,008,014,002,001,012
S012C002P008R001A015_rgb.avi,008,015,002,001,012
S012C002P008R002A005_rgb.avi,008,005,002,002,012
S012C002P008R002A006_rgb.avi,008,006,002,002,012
S012C002P008R002A007_rgb.avi,008,007,002,002,012
S012C002P008R002A008_rgb.avi,008,008,002,002,012
S012C002P008R002A009_rgb.avi,008,009,002,002,012
S012C002P008R002A014_rgb.avi,008,014,002,002,012
S012C002P008R002A015_rgb.avi,008,015,002,002,012
S012C002P015R001A005_rgb.avi,015,005,002,001,012
S012C002P015R001A006_rgb.avi,015,006,002,001,012
S012C002P015R001A007_rgb.avi,015,007,002,001,012
S012C002P015R001A008_rgb.avi,015,008,002,001,012
S012C002P015R001A009_rgb.avi,015,009,002,001,012
S012C002P015R001A014_rgb.avi,015,014,002,001,012
S012C002P015R001A015_rgb.avi,015,015,002,001,012
S012C002P015R002A005_rgb.avi,015,005,002,002,012
S012C002P015R002A006_rgb.avi,015,006,002,002,012
S012C002P015R002A007_rgb.avi,015,007,002,002,012
S012C002P015R002A008_rgb.avi,015,008,002,002,012
S012C002P015R002A009_rgb.avi,015,009,002,002,012
S012C002P015R002A014_rgb.avi,015,014,002,002,012
S012C002P015R002A015_rgb.avi,015,015,002,002,012
S012C002P016R001A005_rgb.avi,016,005,002,001,012
S012C002P016R001A006_rgb.avi,016,006,002,001,012
S012C002P016R001A007_rgb.avi,016,007,002,001,012
S012C002P016R001A008_rgb.avi,016,008,002,001,012
S012C002P016R001A009_rgb.avi,016,009,002,001,012
S012C002P016R001A014_rgb.avi,016,014,002,001,012
S012C002P016R001A015_rgb.avi,016,015,002,001,012
S012C002P016R002A005_rgb.avi,016,005,002,002,012
S012C002P016R002A006_rgb.avi,016,006,002,002,012
S012C002P016R002A007_rgb.avi,016,007,002,002,012
S012C002P016R002A008_rgb.avi,016,008,002,002,012
S012C002P016R002A009_rgb.avi,016,009,002,002,012
S012C002P016R002A014_rgb.avi,016,014,002,002,012
S012C002P016R002A015_rgb.avi,016,015,002,002,012
S012C002P017R001A005_rgb.avi,017,005,002,001,012
S012C002P017R001A006_rgb.avi,017,006,002,001,012
S012C002P017R001A007_rgb.avi,017,007,002,001,012
S012C002P017R001A008_rgb.avi,017,008,002,001,012
S012C002P017R001A009_rgb.avi,017,009,002,001,012
S012C002P017R001A014_rgb.avi,017,014,002,001,012
S012C002P017R001A015_rgb.avi,017,015,002,001,012
S012C002P017R002A005_rgb.avi,017,005,002,002,012
S012C002P017R002A006_rgb.avi,017,006,002,002,012
S012C002P017R002A007_rgb.avi,017,007,002,002,012
S012C002P017R002A008_rgb.avi,017,008,002,002,012
S012C002P017R002A009_rgb.avi,017,009,002,002,012
S012C002P017R002A014_rgb.avi,017,014,002,002,012
S012C002P017R002A015_rgb.avi,017,015,002,002,012
S012C002P018R001A005_rgb.avi,018,005,002,001,012
S012C002P018R001A006_rgb.avi,018,006,002,001,012
S012C002P018R001A007_rgb.avi,018,007,002,001,012
S012C002P018R001A008_rgb.avi,018,008,002,001,012
S012C002P018R001A009_rgb.avi,018,009,002,001,012
S012C002P018R001A014_rgb.avi,018,014,002,001,012
S012C002P018R001A015_rgb.avi,018,015,002,001,012
S012C002P018R002A005_rgb.avi,018,005,002,002,012
S012C002P018R002A006_rgb.avi,018,006,002,002,012
S012C002P018R002A007_rgb.avi,018,007,002,002,012
S012C002P018R002A008_rgb.avi,018,008,002,002,012
S012C002P018R002A009_rgb.avi,018,009,002,002,012
S012C002P018R002A014_rgb.avi,018,014,002,002,012
S012C002P018R002A015_rgb.avi,018,015,002,002,012
S012C002P019R001A005_rgb.avi,019,005,002,001,012
S012C002P019R001A006_rgb.avi,019,006,002,001,012
S012C002P019R001A007_rgb.avi,019,007,002,001,012
S012C002P019R001A008_rgb.avi,019,008,002,001,012
S012C002P019R001A009_rgb.avi,019,009,002,001,012
S012C002P019R001A014_rgb.avi,019,014,002,001,012
S012C002P019R001A015_rgb.avi,019,015,002,001,012
S012C002P019R002A005_rgb.avi,019,005,002,002,012
S012C002P019R002A006_rgb.avi,019,006,002,002,012
S012C002P019R002A007_rgb.avi,019,007,002,002,012
S012C002P019R002A008_rgb.avi,019,008,002,002,012
S012C002P019R002A009_rgb.avi,019,009,002,002,012
S012C002P019R002A014_rgb.avi,019,014,002,002,012
S012C002P019R002A015_rgb.avi,019,015,002,002,012
S012C002P025R001A005_rgb.avi,025,005,002,001,012
S012C002P025R001A006_rgb.avi,025,006,002,001,012
S012C002P025R001A007_rgb.avi,025,007,002,001,012
S012C002P025R001A008_rgb.avi,025,008,002,001,012
S012C002P025R001A009_rgb.avi,025,009,002,001,012
S012C002P025R001A014_rgb.avi,025,014,002,001,012
S012C002P025R001A015_rgb.avi,025,015,002,001,012
S012C002P025R002A005_rgb.avi,025,005,002,002,012
S012C002P025R002A006_rgb.avi,025,006,002,002,012
S012C002P025R002A007_rgb.avi,025,007,002,002,012
S012C002P025R002A008_rgb.avi,025,008,002,002,012
S012C002P025R002A009_rgb.avi,025,009,002,002,012
S012C002P025R002A014_rgb.avi,025,014,002,002,012
S012C002P025R002A015_rgb.avi,025,015,002,002,012
S012C002P027R001A005_rgb.avi,027,005,002,001,012
S012C002P027R001A006_rgb.avi,027,006,002,001,012
S012C002P027R001A007_rgb.avi,027,007,002,001,012
S012C002P027R001A008_rgb.avi,027,008,002,001,012
S012C002P027R001A009_rgb.avi,027,009,002,001,012
S012C002P027R001A014_rgb.avi,027,014,002,001,012
S012C002P027R001A015_rgb.avi,027,015,002,001,012
S012C002P027R002A005_rgb.avi,027,005,002,002,012
S012C002P027R002A006_rgb.avi,027,006,002,002,012
S012C002P027R002A007_rgb.avi,027,007,002,002,012
S012C002P027R002A008_rgb.avi,027,008,002,002,012
S012C002P027R002A009_rgb.avi,027,009,002,002,012
S012C002P027R002A014_rgb.avi,027,014,002,002,012
S012C002P027R002A015_rgb.avi,027,015,002,002,012
S012C002P028R001A005_rgb.avi,028,005,002,001,012
S012C002P028R001A006_rgb.avi,028,006,002,001,012
S012C002P028R001A007_rgb.avi,028,007,002,001,012
S012C002P028R001A008_rgb.avi,028,008,002,001,012
S012C002P028R001A009_rgb.avi,028,009,002,001,012
S012C002P028R001A014_rgb.avi,028,014,002,001,012
S012C002P028R001A015_rgb.avi,028,015,002,001,012
S012C002P028R002A005_rgb.avi,028,005,002,002,012
S012C002P028R002A006_rgb.avi,028,006,002,002,012
S012C002P028R002A007_rgb.avi,028,007,002,002,012
S012C002P028R002A008_rgb.avi,028,008,002,002,012
S012C002P028R002A009_rgb.avi,028,009,002,002,012
S012C002P028R002A014_rgb.avi,028,014,002,002,012
S012C002P028R002A015_rgb.avi,028,015,002,002,012
S012C003P008R001A005_rgb.avi,008,005,003,001,012
S012C003P008R001A006_rgb.avi,008,006,003,001,012
S012C003P008R001A007_rgb.avi,008,007,003,001,012
S012C003P008R001A008_rgb.avi,008,008,003,001,012
S012C003P008R001A009_rgb.avi,008,009,003,001,012
S012C003P008R001A014_rgb.avi,008,014,003,001,012
S012C003P008R001A015_rgb.avi,008,015,003,001,012
S012C003P008R002A005_rgb.avi,008,005,003,002,012
S012C003P008R002A006_rgb.avi,008,006,003,002,012
S012C003P008R002A007_rgb.avi,008,007,003,002,012
S012C003P008R002A008_rgb.avi,008,008,003,002,012
S012C003P008R002A009_rgb.avi,008,009,003,002,012
S012C003P008R002A014_rgb.avi,008,014,003,002,012
S012C003P008R002A015_rgb.avi,008,015,003,002,012
S012C003P015R001A005_rgb.avi,015,005,003,001,012
S012C003P015R001A006_rgb.avi,015,006,003,001,012
S012C003P015R001A007_rgb.avi,015,007,003,001,012
S012C003P015R001A008_rgb.avi,015,008,003,001,012
S012C003P015R001A009_rgb.avi,015,009,003,001,012
S012C003P015R001A014_rgb.avi,015,014,003,001,012
S012C003P015R001A015_rgb.avi,015,015,003,001,012
S012C003P015R002A005_rgb.avi,015,005,003,002,012
S012C003P015R002A006_rgb.avi,015,006,003,002,012
S012C003P015R002A007_rgb.avi,015,007,003,002,012
S012C003P015R002A008_rgb.avi,015,008,003,002,012
S012C003P015R002A009_rgb.avi,015,009,003,002,012
S012C003P015R002A014_rgb.avi,015,014,003,002,012
S012C003P015R002A015_rgb.avi,015,015,003,002,012
S012C003P016R001A005_rgb.avi,016,005,003,001,012
S012C003P016R001A006_rgb.avi,016,006,003,001,012
S012C003P016R001A007_rgb.avi,016,007,003,001,012
S012C003P016R001A008_rgb.avi,016,008,003,001,012
S012C003P016R001A009_rgb.avi,016,009,003,001,012
S012C003P016R001A014_rgb.avi,016,014,003,001,012
S012C003P016R001A015_rgb.avi,016,015,003,001,012
S012C003P016R002A005_rgb.avi,016,005,003,002,012
S012C003P016R002A006_rgb.avi,016,006,003,002,012
S012C003P016R002A007_rgb.avi,016,007,003,002,012
S012C003P016R002A008_rgb.avi,016,008,003,002,012
S012C003P016R002A009_rgb.avi,016,009,003,002,012
S012C003P016R002A014_rgb.avi,016,014,003,002,012
S012C003P016R002A015_rgb.avi,016,015,003,002,012
S012C003P017R001A005_rgb.avi,017,005,003,001,012
S012C003P017R001A006_rgb.avi,017,006,003,001,012
S012C003P017R001A007_rgb.avi,017,007,003,001,012
S012C003P017R001A008_rgb.avi,017,008,003,001,012
S012C003P017R001A009_rgb.avi,017,009,003,001,012
S012C003P017R001A014_rgb.avi,017,014,003,001,012
S012C003P017R001A015_rgb.avi,017,015,003,001,012
S012C003P017R002A005_rgb.avi,017,005,003,002,012
S012C003P017R002A006_rgb.avi,017,006,003,002,012
S012C003P017R002A007_rgb.avi,017,007,003,002,012
S012C003P017R002A008_rgb.avi,017,008,003,002,012
S012C003P017R002A009_rgb.avi,017,009,003,002,012
S012C003P017R002A014_rgb.avi,017,014,003,002,012
S012C003P017R002A015_rgb.avi,017,015,003,002,012
S012C003P018R001A005_rgb.avi,018,005,003,001,012
S012C003P018R001A006_rgb.avi,018,006,003,001,012
S012C003P018R001A007_rgb.avi,018,007,003,001,012
S012C003P018R001A008_rgb.avi,018,008,003,001,012
S012C003P018R001A009_rgb.avi,018,009,003,001,012
S012C003P018R001A014_rgb.avi,018,014,003,001,012
S012C003P018R001A015_rgb.avi,018,015,003,001,012
S012C003P018R002A005_rgb.avi,018,005,003,002,012
S012C003P018R002A006_rgb.avi,018,006,003,002,012
S012C003P018R002A007_rgb.avi,018,007,003,002,012
S012C003P018R002A008_rgb.avi,018,008,003,002,012
S012C003P018R002A009_rgb.avi,018,009,003,002,012
S012C003P018R002A014_rgb.avi,018,014,003,002,012
S012C003P018R002A015_rgb.avi,018,015,003,002,012
S012C003P019R001A005_rgb.avi,019,005,003,001,012
S012C003P019R001A006_rgb.avi,019,006,003,001,012
S012C003P019R001A007_rgb.avi,019,007,003,001,012
S012C003P019R001A008_rgb.avi,019,008,003,001,012
S012C003P019R001A009_rgb.avi,019,009,003,001,012
S012C003P019R001A014_rgb.avi,019,014,003,001,012
S012C003P019R001A015_rgb.avi,019,015,003,001,012
S012C003P019R002A005_rgb.avi,019,005,003,002,012
S012C003P019R002A006_rgb.avi,019,006,003,002,012
S012C003P019R002A007_rgb.avi,019,007,003,002,012
S012C003P019R002A008_rgb.avi,019,008,003,002,012
S012C003P019R002A009_rgb.avi,019,009,003,002,012
S012C003P019R002A014_rgb.avi,019,014,003,002,012
S012C003P019R002A015_rgb.avi,019,015,003,002,012
S012C003P025R001A005_rgb.avi,025,005,003,001,012
S012C003P025R001A006_rgb.avi,025,006,003,001,012
S012C003P025R001A007_rgb.avi,025,007,003,001,012
S012C003P025R001A008_rgb.avi,025,008,003,001,012
S012C003P025R001A009_rgb.avi,025,009,003,001,012
S012C003P025R001A014_rgb.avi,025,014,003,001,012
S012C003P025R001A015_rgb.avi,025,015,003,001,012
S012C003P025R002A005_rgb.avi,025,005,003,002,012
S012C003P025R002A006_rgb.avi,025,006,003,002,012
S012C003P025R002A007_rgb.avi,025,007,003,002,012
S012C003P025R002A008_rgb.avi,025,008,003,002,012
S012C003P025R002A009_rgb.avi,025,009,003,002,012
S012C003P025R002A014_rgb.avi,025,014,003,002,012
S012C003P025R002A015_rgb.avi,025,015,003,002,012
S012C003P027R001A005_rgb.avi,027,005,003,001,012
S012C003P027R001A006_rgb.avi,027,006,003,001,012
S012C003P027R001A007_rgb.avi,027,007,003,001,012
S012C003P027R001A008_rgb.avi,027,008,003,001,012
S012C003P027R001A009_rgb.avi,027,009,003,001,012
S012C003P027R001A014_rgb.avi,027,014,003,001,012
S012C003P027R001A015_rgb.avi,027,015,003,001,012
S012C003P027R002A005_rgb.avi,027,005,003,002,012
S012C003P027R002A006_rgb.avi,027,006,003,002,012
S012C003P027R002A007_rgb.avi,027,007,003,002,012
S012C003P027R002A008_rgb.avi,027,008,003,002,012
S012C003P027R002A009_rgb.avi,027,009,003,002,012
S012C003P027R002A014_rgb.avi,027,014,003,002,012
S012C003P027R002A015_rgb.avi,027,015,003,002,012
S012C003P028R001A005_rgb.avi,028,005,003,001,012
S012C003P028R001A006_rgb.avi,028,006,003,001,012
S012C003P028R001A007_rgb.avi,028,007,003,001,012
S012C003P028R001A008_rgb.avi,028,008,003,001,012
S012C003P028R001A009_rgb.avi,028,009,003,001,012
S012C003P028R001A014_rgb.avi,028,014,003,001,012
S012C003P028R001A015_rgb.avi,028,015,003,001,012
S012C003P028R002A005_rgb.avi,028,005,003,002,012
S012C003P028R002A006_rgb.avi,028,006,003,002,012
S012C003P028R002A007_rgb.avi,028,007,003,002,012
S012C003P028R002A008_rgb.avi,028,008,003,002,012
S012C003P028R002A009_rgb.avi,028,009,003,002,012
S012C003P028R002A014_rgb.avi,028,014,003,002,012
S012C003P028R002A015_rgb.avi,028,015,003,002,012
S013C001P008R001A005_rgb.avi,008,005,001,001,013
S013C001P008R001A006_rgb.avi,008,006,001,001,013
S013C001P008R001A007_rgb.avi,008,007,001,001,013
S013C001P008R001A008_rgb.avi,008,008,001,001,013
S013C001P008R001A009_rgb.avi,008,009,001,001,013
S013C001P008R001A014_rgb.avi,008,014,001,001,013
S013C001P008R001A015_rgb.avi,008,015,001,001,013
S013C001P008R002A005_rgb.avi,008,005,001,002,013
S013C001P008R002A006_rgb.avi,008,006,001,002,013
S013C001P008R002A007_rgb.avi,008,007,001,002,013
S013C001P008R002A008_rgb.avi,008,008,001,002,013
S013C001P008R002A009_rgb.avi,008,009,001,002,013
S013C001P008R002A014_rgb.avi,008,014,001,002,013
S013C001P008R002A015_rgb.avi,008,015,001,002,013
S013C001P015R001A005_rgb.avi,015,005,001,001,013
S013C001P015R001A006_rgb.avi,015,006,001,001,013
S013C001P015R001A007_rgb.avi,015,007,001,001,013
S013C001P015R001A008_rgb.avi,015,008,001,001,013
S013C001P015R001A009_rgb.avi,015,009,001,001,013
S013C001P015R001A014_rgb.avi,015,014,001,001,013
S013C001P015R001A015_rgb.avi,015,015,001,001,013
S013C001P015R002A005_rgb.avi,015,005,001,002,013
S013C001P015R002A006_rgb.avi,015,006,001,002,013
S013C001P015R002A007_rgb.avi,015,007,001,002,013
S013C001P015R002A008_rgb.avi,015,008,001,002,013
S013C001P015R002A009_rgb.avi,015,009,001,002,013
S013C001P015R002A014_rgb.avi,015,014,001,002,013
S013C001P015R002A015_rgb.avi,015,015,001,002,013
S013C001P016R001A005_rgb.avi,016,005,001,001,013
S013C001P016R001A006_rgb.avi,016,006,001,001,013
S013C001P016R001A007_rgb.avi,016,007,001,001,013
S013C001P016R001A008_rgb.avi,016,008,001,001,013
S013C001P016R001A009_rgb.avi,016,009,001,001,013
S013C001P016R001A014_rgb.avi,016,014,001,001,013
S013C001P016R001A015_rgb.avi,016,015,001,001,013
S013C001P016R002A005_rgb.avi,016,005,001,002,013
S013C001P016R002A006_rgb.avi,016,006,001,002,013
S013C001P016R002A007_rgb.avi,016,007,001,002,013
S013C001P016R002A008_rgb.avi,016,008,001,002,013
S013C001P016R002A009_rgb.avi,016,009,001,002,013
S013C001P016R002A014_rgb.avi,016,014,001,002,013
S013C001P016R002A015_rgb.avi,016,015,001,002,013
S013C001P017R001A005_rgb.avi,017,005,001,001,013
S013C001P017R001A006_rgb.avi,017,006,001,001,013
S013C001P017R001A007_rgb.avi,017,007,001,001,013
S013C001P017R001A008_rgb.avi,017,008,001,001,013
S013C001P017R001A009_rgb.avi,017,009,001,001,013
S013C001P017R001A014_rgb.avi,017,014,001,001,013
S013C001P017R001A015_rgb.avi,017,015,001,001,013
S013C001P017R002A005_rgb.avi,017,005,001,002,013
S013C001P017R002A006_rgb.avi,017,006,001,002,013
S013C001P017R002A007_rgb.avi,017,007,001,002,013
S013C001P017R002A008_rgb.avi,017,008,001,002,013
S013C001P017R002A009_rgb.avi,017,009,001,002,013
S013C001P017R002A014_rgb.avi,017,014,001,002,013
S013C001P017R002A015_rgb.avi,017,015,001,002,013
S013C001P018R001A005_rgb.avi,018,005,001,001,013
S013C001P018R001A006_rgb.avi,018,006,001,001,013
S013C001P018R001A007_rgb.avi,018,007,001,001,013
S013C001P018R001A008_rgb.avi,018,008,001,001,013
S013C001P018R001A009_rgb.avi,018,009,001,001,013
S013C001P018R001A014_rgb.avi,018,014,001,001,013
S013C001P018R001A015_rgb.avi,018,015,001,001,013
S013C001P018R002A005_rgb.avi,018,005,001,002,013
S013C001P018R002A006_rgb.avi,018,006,001,002,013
S013C001P018R002A007_rgb.avi,018,007,001,002,013
S013C001P018R002A008_rgb.avi,018,008,001,002,013
S013C001P018R002A009_rgb.avi,018,009,001,002,013
S013C001P018R002A014_rgb.avi,018,014,001,002,013
S013C001P018R002A015_rgb.avi,018,015,001,002,013
S013C001P019R001A005_rgb.avi,019,005,001,001,013
S013C001P019R001A006_rgb.avi,019,006,001,001,013
S013C001P019R001A007_rgb.avi,019,007,001,001,013
S013C001P019R001A008_rgb.avi,019,008,001,001,013
S013C001P019R001A009_rgb.avi,019,009,001,001,013
S013C001P019R001A014_rgb.avi,019,014,001,001,013
S013C001P019R001A015_rgb.avi,019,015,001,001,013
S013C001P019R002A005_rgb.avi,019,005,001,002,013
S013C001P019R002A006_rgb.avi,019,006,001,002,013
S013C001P019R002A007_rgb.avi,019,007,001,002,013
S013C001P019R002A008_rgb.avi,019,008,001,002,013
S013C001P019R002A009_rgb.avi,019,009,001,002,013
S013C001P019R002A014_rgb.avi,019,014,001,002,013
S013C001P019R002A015_rgb.avi,019,015,001,002,013
S013C001P025R001A005_rgb.avi,025,005,001,001,013
S013C001P025R001A006_rgb.avi,025,006,001,001,013
S013C001P025R001A007_rgb.avi,025,007,001,001,013
S013C001P025R001A008_rgb.avi,025,008,001,001,013
S013C001P025R001A009_rgb.avi,025,009,001,001,013
S013C001P025R001A014_rgb.avi,025,014,001,001,013
S013C001P025R001A015_rgb.avi,025,015,001,001,013
S013C001P025R002A005_rgb.avi,025,005,001,002,013
S013C001P025R002A006_rgb.avi,025,006,001,002,013
S013C001P025R002A007_rgb.avi,025,007,001,002,013
S013C001P025R002A008_rgb.avi,025,008,001,002,013
S013C001P025R002A009_rgb.avi,025,009,001,002,013
S013C001P025R002A014_rgb.avi,025,014,001,002,013
S013C001P025R002A015_rgb.avi,025,015,001,002,013
S013C001P027R001A005_rgb.avi,027,005,001,001,013
S013C001P027R001A006_rgb.avi,027,006,001,001,013
S013C001P027R001A007_rgb.avi,027,007,001,001,013
S013C001P027R001A008_rgb.avi,027,008,001,001,013
S013C001P027R001A009_rgb.avi,027,009,001,001,013
S013C001P027R001A014_rgb.avi,027,014,001,001,013
S013C001P027R001A015_rgb.avi,027,015,001,001,013
S013C001P027R002A005_rgb.avi,027,005,001,002,013
S013C001P027R002A006_rgb.avi,027,006,001,002,013
S013C001P027R002A007_rgb.avi,027,007,001,002,013
S013C001P027R002A008_rgb.avi,027,008,001,002,013
S013C001P027R002A009_rgb.avi,027,009,001,002,013
S013C001P027R002A014_rgb.avi,027,014,001,002,013
S013C001P027R002A015_rgb.avi,027,015,001,002,013
S013C001P028R001A005_rgb.avi,028,005,001,001,013
S013C001P028R001A006_rgb.avi,028,006,001,001,013
S013C001P028R001A007_rgb.avi,028,007,001,001,013
S013C001P028R001A008_rgb.avi,028,008,001,001,013
S013C001P028R001A009_rgb.avi,028,009,001,001,013
S013C001P028R001A014_rgb.avi,028,014,001,001,013
S013C001P028R001A015_rgb.avi,028,015,001,001,013
S013C001P028R002A005_rgb.avi,028,005,001,002,013
S013C001P028R002A006_rgb.avi,028,006,001,002,013
S013C001P028R002A007_rgb.avi,028,007,001,002,013
S013C001P028R002A008_rgb.avi,028,008,001,002,013
S013C001P028R002A009_rgb.avi,028,009,001,002,013
S013C001P028R002A014_rgb.avi,028,014,001,002,013
S013C001P028R002A015_rgb.avi,028,015,001,002,013
S013C002P008R001A005_rgb.avi,008,005,002,001,013
S013C002P008R001A006_rgb.avi,008,006,002,001,013
S013C002P008R001A007_rgb.avi,008,007,002,001,013
S013C002P008R001A008_rgb.avi,008,008,002,001,013
S013C002P008R001A009_rgb.avi,008,009,002,001,013
S013C002P008R001A014_rgb.avi,008,014,002,001,013
S013C002P008R001A015_rgb.avi,008,015,002,001,013
S013C002P008R002A005_rgb.avi,008,005,002,002,013
S013C002P008R002A006_rgb.avi,008,006,002,002,013
S013C002P008R002A007_rgb.avi,008,007,002,002,013
S013C002P008R002A008_rgb.avi,008,008,002,002,013
S013C002P008R002A009_rgb.avi,008,009,002,002,013
S013C002P008R002A014_rgb.avi,008,014,002,002,013
S013C002P008R002A015_rgb.avi,008,015,002,002,013
S013C002P015R001A005_rgb.avi,015,005,002,001,013
S013C002P015R001A006_rgb.avi,015,006,002,001,013
S013C002P015R001A007_rgb.avi,015,007,002,001,013
S013C002P015R001A008_rgb.avi,015,008,002,001,013
S013C002P015R001A009_rgb.avi,015,009,002,001,013
S013C002P015R001A014_rgb.avi,015,014,002,001,013
S013C002P015R001A015_rgb.avi,015,015,002,001,013
S013C002P015R002A005_rgb.avi,015,005,002,002,013
S013C002P015R002A006_rgb.avi,015,006,002,002,013
S013C002P015R002A007_rgb.avi,015,007,002,002,013
S013C002P015R002A008_rgb.avi,015,008,002,002,013
S013C002P015R002A009_rgb.avi,015,009,002,002,013
S013C002P015R002A014_rgb.avi,015,014,002,002,013
S013C002P015R002A015_rgb.avi,015,015,002,002,013
S013C002P016R001A005_rgb.avi,016,005,002,001,013
S013C002P016R001A006_rgb.avi,016,006,002,001,013
S013C002P016R001A007_rgb.avi,016,007,002,001,013
S013C002P016R001A008_rgb.avi,016,008,002,001,013
S013C002P016R001A009_rgb.avi,016,009,002,001,013
S013C002P016R001A014_rgb.avi,016,014,002,001,013
S013C002P016R001A015_rgb.avi,016,015,002,001,013
S013C002P016R002A005_rgb.avi,016,005,002,002,013
S013C002P016R002A006_rgb.avi,016,006,002,002,013
S013C002P016R002A007_rgb.avi,016,007,002,002,013
S013C002P016R002A008_rgb.avi,016,008,002,002,013
S013C002P016R002A009_rgb.avi,016,009,002,002,013
S013C002P016R002A014_rgb.avi,016,014,002,002,013
S013C002P016R002A015_rgb.avi,016,015,002,002,013
S013C002P017R001A005_rgb.avi,017,005,002,001,013
S013C002P017R001A006_rgb.avi,017,006,002,001,013
S013C002P017R001A007_rgb.avi,017,007,002,001,013
S013C002P017R001A008_rgb.avi,017,008,002,001,013
S013C002P017R001A009_rgb.avi,017,009,002,001,013
S013C002P017R001A014_rgb.avi,017,014,002,001,013
S013C002P017R001A015_rgb.avi,017,015,002,001,013
S013C002P017R002A005_rgb.avi,017,005,002,002,013
S013C002P017R002A006_rgb.avi,017,006,002,002,013
S013C002P017R002A007_rgb.avi,017,007,002,002,013
S013C002P017R002A008_rgb.avi,017,008,002,002,013
S013C002P017R002A009_rgb.avi,017,009,002,002,013
S013C002P017R002A014_rgb.avi,017,014,002,002,013
S013C002P017R002A015_rgb.avi,017,015,002,002,013
S013C002P018R001A005_rgb.avi,018,005,002,001,013
S013C002P018R001A006_rgb.avi,018,006,002,001,013
S013C002P018R001A007_rgb.avi,018,007,002,001,013
S013C002P018R001A008_rgb.avi,018,008,002,001,013
S013C002P018R001A009_rgb.avi,018,009,002,001,013
S013C002P018R001A014_rgb.avi,018,014,002,001,013
S013C002P018R001A015_rgb.avi,018,015,002,001,013
S013C002P018R002A005_rgb.avi,018,005,002,002,013
S013C002P018R002A006_rgb.avi,018,006,002,002,013
S013C002P018R002A007_rgb.avi,018,007,002,002,013
S013C002P018R002A008_rgb.avi,018,008,002,002,013
S013C002P018R002A009_rgb.avi,018,009,002,002,013
S013C002P018R002A014_rgb.avi,018,014,002,002,013
S013C002P018R002A015_rgb.avi,018,015,002,002,013
S013C002P019R001A005_rgb.avi,019,005,002,001,013
S013C002P019R001A006_rgb.avi,019,006,002,001,013
S013C002P019R001A007_rgb.avi,019,007,002,001,013
S013C002P019R001A008_rgb.avi,019,008,002,001,013
S013C002P019R001A009_rgb.avi,019,009,002,001,013
S013C002P019R001A014_rgb.avi,019,014,002,001,013
S013C002P019R001A015_rgb.avi,019,015,002,001,013
S013C002P019R002A005_rgb.avi,019,005,002,002,013
S013C002P019R002A006_rgb.avi,019,006,002,002,013
S013C002P019R002A007_rgb.avi,019,007,002,002,013
S013C002P019R002A008_rgb.avi,019,008,002,002,013
S013C002P019R002A009_rgb.avi,019,009,002,002,013
S013C002P019R002A014_rgb.avi,019,014,002,002,013
S013C002P019R002A015_rgb.avi,019,015,002,002,013
S013C002P025R001A005_rgb.avi,025,005,002,001,013
S013C002P025R001A006_rgb.avi,025,006,002,001,013
S013C002P025R001A007_rgb.avi,025,007,002,001,013
S013C002P025R001A008_rgb.avi,025,008,002,001,013
S013C002P025R001A009_rgb.avi,025,009,002,001,013
S013C002P025R001A014_rgb.avi,025,014,002,001,013
S013C002P025R001A015_rgb.avi,025,015,002,001,013
S013C002P025R002A005_rgb.avi,025,005,002,002,013
S013C002P025R002A006_rgb.avi,025,006,002,002,013
S013C002P025R002A007_rgb.avi,025,007,002,002,013
S013C002P025R002A008_rgb.avi,025,008,002,002,013
S013C002P025R002A009_rgb.avi,025,009,002,002,013
S013C002P025R002A014_rgb.avi,025,014,002,002,013
S013C002P025R002A015_rgb.avi,025,015,002,002,013
S013C002P027R001A005_rgb.avi,027,005,002,001,013
S013C002P027R001A006_rgb.avi,027,006,002,001,013
S013C002P027R001A007_rgb.avi,027,007,002,001,013
S013C002P027R001A008_rgb.avi,027,008,002,001,013
S013C002P027R001A009_rgb.avi,027,009,002,001,013
S013C002P027R001A014_rgb.avi,027,014,002,001,013
S013C002P027R001A015_rgb.avi,027,015,002,001,013
S013C002P027R002A005_rgb.avi,027,005,002,002,013
S013C002P027R002A006_rgb.avi,027,006,002,002,013
S013C002P027R002A007_rgb.avi,027,007,002,002,013
S013C002P027R002A008_rgb.avi,027,008,002,002,013
S013C002P027R002A009_rgb.avi,027,009,002,002,013
S013C002P027R002A014_rgb.avi,027,014,002,002,013
S013C002P027R002A015_rgb.avi,027,015,002,002,013
S013C002P028R001A005_rgb.avi,028,005,002,001,013
S013C002P028R001A006_rgb.avi,028,006,002,001,013
S013C002P028R001A007_rgb.avi,028,007,002,001,013
S013C002P028R001A008_rgb.avi,028,008,002,001,013
S013C002P028R001A009_rgb.avi,028,009,002,001,013
S013C002P028R001A014_rgb.avi,028,014,002,001,013
S013C002P028R001A015_rgb.avi,028,015,002,001,013
S013C002P028R002A005_rgb.avi,028,005,002,002,013
S013C002P028R002A006_rgb.avi,028,006,002,002,013
S013C002P028R002A007_rgb.avi,028,007,002,002,013
S013C002P028R002A008_rgb.avi,028,008,002,002,013
S013C002P028R002A009_rgb.avi,028,009,002,002,013
S013C002P028R002A014_rgb.avi,028,014,002,002,013
S013C002P028R002A015_rgb.avi,028,015,002,002,013
S013C003P008R001A005_rgb.avi,008,005,003,001,013
S013C003P008R001A006_rgb.avi,008,006,003,001,013
S013C003P008R001A007_rgb.avi,008,007,003,001,013
S013C003P008R001A008_rgb.avi,008,008,003,001,013
S013C003P008R001A009_rgb.avi,008,009,003,001,013
S013C003P008R001A014_rgb.avi,008,014,003,001,013
S013C003P008R001A015_rgb.avi,008,015,003,001,013
S013C003P008R002A005_rgb.avi,008,005,003,002,013
S013C003P008R002A006_rgb.avi,008,006,003,002,013
S013C003P008R002A007_rgb.avi,008,007,003,002,013
S013C003P008R002A008_rgb.avi,008,008,003,002,013
S013C003P008R002A009_rgb.avi,008,009,003,002,013
S013C003P008R002A014_rgb.avi,008,014,003,002,013
S013C003P008R002A015_rgb.avi,008,015,003,002,013
S013C003P015R001A005_rgb.avi,015,005,003,001,013
S013C003P015R001A006_rgb.avi,015,006,003,001,013
S013C003P015R001A007_rgb.avi,015,007,003,001,013
S013C003P015R001A008_rgb.avi,015,008,003,001,013
S013C003P015R001A009_rgb.avi,015,009,003,001,013
S013C003P015R001A014_rgb.avi,015,014,003,001,013
S013C003P015R001A015_rgb.avi,015,015,003,001,013
S013C003P015R002A005_rgb.avi,015,005,003,002,013
S013C003P015R002A006_rgb.avi,015,006,003,002,013
S013C003P015R002A007_rgb.avi,015,007,003,002,013
S013C003P015R002A008_rgb.avi,015,008,003,002,013
S013C003P015R002A009_rgb.avi,015,009,003,002,013
S013C003P015R002A014_rgb.avi,015,014,003,002,013
S013C003P015R002A015_rgb.avi,015,015,003,002,013
S013C003P016R001A005_rgb.avi,016,005,003,001,013
S013C003P016R001A006_rgb.avi,016,006,003,001,013
S013C003P016R001A007_rgb.avi,016,007,003,001,013
S013C003P016R001A008_rgb.avi,016,008,003,001,013
S013C003P016R001A009_rgb.avi,016,009,003,001,013
S013C003P016R001A014_rgb.avi,016,014,003,001,013
S013C003P016R001A015_rgb.avi,016,015,003,001,013
S013C003P016R002A005_rgb.avi,016,005,003,002,013
S013C003P016R002A006_rgb.avi,016,006,003,002,013
S013C003P016R002A007_rgb.avi,016,007,003,002,013
S013C003P016R002A008_rgb.avi,016,008,003,002,013
S013C003P016R002A009_rgb.avi,016,009,003,002,013
S013C003P016R002A014_rgb.avi,016,014,003,002,013
S013C003P016R002A015_rgb.avi,016,015,003,002,013
S013C003P017R001A005_rgb.avi,017,005,003,001,013
S013C003P017R001A006_rgb.avi,017,006,003,001,013
S013C003P017R001A007_rgb.avi,017,007,003,001,013
S013C003P017R001A008_rgb.avi,017,008,003,001,013
S013C003P017R001A009_rgb.avi,017,009,003,001,013
S013C003P017R001A014_rgb.avi,017,014,003,001,013
S013C003P017R001A015_rgb.avi,017,015,003,001,013
S013C003P017R002A005_rgb.avi,017,005,003,002,013
S013C003P017R002A006_rgb.avi,017,006,003,002,013
S013C003P017R002A007_rgb.avi,017,007,003,002,013
S013C003P017R002A008_rgb.avi,017,008,003,002,013
S013C003P017R002A009_rgb.avi,017,009,003,002,013
S013C003P017R002A014_rgb.avi,017,014,003,002,013
S013C003P017R002A015_rgb.avi,017,015,003,002,013
S013C003P018R001A005_rgb.avi,018,005,003,001,013
S013C003P018R001A006_rgb.avi,018,006,003,001,013
S013C003P018R001A007_rgb.avi,018,007,003,001,013
S013C003P018R001A008_rgb.avi,018,008,003,001,013
S013C003P018R001A009_rgb.avi,018,009,003,001,013
S013C003P018R001A014_rgb.avi,018,014,003,001,013
S013C003P018R001A015_rgb.avi,018,015,003,001,013
S013C003P018R002A005_rgb.avi,018,005,003,002,013
S013C003P018R002A006_rgb.avi,018,006,003,002,013
S013C003P018R002A007_rgb.avi,018,007,003,002,013
S013C003P018R002A008_rgb.avi,018,008,003,002,013
S013C003P018R002A009_rgb.avi,018,009,003,002,013
S013C003P018R002A014_rgb.avi,018,014,003,002,013
S013C003P018R002A015_rgb.avi,018,015,003,002,013
S013C003P019R001A005_rgb.avi,019,005,003,001,013
S013C003P019R001A006_rgb.avi,019,006,003,001,013
S013C003P019R001A007_rgb.avi,019,007,003,001,013
S013C003P019R001A008_rgb.avi,019,008,003,001,013
S013C003P019R001A009_rgb.avi,019,009,003,001,013
S013C003P019R001A014_rgb.avi,019,014,003,001,013
S013C003P019R001A015_rgb.avi,019,015,003,001,013
S013C003P019R002A005_rgb.avi,019,005,003,002,013
S013C003P019R002A006_rgb.avi,019,006,003,002,013
S013C003P019R002A007_rgb.avi,019,007,003,002,013
S013C003P019R002A008_rgb.avi,019,008,003,002,013
S013C003P019R002A009_rgb.avi,019,009,003,002,013
S013C003P019R002A014_rgb.avi,019,014,003,002,013
S013C003P019R002A015_rgb.avi,019,015,003,002,013
S013C003P025R001A005_rgb.avi,025,005,003,001,013
S013C003P025R001A006_rgb.avi,025,006,003,001,013
S013C003P025R001A007_rgb.avi,025,007,003,001,013
S013C003P025R001A008_rgb.avi,025,008,003,001,013
S013C003P025R001A009_rgb.avi,025,009,003,001,013
S013C003P025R001A014_rgb.avi,025,014,003,001,013
S013C003P025R001A015_rgb.avi,025,015,003,001,013
S013C003P025R002A005_rgb.avi,025,005,003,002,013
S013C003P025R002A006_rgb.avi,025,006,003,002,013
S013C003P025R002A007_rgb.avi,025,007,003,002,013
S013C003P025R002A008_rgb.avi,025,008,003,002,013
S013C003P025R002A009_rgb.avi,025,009,003,002,013
S013C003P025R002A014_rgb.avi,025,014,003,002,013
S013C003P025R002A015_rgb.avi,025,015,003,002,013
S013C003P027R001A005_rgb.avi,027,005,003,001,013
S013C003P027R001A006_rgb.avi,027,006,003,001,013
S013C003P027R001A007_rgb.avi,027,007,003,001,013
S013C003P027R001A008_rgb.avi,027,008,003,001,013
S013C003P027R001A009_rgb.avi,027,009,003,001,013
S013C003P027R001A014_rgb.avi,027,014,003,001,013
S013C003P027R001A015_rgb.avi,027,015,003,001,013
S013C003P027R002A005_rgb.avi,027,005,003,002,013
S013C003P027R002A006_rgb.avi,027,006,003,002,013
S013C003P027R002A007_rgb.avi,027,007,003,002,013
S013C003P027R002A008_rgb.avi,027,008,003,002,013
S013C003P027R002A009_rgb.avi,027,009,003,002,013
S013C003P027R002A014_rgb.avi,027,014,003,002,013
S013C003P027R002A015_rgb.avi,027,015,003,002,013
S013C003P028R001A005_rgb.avi,028,005,003,001,013
S013C003P028R001A006_rgb.avi,028,006,003,001,013
S013C003P028R001A007_rgb.avi,028,007,003,001,013
S013C003P028R001A008_rgb.avi,028,008,003,001,013
S013C003P028R001A009_rgb.avi,028,009,003,001,013
S013C003P028R001A014_rgb.avi,028,014,003,001,013
S013C003P028R001A015_rgb.avi,028,015,003,001,013
S013C003P028R002A005_rgb.avi,028,005,003,002,013
S013C003P028R002A006_rgb.avi,028,006,003,002,013
S013C003P028R002A007_rgb.avi,028,007,003,002,013
S013C003P028R002A008_rgb.avi,028,008,003,002,013
S013C003P028R002A009_rgb.avi,028,009,003,002,013
S013C003P028R002A014_rgb.avi,028,014,003,002,013
S013C003P028R002A015_rgb.avi,028,015,003,002,013
S014C001P008R001A005_rgb.avi,008,005,001,001,014
S014C001P008R001A006_rgb.avi,008,006,001,001,014
S014C001P008R001A007_rgb.avi,008,007,001,001,014
S014C001P008R001A008_rgb.avi,008,008,001,001,014
S014C001P008R001A009_rgb.avi,008,009,001,001,014
S014C001P008R001A014_rgb.avi,008,014,001,001,014
S014C001P008R001A015_rgb.avi,008,015,001,001,014
S014C001P008R002A005_rgb.avi,008,005,001,002,014
S014C001P008R002A006_rgb.avi,008,006,001,002,014
S014C001P008R002A007_rgb.avi,008,007,001,002,014
S014C001P008R002A008_rgb.avi,008,008,001,002,014
S014C001P008R002A009_rgb.avi,008,009,001,002,014
S014C001P008R002A014_rgb.avi,008,014,001,002,014
S014C001P008R002A015_rgb.avi,008,015,001,002,014
S014C001P015R001A005_rgb.avi,015,005,001,001,014
S014C001P015R001A006_rgb.avi,015,006,001,001,014
S014C001P015R001A007_rgb.avi,015,007,001,001,014
S014C001P015R001A008_rgb.avi,015,008,001,001,014
S014C001P015R001A009_rgb.avi,015,009,001,001,014
S014C001P015R001A014_rgb.avi,015,014,001,001,014
S014C001P015R001A015_rgb.avi,015,015,001,001,014
S014C001P015R002A005_rgb.avi,015,005,001,002,014
S014C001P015R002A006_rgb.avi,015,006,001,002,014
S014C001P015R002A007_rgb.avi,015,007,001,002,014
S014C001P015R002A008_rgb.avi,015,008,001,002,014
S014C001P015R002A009_rgb.avi,015,009,001,002,014
S014C001P015R002A014_rgb.avi,015,014,001,002,014
S014C001P015R002A015_rgb.avi,015,015,001,002,014
S014C001P017R001A005_rgb.avi,017,005,001,001,014
S014C001P017R001A006_rgb.avi,017,006,001,001,014
S014C001P017R001A007_rgb.avi,017,007,001,001,014
S014C001P017R001A008_rgb.avi,017,008,001,001,014
S014C001P017R001A009_rgb.avi,017,009,001,001,014
S014C001P017R001A014_rgb.avi,017,014,001,001,014
S014C001P017R001A015_rgb.avi,017,015,001,001,014
S014C001P017R002A005_rgb.avi,017,005,001,002,014
S014C001P017R002A006_rgb.avi,017,006,001,002,014
S014C001P017R002A007_rgb.avi,017,007,001,002,014
S014C001P017R002A008_rgb.avi,017,008,001,002,014
S014C001P017R002A009_rgb.avi,017,009,001,002,014
S014C001P017R002A014_rgb.avi,017,014,001,002,014
S014C001P017R002A015_rgb.avi,017,015,001,002,014
S014C001P019R001A005_rgb.avi,019,005,001,001,014
S014C001P019R001A006_rgb.avi,019,006,001,001,014
S014C001P019R001A007_rgb.avi,019,007,001,001,014
S014C001P019R001A008_rgb.avi,019,008,001,001,014
S014C001P019R001A009_rgb.avi,019,009,001,001,014
S014C001P019R001A014_rgb.avi,019,014,001,001,014
S014C001P019R001A015_rgb.avi,019,015,001,001,014
S014C001P019R002A005_rgb.avi,019,005,001,002,014
S014C001P019R002A006_rgb.avi,019,006,001,002,014
S014C001P019R002A007_rgb.avi,019,007,001,002,014
S014C001P019R002A008_rgb.avi,019,008,001,002,014
S014C001P019R002A009_rgb.avi,019,009,001,002,014
S014C001P019R002A014_rgb.avi,019,014,001,002,014
S014C001P019R002A015_rgb.avi,019,015,001,002,014
S014C001P025R001A005_rgb.avi,025,005,001,001,014
S014C001P025R001A006_rgb.avi,025,006,001,001,014
S014C001P025R001A007_rgb.avi,025,007,001,001,014
S014C001P025R001A008_rgb.avi,025,008,001,001,014
S014C001P025R001A009_rgb.avi,025,009,001,001,014
S014C001P025R001A014_rgb.avi,025,014,001,001,014
S014C001P025R001A015_rgb.avi,025,015,001,001,014
S014C001P025R002A005_rgb.avi,025,005,001,002,014
S014C001P025R002A006_rgb.avi,025,006,001,002,014
S014C001P025R002A007_rgb.avi,025,007,001,002,014
S014C001P025R002A008_rgb.avi,025,008,001,002,014
S014C001P025R002A009_rgb.avi,025,009,001,002,014
S014C001P025R002A014_rgb.avi,025,014,001,002,014
S014C001P025R002A015_rgb.avi,025,015,001,002,014
S014C001P027R001A005_rgb.avi,027,005,001,001,014
S014C001P027R001A006_rgb.avi,027,006,001,001,014
S014C001P027R001A007_rgb.avi,027,007,001,001,014
S014C001P027R001A008_rgb.avi,027,008,001,001,014
S014C001P027R001A009_rgb.avi,027,009,001,001,014
S014C001P027R001A014_rgb.avi,027,014,001,001,014
S014C001P027R001A015_rgb.avi,027,015,001,001,014
S014C001P027R002A005_rgb.avi,027,005,001,002,014
S014C001P027R002A006_rgb.avi,027,006,001,002,014
S014C001P027R002A007_rgb.avi,027,007,001,002,014
S014C001P027R002A008_rgb.avi,027,008,001,002,014
S014C001P027R002A009_rgb.avi,027,009,001,002,014
S014C001P027R002A014_rgb.avi,027,014,001,002,014
S014C001P027R002A015_rgb.avi,027,015,001,002,014
S014C002P008R001A005_rgb.avi,008,005,002,001,014
S014C002P008R001A006_rgb.avi,008,006,002,001,014
S014C002P008R001A007_rgb.avi,008,007,002,001,014
S014C002P008R001A008_rgb.avi,008,008,002,001,014
S014C002P008R001A009_rgb.avi,008,009,002,001,014
S014C002P008R001A014_rgb.avi,008,014,002,001,014
S014C002P008R001A015_rgb.avi,008,015,002,001,014
S014C002P008R002A005_rgb.avi,008,005,002,002,014
S014C002P008R002A006_rgb.avi,008,006,002,002,014
S014C002P008R002A007_rgb.avi,008,007,002,002,014
S014C002P008R002A008_rgb.avi,008,008,002,002,014
S014C002P008R002A009_rgb.avi,008,009,002,002,014
S014C002P008R002A014_rgb.avi,008,014,002,002,014
S014C002P008R002A015_rgb.avi,008,015,002,002,014
S014C002P015R001A005_rgb.avi,015,005,002,001,014
S014C002P015R001A006_rgb.avi,015,006,002,001,014
S014C002P015R001A007_rgb.avi,015,007,002,001,014
S014C002P015R001A008_rgb.avi,015,008,002,001,014
S014C002P015R001A009_rgb.avi,015,009,002,001,014
S014C002P015R001A014_rgb.avi,015,014,002,001,014
S014C002P015R001A015_rgb.avi,015,015,002,001,014
S014C002P015R002A005_rgb.avi,015,005,002,002,014
S014C002P015R002A006_rgb.avi,015,006,002,002,014
S014C002P015R002A007_rgb.avi,015,007,002,002,014
S014C002P015R002A008_rgb.avi,015,008,002,002,014
S014C002P015R002A009_rgb.avi,015,009,002,002,014
S014C002P015R002A014_rgb.avi,015,014,002,002,014
S014C002P015R002A015_rgb.avi,015,015,002,002,014
S014C002P017R001A005_rgb.avi,017,005,002,001,014
S014C002P017R001A006_rgb.avi,017,006,002,001,014
S014C002P017R001A007_rgb.avi,017,007,002,001,014
S014C002P017R001A008_rgb.avi,017,008,002,001,014
S014C002P017R001A009_rgb.avi,017,009,002,001,014
S014C002P017R001A014_rgb.avi,017,014,002,001,014
S014C002P017R001A015_rgb.avi,017,015,002,001,014
S014C002P017R002A005_rgb.avi,017,005,002,002,014
S014C002P017R002A006_rgb.avi,017,006,002,002,014
S014C002P017R002A007_rgb.avi,017,007,002,002,014
S014C002P017R002A008_rgb.avi,017,008,002,002,014
S014C002P017R002A009_rgb.avi,017,009,002,002,014
S014C002P017R002A014_rgb.avi,017,014,002,002,014
S014C002P017R002A015_rgb.avi,017,015,002,002,014
S014C002P019R001A005_rgb.avi,019,005,002,001,014
S014C002P019R001A006_rgb.avi,019,006,002,001,014
S014C002P019R001A007_rgb.avi,019,007,002,001,014
S014C002P019R001A008_rgb.avi,019,008,002,001,014
S014C002P019R001A009_rgb.avi,019,009,002,001,014
S014C002P019R001A014_rgb.avi,019,014,002,001,014
S014C002P019R001A015_rgb.avi,019,015,002,001,014
S014C002P019R002A005_rgb.avi,019,005,002,002,014
S014C002P019R002A006_rgb.avi,019,006,002,002,014
S014C002P019R002A007_rgb.avi,019,007,002,002,014
S014C002P019R002A008_rgb.avi,019,008,002,002,014
S014C002P019R002A009_rgb.avi,019,009,002,002,014
S014C002P019R002A014_rgb.avi,019,014,002,002,014
S014C002P019R002A015_rgb.avi,019,015,002,002,014
S014C002P025R001A005_rgb.avi,025,005,002,001,014
S014C002P025R001A006_rgb.avi,025,006,002,001,014
S014C002P025R001A007_rgb.avi,025,007,002,001,014
S014C002P025R001A008_rgb.avi,025,008,002,001,014
S014C002P025R001A009_rgb.avi,025,009,002,001,014
S014C002P025R001A014_rgb.avi,025,014,002,001,014
S014C002P025R001A015_rgb.avi,025,015,002,001,014
S014C002P025R002A005_rgb.avi,025,005,002,002,014
S014C002P025R002A006_rgb.avi,025,006,002,002,014
S014C002P025R002A007_rgb.avi,025,007,002,002,014
S014C002P025R002A008_rgb.avi,025,008,002,002,014
S014C002P025R002A009_rgb.avi,025,009,002,002,014
S014C002P025R002A014_rgb.avi,025,014,002,002,014
S014C002P025R002A015_rgb.avi,025,015,002,002,014
S014C002P027R001A005_rgb.avi,027,005,002,001,014
S014C002P027R001A006_rgb.avi,027,006,002,001,014
S014C002P027R001A007_rgb.avi,027,007,002,001,014
S014C002P027R001A008_rgb.avi,027,008,002,001,014
S014C002P027R001A009_rgb.avi,027,009,002,001,014
S014C002P027R001A014_rgb.avi,027,014,002,001,014
S014C002P027R001A015_rgb.avi,027,015,002,001,014
S014C002P027R002A005_rgb.avi,027,005,002,002,014
S014C002P027R002A006_rgb.avi,027,006,002,002,014
S014C002P027R002A007_rgb.avi,027,007,002,002,014
S014C002P027R002A008_rgb.avi,027,008,002,002,014
S014C002P027R002A009_rgb.avi,027,009,002,002,014
S014C002P027R002A014_rgb.avi,027,014,002,002,014
S014C002P027R002A015_rgb.avi,027,015,002,002,014
S014C003P008R001A005_rgb.avi,008,005,003,001,014
S014C003P008R001A006_rgb.avi,008,006,003,001,014
S014C003P008R001A007_rgb.avi,008,007,003,001,014
S014C003P008R001A008_rgb.avi,008,008,003,001,014
S014C003P008R001A009_rgb.avi,008,009,003,001,014
S014C003P008R001A014_rgb.avi,008,014,003,001,014
S014C003P008R001A015_rgb.avi,008,015,003,001,014
S014C003P008R002A005_rgb.avi,008,005,003,002,014
S014C003P008R002A006_rgb.avi,008,006,003,002,014
S014C003P008R002A007_rgb.avi,008,007,003,002,014
S014C003P008R002A008_rgb.avi,008,008,003,002,014
S014C003P008R002A009_rgb.avi,008,009,003,002,014
S014C003P008R002A014_rgb.avi,008,014,003,002,014
S014C003P008R002A015_rgb.avi,008,015,003,002,014
S014C003P015R001A005_rgb.avi,015,005,003,001,014
S014C003P015R001A006_rgb.avi,015,006,003,001,014
S014C003P015R001A007_rgb.avi,015,007,003,001,014
S014C003P015R001A008_rgb.avi,015,008,003,001,014
S014C003P015R001A009_rgb.avi,015,009,003,001,014
S014C003P015R001A014_rgb.avi,015,014,003,001,014
S014C003P015R001A015_rgb.avi,015,015,003,001,014
S014C003P015R002A005_rgb.avi,015,005,003,002,014
S014C003P015R002A006_rgb.avi,015,006,003,002,014
S014C003P015R002A007_rgb.avi,015,007,003,002,014
S014C003P015R002A008_rgb.avi,015,008,003,002,014
S014C003P015R002A009_rgb.avi,015,009,003,002,014
S014C003P015R002A014_rgb.avi,015,014,003,002,014
S014C003P015R002A015_rgb.avi,015,015,003,002,014
S014C003P017R001A005_rgb.avi,017,005,003,001,014
S014C003P017R001A006_rgb.avi,017,006,003,001,014
S014C003P017R001A007_rgb.avi,017,007,003,001,014
S014C003P017R001A008_rgb.avi,017,008,003,001,014
S014C003P017R001A009_rgb.avi,017,009,003,001,014
S014C003P017R001A014_rgb.avi,017,014,003,001,014
S014C003P017R001A015_rgb.avi,017,015,003,001,014
S014C003P017R002A005_rgb.avi,017,005,003,002,014
S014C003P017R002A006_rgb.avi,017,006,003,002,014
S014C003P017R002A007_rgb.avi,017,007,003,002,014
S014C003P017R002A008_rgb.avi,017,008,003,002,014
S014C003P017R002A009_rgb.avi,017,009,003,002,014
S014C003P017R002A014_rgb.avi,017,014,003,002,014
S014C003P017R002A015_rgb.avi,017,015,003,002,014
S014C003P019R001A005_rgb.avi,019,005,003,001,014
S014C003P019R001A006_rgb.avi,019,006,003,001,014
S014C003P019R001A007_rgb.avi,019,007,003,001,014
S014C003P019R001A008_rgb.avi,019,008,003,001,014
S014C003P019R001A009_rgb.avi,019,009,003,001,014
S014C003P019R001A014_rgb.avi,019,014,003,001,014
S014C003P019R001A015_rgb.avi,019,015,003,001,014
S014C003P019R002A005_rgb.avi,019,005,003,002,014
S014C003P019R002A006_rgb.avi,019,006,003,002,014
S014C003P019R002A007_rgb.avi,019,007,003,002,014
S014C003P019R002A008_rgb.avi,019,008,003,002,014
S014C003P019R002A009_rgb.avi,019,009,003,002,014
S014C003P019R002A014_rgb.avi,019,014,003,002,014
S014C003P019R002A015_rgb.avi,019,015,003,002,014
S014C003P025R001A005_rgb.avi,025,005,003,001,014
S014C003P025R001A006_rgb.avi,025,006,003,001,014
S014C003P025R001A007_rgb.avi,025,007,003,001,014
S014C003P025R001A008_rgb.avi,025,008,003,001,014
S014C003P025R001A009_rgb.avi,025,009,003,001,014
S014C003P025R001A014_rgb.avi,025,014,003,001,014
S014C003P025R001A015_rgb.avi,025,015,003,001,014
S014C003P025R002A005_rgb.avi,025,005,003,002,014
S014C003P025R002A006_rgb.avi,025,006,003,002,014
S014C003P025R002A007_rgb.avi,025,007,003,002,014
S014C003P025R002A008_rgb.avi,025,008,003,002,014
S014C003P025R002A009_rgb.avi,025,009,003,002,014
S014C003P025R002A014_rgb.avi,025,014,003,002,014
S014C003P025R002A015_rgb.avi,025,015,003,002,014
S014C003P027R001A005_rgb.avi,027,005,003,001,014
S014C003P027R001A006_rgb.avi,027,006,003,001,014
S014C003P027R001A007_rgb.avi,027,007,003,001,014
S014C003P027R001A008_rgb.avi,027,008,003,001,014
S014C003P027R001A009_rgb.avi,027,009,003,001,014
S014C003P027R001A014_rgb.avi,027,014,003,001,014
S014C003P027R001A015_rgb.avi,027,015,003,001,014
S014C003P027R002A005_rgb.avi,027,005,003,002,014
S014C003P027R002A006_rgb.avi,027,006,003,002,014
S014C003P027R002A007_rgb.avi,027,007,003,002,014
S014C003P027R002A008_rgb.avi,027,008,003,002,014
S014C003P027R002A009_rgb.avi,027,009,003,002,014
S014C003P027R002A014_rgb.avi,027,014,003,002,014
S014C003P027R002A015_rgb.avi,027,015,003,002,014
S015C001P008R001A005_rgb.avi,008,005,001,001,015
S015C001P008R001A006_rgb.avi,008,006,001,001,015
S015C001P008R001A007_rgb.avi,008,007,001,001,015
S015C001P008R001A008_rgb.avi,008,008,001,001,015
S015C001P008R001A009_rgb.avi,008,009,001,001,015
S015C001P008R001A014_rgb.avi,008,014,001,001,015
S015C001P008R001A015_rgb.avi,008,015,001,001,015
S015C001P008R002A005_rgb.avi,008,005,001,002,015
S015C001P008R002A006_rgb.avi,008,006,001,002,015
S015C001P008R002A007_rgb.avi,008,007,001,002,015
S015C001P008R002A008_rgb.avi,008,008,001,002,015
S015C001P008R002A009_rgb.avi,008,009,001,002,015
S015C001P008R002A014_rgb.avi,008,014,001,002,015
S015C001P008R002A015_rgb.avi,008,015,001,002,015
S015C001P015R001A005_rgb.avi,015,005,001,001,015
S015C001P015R001A006_rgb.avi,015,006,001,001,015
S015C001P015R001A007_rgb.avi,015,007,001,001,015
S015C001P015R001A008_rgb.avi,015,008,001,001,015
S015C001P015R001A009_rgb.avi,015,009,001,001,015
S015C001P015R001A014_rgb.avi,015,014,001,001,015
S015C001P015R001A015_rgb.avi,015,015,001,001,015
S015C001P015R002A005_rgb.avi,015,005,001,002,015
S015C001P015R002A006_rgb.avi,015,006,001,002,015
S015C001P015R002A007_rgb.avi,015,007,001,002,015
S015C001P015R002A008_rgb.avi,015,008,001,002,015
S015C001P015R002A009_rgb.avi,015,009,001,002,015
S015C001P015R002A014_rgb.avi,015,014,001,002,015
S015C001P015R002A015_rgb.avi,015,015,001,002,015
S015C001P016R001A005_rgb.avi,016,005,001,001,015
S015C001P016R001A006_rgb.avi,016,006,001,001,015
S015C001P016R001A007_rgb.avi,016,007,001,001,015
S015C001P016R001A008_rgb.avi,016,008,001,001,015
S015C001P016R001A009_rgb.avi,016,009,001,001,015
S015C001P016R001A014_rgb.avi,016,014,001,001,015
S015C001P016R001A015_rgb.avi,016,015,001,001,015
S015C001P016R002A005_rgb.avi,016,005,001,002,015
S015C001P016R002A006_rgb.avi,016,006,001,002,015
S015C001P016R002A007_rgb.avi,016,007,001,002,015
S015C001P016R002A008_rgb.avi,016,008,001,002,015
S015C001P016R002A009_rgb.avi,016,009,001,002,015
S015C001P016R002A014_rgb.avi,016,014,001,002,015
S015C001P016R002A015_rgb.avi,016,015,001,002,015
S015C001P017R001A005_rgb.avi,017,005,001,001,015
S015C001P017R001A006_rgb.avi,017,006,001,001,015
S015C001P017R001A007_rgb.avi,017,007,001,001,015
S015C001P017R001A008_rgb.avi,017,008,001,001,015
S015C001P017R001A009_rgb.avi,017,009,001,001,015
S015C001P017R001A014_rgb.avi,017,014,001,001,015
S015C001P017R001A015_rgb.avi,017,015,001,001,015
S015C001P017R002A005_rgb.avi,017,005,001,002,015
S015C001P017R002A006_rgb.avi,017,006,001,002,015
S015C001P017R002A007_rgb.avi,017,007,001,002,015
S015C001P017R002A008_rgb.avi,017,008,001,002,015
S015C001P017R002A009_rgb.avi,017,009,001,002,015
S015C001P017R002A014_rgb.avi,017,014,001,002,015
S015C001P017R002A015_rgb.avi,017,015,001,002,015
S015C001P019R001A005_rgb.avi,019,005,001,001,015
S015C001P019R001A006_rgb.avi,019,006,001,001,015
S015C001P019R001A007_rgb.avi,019,007,001,001,015
S015C001P019R001A008_rgb.avi,019,008,001,001,015
S015C001P019R001A009_rgb.avi,019,009,001,001,015
S015C001P019R001A014_rgb.avi,019,014,001,001,015
S015C001P019R001A015_rgb.avi,019,015,001,001,015
S015C001P019R002A005_rgb.avi,019,005,001,002,015
S015C001P019R002A006_rgb.avi,019,006,001,002,015
S015C001P019R002A007_rgb.avi,019,007,001,002,015
S015C001P019R002A008_rgb.avi,019,008,001,002,015
S015C001P019R002A009_rgb.avi,019,009,001,002,015
S015C001P019R002A014_rgb.avi,019,014,001,002,015
S015C001P019R002A015_rgb.avi,019,015,001,002,015
S015C001P025R001A005_rgb.avi,025,005,001,001,015
S015C001P025R001A006_rgb.avi,025,006,001,001,015
S015C001P025R001A007_rgb.avi,025,007,001,001,015
S015C001P025R001A008_rgb.avi,025,008,001,001,015
S015C001P025R001A009_rgb.avi,025,009,001,001,015
S015C001P025R001A014_rgb.avi,025,014,001,001,015
S015C001P025R001A015_rgb.avi,025,015,001,001,015
S015C001P025R002A005_rgb.avi,025,005,001,002,015
S015C001P025R002A006_rgb.avi,025,006,001,002,015
S015C001P025R002A007_rgb.avi,025,007,001,002,015
S015C001P025R002A008_rgb.avi,025,008,001,002,015
S015C001P025R002A009_rgb.avi,025,009,001,002,015
S015C001P025R002A014_rgb.avi,025,014,001,002,015
S015C001P025R002A015_rgb.avi,025,015,001,002,015
S015C002P008R001A005_rgb.avi,008,005,002,001,015
S015C002P008R001A006_rgb.avi,008,006,002,001,015
S015C002P008R001A007_rgb.avi,008,007,002,001,015
S015C002P008R001A008_rgb.avi,008,008,002,001,015
S015C002P008R001A009_rgb.avi,008,009,002,001,015
S015C002P008R001A014_rgb.avi,008,014,002,001,015
S015C002P008R001A015_rgb.avi,008,015,002,001,015
S015C002P008R002A005_rgb.avi,008,005,002,002,015
S015C002P008R002A006_rgb.avi,008,006,002,002,015
S015C002P008R002A007_rgb.avi,008,007,002,002,015
S015C002P008R002A008_rgb.avi,008,008,002,002,015
S015C002P008R002A009_rgb.avi,008,009,002,002,015
S015C002P008R002A014_rgb.avi,008,014,002,002,015
S015C002P008R002A015_rgb.avi,008,015,002,002,015
S015C002P015R001A005_rgb.avi,015,005,002,001,015
S015C002P015R001A006_rgb.avi,015,006,002,001,015
S015C002P015R001A007_rgb.avi,015,007,002,001,015
S015C002P015R001A008_rgb.avi,015,008,002,001,015
S015C002P015R001A009_rgb.avi,015,009,002,001,015
S015C002P015R001A014_rgb.avi,015,014,002,001,015
S015C002P015R001A015_rgb.avi,015,015,002,001,015
S015C002P015R002A005_rgb.avi,015,005,002,002,015
S015C002P015R002A006_rgb.avi,015,006,002,002,015
S015C002P015R002A007_rgb.avi,015,007,002,002,015
S015C002P015R002A008_rgb.avi,015,008,002,002,015
S015C002P015R002A009_rgb.avi,015,009,002,002,015
S015C002P015R002A014_rgb.avi,015,014,002,002,015
S015C002P015R002A015_rgb.avi,015,015,002,002,015
S015C002P016R001A005_rgb.avi,016,005,002,001,015
S015C002P016R001A006_rgb.avi,016,006,002,001,015
S015C002P016R001A007_rgb.avi,016,007,002,001,015
S015C002P016R001A008_rgb.avi,016,008,002,001,015
S015C002P016R001A009_rgb.avi,016,009,002,001,015
S015C002P016R001A014_rgb.avi,016,014,002,001,015
S015C002P016R001A015_rgb.avi,016,015,002,001,015
S015C002P016R002A005_rgb.avi,016,005,002,002,015
S015C002P016R002A006_rgb.avi,016,006,002,002,015
S015C002P016R002A007_rgb.avi,016,007,002,002,015
S015C002P016R002A008_rgb.avi,016,008,002,002,015
S015C002P016R002A009_rgb.avi,016,009,002,002,015
S015C002P016R002A014_rgb.avi,016,014,002,002,015
S015C002P016R002A015_rgb.avi,016,015,002,002,015
S015C002P017R001A005_rgb.avi,017,005,002,001,015
S015C002P017R001A006_rgb.avi,017,006,002,001,015
S015C002P017R001A007_rgb.avi,017,007,002,001,015
S015C002P017R001A008_rgb.avi,017,008,002,001,015
S015C002P017R001A009_rgb.avi,017,009,002,001,015
S015C002P017R001A014_rgb.avi,017,014,002,001,015
S015C002P017R001A015_rgb.avi,017,015,002,001,015
S015C002P017R002A005_rgb.avi,017,005,002,002,015
S015C002P017R002A006_rgb.avi,017,006,002,002,015
S015C002P017R002A007_rgb.avi,017,007,002,002,015
S015C002P017R002A008_rgb.avi,017,008,002,002,015
S015C002P017R002A009_rgb.avi,017,009,002,002,015
S015C002P017R002A014_rgb.avi,017,014,002,002,015
S015C002P017R002A015_rgb.avi,017,015,002,002,015
S015C002P019R001A005_rgb.avi,019,005,002,001,015
S015C002P019R001A006_rgb.avi,019,006,002,001,015
S015C002P019R001A007_rgb.avi,019,007,002,001,015
S015C002P019R001A008_rgb.avi,019,008,002,001,015
S015C002P019R001A009_rgb.avi,019,009,002,001,015
S015C002P019R001A014_rgb.avi,019,014,002,001,015
S015C002P019R001A015_rgb.avi,019,015,002,001,015
S015C002P019R002A005_rgb.avi,019,005,002,002,015
S015C002P019R002A006_rgb.avi,019,006,002,002,015
S015C002P019R002A007_rgb.avi,019,007,002,002,015
S015C002P019R002A008_rgb.avi,019,008,002,002,015
S015C002P019R002A009_rgb.avi,019,009,002,002,015
S015C002P019R002A014_rgb.avi,019,014,002,002,015
S015C002P019R002A015_rgb.avi,019,015,002,002,015
S015C002P025R001A005_rgb.avi,025,005,002,001,015
S015C002P025R001A006_rgb.avi,025,006,002,001,015
S015C002P025R001A007_rgb.avi,025,007,002,001,015
S015C002P025R001A008_rgb.avi,025,008,002,001,015
S015C002P025R001A009_rgb.avi,025,009,002,001,015
S015C002P025R001A014_rgb.avi,025,014,002,001,015
S015C002P025R001A015_rgb.avi,025,015,002,001,015
S015C002P025R002A005_rgb.avi,025,005,002,002,015
S015C002P025R002A006_rgb.avi,025,006,002,002,015
S015C002P025R002A007_rgb.avi,025,007,002,002,015
S015C002P025R002A008_rgb.avi,025,008,002,002,015
S015C002P025R002A009_rgb.avi,025,009,002,002,015
S015C002P025R002A014_rgb.avi,025,014,002,002,015
S015C002P025R002A015_rgb.avi,025,015,002,002,015
S015C003P008R001A005_rgb.avi,008,005,003,001,015
S015C003P008R001A006_rgb.avi,008,006,003,001,015
S015C003P008R001A007_rgb.avi,008,007,003,001,015
S015C003P008R001A008_rgb.avi,008,008,003,001,015
S015C003P008R001A009_rgb.avi,008,009,003,001,015
S015C003P008R001A014_rgb.avi,008,014,003,001,015
S015C003P008R001A015_rgb.avi,008,015,003,001,015
S015C003P008R002A005_rgb.avi,008,005,003,002,015
S015C003P008R002A006_rgb.avi,008,006,003,002,015
S015C003P008R002A007_rgb.avi,008,007,003,002,015
S015C003P008R002A008_rgb.avi,008,008,003,002,015
S015C003P008R002A009_rgb.avi,008,009,003,002,015
S015C003P008R002A014_rgb.avi,008,014,003,002,015
S015C003P008R002A015_rgb.avi,008,015,003,002,015
S015C003P015R001A005_rgb.avi,015,005,003,001,015
S015C003P015R001A006_rgb.avi,015,006,003,001,015
S015C003P015R001A007_rgb.avi,015,007,003,001,015
S015C003P015R001A008_rgb.avi,015,008,003,001,015
S015C003P015R001A009_rgb.avi,015,009,003,001,015
S015C003P015R001A014_rgb.avi,015,014,003,001,015
S015C003P015R001A015_rgb.avi,015,015,003,001,015
S015C003P015R002A005_rgb.avi,015,005,003,002,015
S015C003P015R002A006_rgb.avi,015,006,003,002,015
S015C003P015R002A007_rgb.avi,015,007,003,002,015
S015C003P015R002A008_rgb.avi,015,008,003,002,015
S015C003P015R002A009_rgb.avi,015,009,003,002,015
S015C003P015R002A014_rgb.avi,015,014,003,002,015
S015C003P015R002A015_rgb.avi,015,015,003,002,015
S015C003P016R001A005_rgb.avi,016,005,003,001,015
S015C003P016R001A006_rgb.avi,016,006,003,001,015
S015C003P016R001A007_rgb.avi,016,007,003,001,015
S015C003P016R001A008_rgb.avi,016,008,003,001,015
S015C003P016R001A009_rgb.avi,016,009,003,001,015
S015C003P016R001A014_rgb.avi,016,014,003,001,015
S015C003P016R001A015_rgb.avi,016,015,003,001,015
S015C003P016R002A005_rgb.avi,016,005,003,002,015
S015C003P016R002A006_rgb.avi,016,006,003,002,015
S015C003P016R002A007_rgb.avi,016,007,003,002,015
S015C003P016R002A008_rgb.avi,016,008,003,002,015
S015C003P016R002A009_rgb.avi,016,009,003,002,015
S015C003P016R002A014_rgb.avi,016,014,003,002,015
S015C003P016R002A015_rgb.avi,016,015,003,002,015
S015C003P017R001A005_rgb.avi,017,005,003,001,015
S015C003P017R001A006_rgb.avi,017,006,003,001,015
S015C003P017R001A007_rgb.avi,017,007,003,001,015
S015C003P017R001A008_rgb.avi,017,008,003,001,015
S015C003P017R001A009_rgb.avi,017,009,003,001,015
S015C003P017R001A014_rgb.avi,017,014,003,001,015
S015C003P017R001A015_rgb.avi,017,015,003,001,015
S015C003P017R002A005_rgb.avi,017,005,003,002,015
S015C003P017R002A006_rgb.avi,017,006,003,002,015
S015C003P017R002A007_rgb.avi,017,007,003,002,015
S015C003P017R002A008_rgb.avi,017,008,003,002,015
S015C003P017R002A009_rgb.avi,017,009,003,002,015
S015C003P017R002A014_rgb.avi,017,014,003,002,015
S015C003P017R002A015_rgb.avi,017,015,003,002,015
S015C003P019R001A005_rgb.avi,019,005,003,001,015
S015C003P019R001A006_rgb.avi,019,006,003,001,015
S015C003P019R001A007_rgb.avi,019,007,003,001,015
S015C003P019R001A008_rgb.avi,019,008,003,001,015
S015C003P019R001A009_rgb.avi,019,009,003,001,015
S015C003P019R001A014_rgb.avi,019,014,003,001,015
S015C003P019R001A015_rgb.avi,019,015,003,001,015
S015C003P019R002A005_rgb.avi,019,005,003,002,015
S015C003P019R002A006_rgb.avi,019,006,003,002,015
S015C003P019R002A007_rgb.avi,019,007,003,002,015
S015C003P019R002A008_rgb.avi,019,008,003,002,015
S015C003P019R002A009_rgb.avi,019,009,003,002,015
S015C003P019R002A014_rgb.avi,019,014,003,002,015
S015C003P019R002A015_rgb.avi,019,015,003,002,015
S015C003P025R001A005_rgb.avi,025,005,003,001,015
S015C003P025R001A006_rgb.avi,025,006,003,001,015
S015C003P025R001A007_rgb.avi,025,007,003,001,015
S015C003P025R001A008_rgb.avi,025,008,003,001,015
S015C003P025R001A009_rgb.avi,025,009,003,001,015
S015C003P025R001A014_rgb.avi,025,014,003,001,015
S015C003P025R001A015_rgb.avi,025,015,003,001,015
S015C003P025R002A005_rgb.avi,025,005,003,002,015
S015C003P025R002A006_rgb.avi,025,006,003,002,015
S015C003P025R002A007_rgb.avi,025,007,003,002,015
S015C003P025R002A008_rgb.avi,025,008,003,002,015
S015C003P025R002A009_rgb.avi,025,009,003,002,015
S015C003P025R002A014_rgb.avi,025,014,003,002,015
S015C003P025R002A015_rgb.avi,025,015,003,002,015
S016C001P008R001A005_rgb.avi,008,005,001,001,016
S016C001P008R001A006_rgb.avi,008,006,001,001,016
S016C001P008R001A007_rgb.avi,008,007,001,001,016
S016C001P008R001A008_rgb.avi,008,008,001,001,016
S016C001P008R001A009_rgb.avi,008,009,001,001,016
S016C001P008R001A014_rgb.avi,008,014,001,001,016
S016C001P008R001A015_rgb.avi,008,015,001,001,016
S016C001P008R002A005_rgb.avi,008,005,001,002,016
S016C001P008R002A006_rgb.avi,008,006,001,002,016
S016C001P008R002A007_rgb.avi,008,007,001,002,016
S016C001P008R002A008_rgb.avi,008,008,001,002,016
S016C001P008R002A009_rgb.avi,008,009,001,002,016
S016C001P008R002A014_rgb.avi,008,014,001,002,016
S016C001P008R002A015_rgb.avi,008,015,001,002,016
S016C001P019R001A005_rgb.avi,019,005,001,001,016
S016C001P019R001A006_rgb.avi,019,006,001,001,016
S016C001P019R001A007_rgb.avi,019,007,001,001,016
S016C001P019R001A008_rgb.avi,019,008,001,001,016
S016C001P019R001A009_rgb.avi,019,009,001,001,016
S016C001P019R001A014_rgb.avi,019,014,001,001,016
S016C001P019R001A015_rgb.avi,019,015,001,001,016
S016C001P019R002A005_rgb.avi,019,005,001,002,016
S016C001P019R002A006_rgb.avi,019,006,001,002,016
S016C001P019R002A007_rgb.avi,019,007,001,002,016
S016C001P019R002A008_rgb.avi,019,008,001,002,016
S016C001P019R002A009_rgb.avi,019,009,001,002,016
S016C001P019R002A014_rgb.avi,019,014,001,002,016
S016C001P019R002A015_rgb.avi,019,015,001,002,016
S016C001P025R001A005_rgb.avi,025,005,001,001,016
S016C001P025R001A006_rgb.avi,025,006,001,001,016
S016C001P025R001A007_rgb.avi,025,007,001,001,016
S016C001P025R001A008_rgb.avi,025,008,001,001,016
S016C001P025R001A009_rgb.avi,025,009,001,001,016
S016C001P025R001A014_rgb.avi,025,014,001,001,016
S016C001P025R001A015_rgb.avi,025,015,001,001,016
S016C001P025R002A005_rgb.avi,025,005,001,002,016
S016C001P025R002A006_rgb.avi,025,006,001,002,016
S016C001P025R002A007_rgb.avi,025,007,001,002,016
S016C001P025R002A008_rgb.avi,025,008,001,002,016
S016C001P025R002A009_rgb.avi,025,009,001,002,016
S016C001P025R002A014_rgb.avi,025,014,001,002,016
S016C001P025R002A015_rgb.avi,025,015,001,002,016
S016C002P008R001A005_rgb.avi,008,005,002,001,016
S016C002P008R001A006_rgb.avi,008,006,002,001,016
S016C002P008R001A007_rgb.avi,008,007,002,001,016
S016C002P008R001A008_rgb.avi,008,008,002,001,016
S016C002P008R001A009_rgb.avi,008,009,002,001,016
S016C002P008R001A014_rgb.avi,008,014,002,001,016
S016C002P008R001A015_rgb.avi,008,015,002,001,016
S016C002P008R002A005_rgb.avi,008,005,002,002,016
S016C002P008R002A006_rgb.avi,008,006,002,002,016
S016C002P008R002A007_rgb.avi,008,007,002,002,016
S016C002P008R002A008_rgb.avi,008,008,002,002,016
S016C002P008R002A009_rgb.avi,008,009,002,002,016
S016C002P008R002A014_rgb.avi,008,014,002,002,016
S016C002P008R002A015_rgb.avi,008,015,002,002,016
S016C002P019R001A005_rgb.avi,019,005,002,001,016
S016C002P019R001A006_rgb.avi,019,006,002,001,016
S016C002P019R001A007_rgb.avi,019,007,002,001,016
S016C002P019R001A008_rgb.avi,019,008,002,001,016
S016C002P019R001A009_rgb.avi,019,009,002,001,016
S016C002P019R001A014_rgb.avi,019,014,002,001,016
S016C002P019R001A015_rgb.avi,019,015,002,001,016
S016C002P019R002A005_rgb.avi,019,005,002,002,016
S016C002P019R002A006_rgb.avi,019,006,002,002,016
S016C002P019R002A007_rgb.avi,019,007,002,002,016
S016C002P019R002A008_rgb.avi,019,008,002,002,016
S016C002P019R002A009_rgb.avi,019,009,002,002,016
S016C002P019R002A014_rgb.avi,019,014,002,002,016
S016C002P019R002A015_rgb.avi,019,015,002,002,016
S016C002P025R001A005_rgb.avi,025,005,002,001,016
S016C002P025R001A006_rgb.avi,025,006,002,001,016
S016C002P025R001A007_rgb.avi,025,007,002,001,016
S016C002P025R001A008_rgb.avi,025,008,002,001,016
S016C002P025R001A009_rgb.avi,025,009,002,001,016
S016C002P025R001A014_rgb.avi,025,014,002,001,016
S016C002P025R001A015_rgb.avi,025,015,002,001,016
S016C002P025R002A005_rgb.avi,025,005,002,002,016
S016C002P025R002A006_rgb.avi,025,006,002,002,016
S016C002P025R002A007_rgb.avi,025,007,002,002,016
S016C002P025R002A008_rgb.avi,025,008,002,002,016
S016C002P025R002A009_rgb.avi,025,009,002,002,016
S016C002P025R002A014_rgb.avi,025,014,002,002,016
S016C002P025R002A015_rgb.avi,025,015,002,002,016
S016C003P008R001A005_rgb.avi,008,005,003,001,016
S016C003P008R001A006_rgb.avi,008,006,003,001,016
S016C003P008R001A007_rgb.avi,008,007,003,001,016
S016C003P008R001A008_rgb.avi,008,008,003,001,016
S016C003P008R001A009_rgb.avi,008,009,003,001,016
S016C003P008R001A014_rgb.avi,008,014,003,001,016
S016C003P008R001A015_rgb.avi,008,015,003,001,016
S016C003P008R002A005_rgb.avi,008,005,003,002,016
S016C003P008R002A006_rgb.avi,008,006,003,002,016
S016C003P008R002A007_rgb.avi,008,007,003,002,016
S016C003P008R002A008_rgb.avi,008,008,003,002,016
S016C003P008R002A009_rgb.avi,008,009,003,002,016
S016C003P008R002A014_rgb.avi,008,014,003,002,016
S016C003P008R002A015_rgb.avi,008,015,003,002,016
S016C003P019R001A005_rgb.avi,019,005,003,001,016
S016C003P019R001A006_rgb.avi,019,006,003,001,016
S016C003P019R001A007_rgb.avi,019,007,003,001,016
S016C003P019R001A008_rgb.avi,019,008,003,001,016
S016C003P019R001A009_rgb.avi,019,009,003,001,016
S016C003P019R001A014_rgb.avi,019,014,003,001,016
S016C003P019R001A015_rgb.avi,019,015,003,001,016
S016C003P019R002A005_rgb.avi,019,005,003,002,016
S016C003P019R002A006_rgb.avi,019,006,003,002,016
S016C003P019R002A007_rgb.avi,019,007,003,002,016
S016C003P019R002A008_rgb.avi,019,008,003,002,016
S016C003P019R002A009_rgb.avi,019,009,003,002,016
S016C003P019R002A014_rgb.avi,019,014,003,002,016
S016C003P019R002A015_rgb.avi,019,015,003,002,016
S016C003P025R001A005_rgb.avi,025,005,003,001,016
S016C003P025R001A006_rgb.avi,025,006,003,001,016
S016C003P025R001A007_rgb.avi,025,007,003,001,016
S016C003P025R001A008_rgb.avi,025,008,003,001,016
S016C003P025R001A009_rgb.avi,025,009,003,001,016
S016C003P025R001A014_rgb.avi,025,014,003,001,016
S016C003P025R001A015_rgb.avi,025,015,003,001,016
S016C003P025R002A005_rgb.avi,025,005,003,002,016
S016C003P025R002A006_rgb.avi,025,006,003,002,016
S016C003P025R002A007_rgb.avi,025,007,003,002,016
S016C003P025R002A008_rgb.avi,025,008,003,002,016
S016C003P025R002A009_rgb.avi,025,009,003,002,016
S016C003P025R002A014_rgb.avi,025,014,003,002,016
S016C003P025R002A015_rgb.avi,025,015,003,002,016
S017C001P008R001A005_rgb.avi,008,005,001,001,017
S017C001P008R001A006_rgb.avi,008,006,001,001,017
S017C001P008R001A007_rgb.avi,008,007,001,001,017
S017C001P008R001A008_rgb.avi,008,008,001,001,017
S017C001P008R001A009_rgb.avi,008,009,001,001,017
S017C001P008R001A014_rgb.avi,008,014,001,001,017
S017C001P008R001A015_rgb.avi,008,015,001,001,017
S017C001P008R002A005_rgb.avi,008,005,001,002,017
S017C001P008R002A006_rgb.avi,008,006,001,002,017
S017C001P008R002A007_rgb.avi,008,007,001,002,017
S017C001P008R002A008_rgb.avi,008,008,001,002,017
S017C001P008R002A009_rgb.avi,008,009,001,002,017
S017C001P008R002A014_rgb.avi,008,014,001,002,017
S017C001P008R002A015_rgb.avi,008,015,001,002,017
S017C001P009R001A005_rgb.avi,009,005,001,001,017
S017C001P009R001A006_rgb.avi,009,006,001,001,017
S017C001P009R001A007_rgb.avi,009,007,001,001,017
S017C001P009R001A008_rgb.avi,009,008,001,001,017
S017C001P009R001A009_rgb.avi,009,009,001,001,017
S017C001P009R001A014_rgb.avi,009,014,001,001,017
S017C001P009R001A015_rgb.avi,009,015,001,001,017
S017C001P009R002A005_rgb.avi,009,005,001,002,017
S017C001P009R002A006_rgb.avi,009,006,001,002,017
S017C001P009R002A007_rgb.avi,009,007,001,002,017
S017C001P009R002A008_rgb.avi,009,008,001,002,017
S017C001P009R002A009_rgb.avi,009,009,001,002,017
S017C001P009R002A014_rgb.avi,009,014,001,002,017
S017C001P009R002A015_rgb.avi,009,015,001,002,017
S017C001P015R001A005_rgb.avi,015,005,001,001,017
S017C001P015R001A006_rgb.avi,015,006,001,001,017
S017C001P015R001A007_rgb.avi,015,007,001,001,017
S017C001P015R001A008_rgb.avi,015,008,001,001,017
S017C001P015R001A009_rgb.avi,015,009,001,001,017
S017C001P015R001A014_rgb.avi,015,014,001,001,017
S017C001P015R001A015_rgb.avi,015,015,001,001,017
S017C001P015R002A005_rgb.avi,015,005,001,002,017
S017C001P015R002A006_rgb.avi,015,006,001,002,017
S017C001P015R002A007_rgb.avi,015,007,001,002,017
S017C001P015R002A008_rgb.avi,015,008,001,002,017
S017C001P015R002A009_rgb.avi,015,009,001,002,017
S017C001P015R002A014_rgb.avi,015,014,001,002,017
S017C001P015R002A015_rgb.avi,015,015,001,002,017
S017C001P016R001A005_rgb.avi,016,005,001,001,017
S017C001P016R001A006_rgb.avi,016,006,001,001,017
S017C001P016R001A007_rgb.avi,016,007,001,001,017
S017C001P016R001A008_rgb.avi,016,008,001,001,017
S017C001P016R001A009_rgb.avi,016,009,001,001,017
S017C001P016R001A014_rgb.avi,016,014,001,001,017
S017C001P016R001A015_rgb.avi,016,015,001,001,017
S017C001P016R002A005_rgb.avi,016,005,001,002,017
S017C001P016R002A006_rgb.avi,016,006,001,002,017
S017C001P016R002A007_rgb.avi,016,007,001,002,017
S017C001P016R002A008_rgb.avi,016,008,001,002,017
S017C001P016R002A009_rgb.avi,016,009,001,002,017
S017C001P016R002A014_rgb.avi,016,014,001,002,017
S017C001P016R002A015_rgb.avi,016,015,001,002,017
S017C001P017R001A005_rgb.avi,017,005,001,001,017
S017C001P017R001A006_rgb.avi,017,006,001,001,017
S017C001P017R001A007_rgb.avi,017,007,001,001,017
S017C001P017R001A008_rgb.avi,017,008,001,001,017
S017C001P017R001A009_rgb.avi,017,009,001,001,017
S017C001P017R001A014_rgb.avi,017,014,001,001,017
S017C001P017R001A015_rgb.avi,017,015,001,001,017
S017C001P017R002A005_rgb.avi,017,005,001,002,017
S017C001P017R002A006_rgb.avi,017,006,001,002,017
S017C001P017R002A007_rgb.avi,017,007,001,002,017
S017C001P017R002A008_rgb.avi,017,008,001,002,017
S017C001P017R002A009_rgb.avi,017,009,001,002,017
S017C001P017R002A014_rgb.avi,017,014,001,002,017
S017C001P017R002A015_rgb.avi,017,015,001,002,017
S017C002P008R001A005_rgb.avi,008,005,002,001,017
S017C002P008R001A006_rgb.avi,008,006,002,001,017
S017C002P008R001A007_rgb.avi,008,007,002,001,017
S017C002P008R001A008_rgb.avi,008,008,002,001,017
S017C002P008R001A009_rgb.avi,008,009,002,001,017
S017C002P008R001A014_rgb.avi,008,014,002,001,017
S017C002P008R001A015_rgb.avi,008,015,002,001,017
S017C002P008R002A005_rgb.avi,008,005,002,002,017
S017C002P008R002A006_rgb.avi,008,006,002,002,017
S017C002P008R002A007_rgb.avi,008,007,002,002,017
S017C002P008R002A008_rgb.avi,008,008,002,002,017
S017C002P008R002A009_rgb.avi,008,009,002,002,017
S017C002P008R002A014_rgb.avi,008,014,002,002,017
S017C002P008R002A015_rgb.avi,008,015,002,002,017
S017C002P009R001A005_rgb.avi,009,005,002,001,017
S017C002P009R001A006_rgb.avi,009,006,002,001,017
S017C002P009R001A007_rgb.avi,009,007,002,001,017
S017C002P009R001A008_rgb.avi,009,008,002,001,017
S017C002P009R001A009_rgb.avi,009,009,002,001,017
S017C002P009R001A014_rgb.avi,009,014,002,001,017
S017C002P009R001A015_rgb.avi,009,015,002,001,017
S017C002P009R002A005_rgb.avi,009,005,002,002,017
S017C002P009R002A006_rgb.avi,009,006,002,002,017
S017C002P009R002A007_rgb.avi,009,007,002,002,017
S017C002P009R002A008_rgb.avi,009,008,002,002,017
S017C002P009R002A009_rgb.avi,009,009,002,002,017
S017C002P009R002A014_rgb.avi,009,014,002,002,017
S017C002P009R002A015_rgb.avi,009,015,002,002,017
S017C002P015R001A005_rgb.avi,015,005,002,001,017
S017C002P015R001A006_rgb.avi,015,006,002,001,017
S017C002P015R001A007_rgb.avi,015,007,002,001,017
S017C002P015R001A008_rgb.avi,015,008,002,001,017
S017C002P015R001A009_rgb.avi,015,009,002,001,017
S017C002P015R001A014_rgb.avi,015,014,002,001,017
S017C002P015R001A015_rgb.avi,015,015,002,001,017
S017C002P015R002A005_rgb.avi,015,005,002,002,017
S017C002P015R002A006_rgb.avi,015,006,002,002,017
S017C002P015R002A007_rgb.avi,015,007,002,002,017
S017C002P015R002A008_rgb.avi,015,008,002,002,017
S017C002P015R002A009_rgb.avi,015,009,002,002,017
S017C002P015R002A014_rgb.avi,015,014,002,002,017
S017C002P015R002A015_rgb.avi,015,015,002,002,017
S017C002P016R001A005_rgb.avi,016,005,002,001,017
S017C002P016R001A006_rgb.avi,016,006,002,001,017
S017C002P016R001A007_rgb.avi,016,007,002,001,017
S017C002P016R001A008_rgb.avi,016,008,002,001,017
S017C002P016R001A009_rgb.avi,016,009,002,001,017
S017C002P016R001A014_rgb.avi,016,014,002,001,017
S017C002P016R001A015_rgb.avi,016,015,002,001,017
S017C002P016R002A005_rgb.avi,016,005,002,002,017
S017C002P016R002A006_rgb.avi,016,006,002,002,017
S017C002P016R002A007_rgb.avi,016,007,002,002,017
S017C002P016R002A008_rgb.avi,016,008,002,002,017
S017C002P016R002A009_rgb.avi,016,009,002,002,017
S017C002P016R002A014_rgb.avi,016,014,002,002,017
S017C002P016R002A015_rgb.avi,016,015,002,002,017
S017C002P017R001A005_rgb.avi,017,005,002,001,017
S017C002P017R001A006_rgb.avi,017,006,002,001,017
S017C002P017R001A007_rgb.avi,017,007,002,001,017
S017C002P017R001A008_rgb.avi,017,008,002,001,017
S017C002P017R001A009_rgb.avi,017,009,002,001,017
S017C002P017R001A014_rgb.avi,017,014,002,001,017
S017C002P017R001A015_rgb.avi,017,015,002,001,017
S017C002P017R002A005_rgb.avi,017,005,002,002,017
S017C002P017R002A006_rgb.avi,017,006,002,002,017
S017C002P017R002A007_rgb.avi,017,007,002,002,017
S017C002P017R002A008_rgb.avi,017,008,002,002,017
S017C002P017R002A009_rgb.avi,017,009,002,002,017
S017C002P017R002A014_rgb.avi,017,014,002,002,017
S017C002P017R002A015_rgb.avi,017,015,002,002,017
S017C003P008R001A005_rgb.avi,008,005,003,001,017
S017C003P008R001A006_rgb.avi,008,006,003,001,017
S017C003P008R001A007_rgb.avi,008,007,003,001,017
S017C003P008R001A008_rgb.avi,008,008,003,001,017
S017C003P008R001A009_rgb.avi,008,009,003,001,017
S017C003P008R001A014_rgb.avi,008,014,003,001,017
S017C003P008R001A015_rgb.avi,008,015,003,001,017
S017C003P008R002A005_rgb.avi,008,005,003,002,017
S017C003P008R002A006_rgb.avi,008,006,003,002,017
S017C003P008R002A007_rgb.avi,008,007,003,002,017
S017C003P008R002A008_rgb.avi,008,008,003,002,017
S017C003P008R002A009_rgb.avi,008,009,003,002,017
S017C003P008R002A014_rgb.avi,008,014,003,002,017
S017C003P008R002A015_rgb.avi,008,015,003,002,017
S017C003P009R001A005_rgb.avi,009,005,003,001,017
S017C003P009R001A006_rgb.avi,009,006,003,001,017
S017C003P009R001A007_rgb.avi,009,007,003,001,017
S017C003P009R001A008_rgb.avi,009,008,003,001,017
S017C003P009R001A009_rgb.avi,009,009,003,001,017
S017C003P009R001A014_rgb.avi,009,014,003,001,017
S017C003P009R001A015_rgb.avi,009,015,003,001,017
S017C003P009R002A005_rgb.avi,009,005,003,002,017
S017C003P009R002A006_rgb.avi,009,006,003,002,017
S017C003P009R002A007_rgb.avi,009,007,003,002,017
S017C003P009R002A008_rgb.avi,009,008,003,002,017
S017C003P009R002A009_rgb.avi,009,009,003,002,017
S017C003P009R002A014_rgb.avi,009,014,003,002,017
S017C003P009R002A015_rgb.avi,009,015,003,002,017
S017C003P015R001A005_rgb.avi,015,005,003,001,017
S017C003P015R001A006_rgb.avi,015,006,003,001,017
S017C003P015R001A007_rgb.avi,015,007,003,001,017
S017C003P015R001A008_rgb.avi,015,008,003,001,017
S017C003P015R001A009_rgb.avi,015,009,003,001,017
S017C003P015R001A014_rgb.avi,015,014,003,001,017
S017C003P015R001A015_rgb.avi,015,015,003,001,017
S017C003P015R002A005_rgb.avi,015,005,003,002,017
S017C003P015R002A006_rgb.avi,015,006,003,002,017
S017C003P015R002A007_rgb.avi,015,007,003,002,017
S017C003P015R002A008_rgb.avi,015,008,003,002,017
S017C003P015R002A009_rgb.avi,015,009,003,002,017
S017C003P015R002A014_rgb.avi,015,014,003,002,017
S017C003P015R002A015_rgb.avi,015,015,003,002,017
S017C003P016R001A005_rgb.avi,016,005,003,001,017
S017C003P016R001A006_rgb.avi,016,006,003,001,017
S017C003P016R001A007_rgb.avi,016,007,003,001,017
S017C003P016R001A008_rgb.avi,016,008,003,001,017
S017C003P016R001A009_rgb.avi,016,009,003,001,017
S017C003P016R001A014_rgb.avi,016,014,003,001,017
S017C003P016R001A015_rgb.avi,016,015,003,001,017
S017C003P016R002A005_rgb.avi,016,005,003,002,017
S017C003P016R002A006_rgb.avi,016,006,003,002,017
S017C003P016R002A007_rgb.avi,016,007,003,002,017
S017C003P016R002A008_rgb.avi,016,008,003,002,017
S017C003P016R002A009_rgb.avi,016,009,003,002,017
S017C003P016R002A014_rgb.avi,016,014,003,002,017
S017C003P016R002A015_rgb.avi,016,015,003,002,017
S017C003P017R001A005_rgb.avi,017,005,003,001,017
S017C003P017R001A006_rgb.avi,017,006,003,001,017
S017C003P017R001A007_rgb.avi,017,007,003,001,017
S017C003P017R001A008_rgb.avi,017,008,003,001,017
S017C003P017R001A009_rgb.avi,017,009,003,001,017
S017C003P017R001A014_rgb.avi,017,014,003,001,017
S017C003P017R001A015_rgb.avi,017,015,003,001,017
S017C003P017R002A005_rgb.avi,017,005,003,002,017
S017C003P017R002A006_rgb.avi,017,006,003,002,017
S017C003P017R002A007_rgb.avi,017,007,003,002,017
S017C003P017R002A008_rgb.avi,017,008,003,002,017
S017C003P017R002A009_rgb.avi,017,009,003,002,017
S017C003P017R002A014_rgb.avi,017,014,003,002,017
S017C003P017R002A015_rgb.avi,017,015,003,002,017
